window_entry,8
hh_hl_counts,2
window_exit,2
lh_counts,2
timestamp,
2017-11-10,0.0
2017-11-11,0.0
2017-11-12,0.0
2017-11-13,0.0
2017-11-14,0.0
2017-11-15,0.0
2017-11-16,0.0
2017-11-17,0.0
2017-11-18,0.0
2017-11-19,0.0
2017-11-20,0.0
2017-11-21,0.0
2017-11-22,0.0
2017-11-23,0.0
2017-11-24,0.0
2017-11-25,0.0
2017-11-26,0.0
2017-11-27,0.0
2017-11-28,0.0
2017-11-29,0.0
2017-11-30,0.0
2017-12-01,0.0
2017-12-02,0.0
2017-12-03,0.0
2017-12-04,0.0
2017-12-05,0.0
2017-12-06,0.0
2017-12-07,0.0
2017-12-08,0.0
2017-12-09,0.0
2017-12-10,0.0
2017-12-11,0.0
2017-12-12,0.0
2017-12-13,0.0
2017-12-14,0.0
2017-12-15,0.0
2017-12-16,0.0
2017-12-17,0.0
2017-12-18,0.0
2017-12-19,-0.0010988911098898768
2017-12-20,-0.1208799709252726
2017-12-21,-0.0010988911098899863
2017-12-22,0.1481481306818577
2017-12-23,0.2580644896297066
2017-12-24,0.0
2017-12-25,-0.07692301234356923
2017-12-26,-0.11111114479609893
2017-12-27,0.0
2017-12-28,0.0937500319744233
2017-12-29,-0.0571428749615284
2017-12-30,0.36363637365834367
2017-12-31,-0.06666668822505925
2018-01-01,0.28571429808836335
2018-01-02,-0.166666655438337
2018-01-03,0.0
2018-01-04,0.3999999676624112
2018-01-05,-0.17460317735296968
2018-01-06,0.17307691365907837
2018-01-07,0.26229505654731233
2018-01-08,0.1818182505403344
2018-01-09,-0.07692310152479284
2018-01-10,-0.059523830147272264
2018-01-11,-0.05063283794498587
2018-01-12,0.0
2018-01-13,0.026666577414924134
2018-01-14,-0.05194797708999284
2018-01-15,-0.12425200394722692
2018-01-16,0.0
2018-01-17,0.0
2018-01-18,0.0
2018-01-19,0.0
2018-01-20,0.0
2018-01-21,0.0
2018-01-22,0.0
2018-01-23,0.0
2018-01-24,0.0
2018-01-25,0.0
2018-01-26,0.0
2018-01-27,0.0
2018-01-28,0.0
2018-01-29,0.0
2018-01-30,0.0
2018-01-31,0.0
2018-02-01,0.0
2018-02-02,0.0
2018-02-03,0.0
2018-02-04,0.0
2018-02-05,0.0
2018-02-06,0.0
2018-02-07,0.0
2018-02-08,0.0
2018-02-09,0.0
2018-02-10,0.0
2018-02-11,0.0
2018-02-12,0.0
2018-02-13,0.0
2018-02-14,0.0
2018-02-15,0.0
2018-02-16,0.0
2018-02-17,0.0
2018-02-18,0.0
2018-02-19,-0.0010988911098900379
2018-02-20,-0.11682612359763829
2018-02-21,0.0
2018-02-22,0.0
2018-02-23,0.0
2018-02-24,0.0
2018-02-25,0.0
2018-02-26,0.0
2018-02-27,0.0
2018-02-28,0.0
2018-03-01,0.0
2018-03-02,0.0
2018-03-03,0.0
2018-03-04,0.0
2018-03-05,0.0
2018-03-06,0.0
2018-03-07,0.0
2018-03-08,0.0
2018-03-09,0.0
2018-03-10,0.0
2018-03-11,0.0
2018-03-12,0.0
2018-03-13,0.0
2018-03-14,-0.0010988911098899622
2018-03-15,-0.0750925249243991
2018-03-16,0.0
2018-03-17,0.0
2018-03-18,0.0
2018-03-19,0.0
2018-03-20,0.0
2018-03-21,0.0
2018-03-22,0.0
2018-03-23,0.0
2018-03-24,0.0
2018-03-25,0.0
2018-03-26,0.0
2018-03-27,0.0
2018-03-28,0.0
2018-03-29,0.0
2018-03-30,0.0
2018-03-31,0.0
2018-04-01,0.0
2018-04-02,0.0
2018-04-03,0.0
2018-04-04,0.0
2018-04-05,0.0
2018-04-06,0.0
2018-04-07,0.0
2018-04-08,0.0
2018-04-09,-0.02235211277297678
2018-04-10,0.13043474478472014
2018-04-11,0.0
2018-04-12,-0.057692327873403275
2018-04-13,-0.020408096596804332
2018-04-14,0.02083326385804605
2018-04-15,0.0408163416825445
2018-04-16,0.0
2018-04-17,0.03921570026135656
2018-04-18,0.03773586200775662
2018-04-19,0.05454547258501879
2018-04-20,-0.06896553887026591
2018-04-21,0.018518524756479443
2018-04-22,0.03636364839001252
2018-04-23,-0.035087730495471675
2018-04-24,0.0
2018-04-25,-0.11007085603944493
2018-04-26,0.0
2018-04-27,0.0
2018-04-28,0.0
2018-04-29,0.0
2018-04-30,0.0
2018-05-01,0.0
2018-05-02,-0.0010988911098900136
2018-05-03,-0.04918028582824725
2018-05-04,0.03448270671136189
2018-05-05,-0.03333328482694795
2018-05-06,-0.03448276943513291
2018-05-07,0.08928567832355173
2018-05-08,-0.016393448489081763
2018-05-09,-0.03333328482694795
2018-05-10,-0.001099900000000024
2018-05-11,0.0
2018-05-12,0.0
2018-05-13,0.0
2018-05-14,0.0
2018-05-15,0.0
2018-05-16,0.0
2018-05-17,0.0
2018-05-18,0.0
2018-05-19,0.0
2018-05-20,0.0
2018-05-21,0.0
2018-05-22,0.0
2018-05-23,0.0
2018-05-24,0.0
2018-05-25,0.0
2018-05-26,0.0
2018-05-27,0.0
2018-05-28,0.0
2018-05-29,0.0
2018-05-30,0.0
2018-05-31,0.0
2018-06-01,0.0
2018-06-02,0.0
2018-06-04,0.0
2018-06-05,0.0
2018-06-06,0.0
2018-06-07,0.0
2018-06-08,0.0
2018-06-09,0.0
2018-06-10,0.0
2018-06-11,0.0
2018-06-12,0.0
2018-06-13,0.0
2018-06-14,0.0
2018-06-15,0.0
2018-06-16,0.0
2018-06-17,0.0
2018-06-18,0.0
2018-06-19,0.0
2018-06-20,0.0
2018-06-21,0.0
2018-06-22,0.0
2018-06-23,0.0
2018-06-24,0.0
2018-06-25,0.0
2018-06-26,0.0
2018-06-27,0.0
2018-06-28,0.0
2018-06-29,0.0
2018-06-30,0.0
2018-07-01,0.0
2018-07-02,0.0
2018-07-03,-0.0010988911098898523
2018-07-04,-0.027777786199024705
2018-07-05,-0.057142874961528346
2018-07-06,0.030303040325010393
2018-07-07,0.05882354829400729
2018-07-08,0.0
2018-07-09,-0.027777786199024705
2018-07-10,-0.058179923513358225
2018-07-11,0.0
2018-07-12,0.0
2018-07-13,0.0
2018-07-14,0.0
2018-07-15,0.0
2018-07-16,0.0
2018-07-17,0.0
2018-07-18,0.0
2018-07-19,0.0
2018-07-20,0.0
2018-07-21,0.0
2018-07-22,0.0
2018-07-23,0.0
2018-07-24,0.0
2018-07-25,0.0
2018-07-26,0.0
2018-07-27,0.0
2018-07-28,0.0
2018-07-29,-0.001098891109890172
2018-07-30,-0.025000009094947095
2018-07-31,-0.02564103520836014
2018-08-01,0.0
2018-08-02,0.07894739865356473
2018-08-03,-0.07317075767742193
2018-08-04,-0.02631570381489971
2018-08-05,-0.027027034999222786
2018-08-06,-0.056500016825651235
2018-08-07,0.0
2018-08-08,0.0
2018-08-09,0.0
2018-08-10,-0.0010988911098900537
2018-08-11,-0.022727280243757732
2018-08-12,0.04651164364728533
2018-08-13,-0.08888891763341238
2018-08-14,0.07317075767742187
2018-08-15,-0.0681818407312733
2018-08-16,0.024390252559140586
2018-08-17,0.04761906411781781
2018-08-18,-0.022727280243757732
2018-08-19,0.06976746547092788
2018-08-20,0.0
2018-08-21,0.043478274623738156
2018-08-22,0.020833263858046007
2018-08-23,0.0
2018-08-24,0.020408170841272163
2018-08-25,-0.059999949068295415
2018-08-26,0.04255312726067487
2018-08-27,0.0
2018-08-28,-0.040816267438076655
2018-08-29,-0.06485950059199956
2018-08-30,0.0
2018-08-31,0.0
2018-09-01,0.0
2018-09-02,0.0
2018-09-03,0.0
2018-09-04,0.0
2018-09-05,0.0
2018-09-06,0.0
2018-09-07,0.0
2018-09-08,0.0
2018-09-09,0.0
2018-09-10,0.0
2018-09-11,0.0
2018-09-12,0.0
2018-09-13,0.0
2018-09-14,0.0
2018-09-15,0.0
2018-09-16,0.0
2018-09-17,0.0
2018-09-18,0.0
2018-09-19,-0.020308534538954603
2018-09-20,0.0784314005227133
2018-09-21,-0.054545472585018774
2018-09-22,-0.03846155191560217
2018-09-23,0.020000007275957812
2018-09-24,0.0
2018-09-25,0.0
2018-09-26,0.05882355039203495
2018-09-27,-0.03703704951295888
2018-09-28,-0.03951914805465011
2018-09-29,0.0
2018-09-30,0.0
2018-10-01,0.0
2018-10-02,0.0
2018-10-03,0.0
2018-10-04,0.0
2018-10-05,0.0
2018-10-06,0.0
2018-10-07,0.0
2018-10-08,0.0
2018-10-09,0.0
2018-10-10,0.0
2018-10-11,0.0
2018-10-12,0.0
2018-10-13,0.0
2018-10-14,0.0
2018-10-15,0.0
2018-10-16,0.0
2018-10-17,0.0
2018-10-18,-0.001098891109889882
2018-10-19,-0.034482769435132905
2018-10-20,0.01785714865749163
2018-10-21,0.0
2018-10-22,0.052631531919019106
2018-10-23,0.13333338183971857
2018-10-24,-0.07352943536750911
2018-10-25,0.0793651068630297
2018-10-26,-0.01470588707350182
2018-10-27,0.029850755993705735
2018-10-28,-0.01449275820791269
2018-10-29,-0.02941177414700364
2018-10-30,0.07575760081252597
2018-10-31,0.1267604998726197
2018-11-01,0.012500004547473615
2018-11-02,-0.037037050344687406
2018-11-03,0.08974362322926051
2018-11-04,-0.07058825946338866
2018-11-05,-0.05063283794498586
2018-11-06,0.0
2018-11-07,-0.013333337213843867
2018-11-08,0.04054045417508672
2018-11-09,0.0
2018-11-10,0.051948071582952816
2018-11-11,-0.024691366896458164
2018-11-12,0.11392409260286515
2018-11-13,0.03409092036563669
2018-11-14,0.0439560580141673
2018-11-15,0.010526319014274733
2018-11-16,-0.041666679298537054
2018-11-17,-0.054347843279672584
2018-11-18,0.06896554031219206
2018-11-19,-0.09677422383332951
2018-11-20,-0.08434160384109067
2018-11-21,0.0
2018-11-22,0.0
2018-11-23,0.0
2018-11-24,0.0
2018-11-25,0.0
2018-11-26,0.0
2018-11-27,0.0
2018-11-28,0.0
2018-11-29,0.0
2018-11-30,0.0
2018-12-01,0.0
2018-12-02,0.0
2018-12-03,0.0
2018-12-04,0.0
2018-12-05,0.0
2018-12-06,0.0
2018-12-07,0.0
2018-12-08,0.0
2018-12-09,0.0
2018-12-10,0.0
2018-12-11,0.0
2018-12-12,0.0
2018-12-13,0.0
2018-12-14,0.0
2018-12-15,0.0
2018-12-16,0.0
2018-12-17,0.0
2018-12-18,0.0
2018-12-19,0.0
2018-12-20,-0.001098891109889749
2018-12-21,-0.06097563139785165
2018-12-22,0.012987017895738015
2018-12-23,0.0
2018-12-24,-0.025641035208359995
2018-12-25,0.092105298429159
2018-12-26,-0.036144590987297574
2018-12-27,-0.03855866737741553
2018-12-28,0.0
2018-12-29,0.0
2018-12-30,0.0
2018-12-31,0.0
2019-01-01,0.0
2019-01-02,0.0
2019-01-03,0.0
2019-01-04,0.0
2019-01-05,-0.001098891109889915
2019-01-06,-0.05825244775932992
2019-01-07,-0.03092777164113657
2019-01-08,0.11702123542350949
2019-01-09,-0.04761906411781787
2019-01-10,-0.03999994179233756
2019-01-11,0.24999992420877756
2019-01-12,-0.058333293921895346
2019-01-13,0.10619472445433867
2019-01-14,0.04799989755452168
2019-01-15,0.0916030890496165
2019-01-16,-0.048951015504913244
2019-01-17,-0.03676477118344196
2019-01-18,0.04580154452480825
2019-01-19,-0.03649631082382117
2019-01-20,0.030303040325010477
2019-01-21,0.036764664184067215
2019-01-22,0.0638298618930328
2019-01-23,-0.0533333488553755
2019-01-24,-0.008134461091909984
2019-01-25,0.0
2019-01-26,0.0
2019-01-27,0.0
2019-01-28,0.0
2019-01-29,0.0
2019-01-30,0.0
2019-01-31,0.0
2019-02-01,0.0
2019-02-02,0.0
2019-02-03,0.0
2019-02-04,0.0
2019-02-05,0.0
2019-02-06,0.0
2019-02-07,0.0
2019-02-08,0.0
2019-02-09,0.0
2019-02-10,0.0
2019-02-11,0.0
2019-02-12,0.0
2019-02-13,0.0
2019-02-14,0.0
2019-02-15,0.0
2019-02-16,0.0
2019-02-17,0.0
2019-02-18,0.0
2019-02-19,0.0
2019-02-20,0.0
2019-02-21,0.0
2019-02-22,0.0
2019-02-23,0.0
2019-02-24,0.0
2019-02-25,0.0
2019-02-26,0.0
2019-02-27,0.0
2019-02-28,0.0
2019-03-01,0.0
2019-03-02,0.0
2019-03-03,0.0
2019-03-04,0.0
2019-03-05,0.0
2019-03-06,0.0
2019-03-07,0.0
2019-03-08,0.0
2019-03-09,-0.009354275153567035
2019-03-10,0.05833341518785859
2019-03-11,-0.05511818331608113
2019-03-12,0.04166674245789369
2019-03-13,-0.00800006053596443
2019-03-14,0.008064577645324008
2019-03-15,-0.00800006053596443
2019-03-16,-0.03332249521533015
2019-03-17,0.0
2019-03-18,0.0
2019-03-19,0.0
2019-03-20,0.0
2019-03-21,0.0
2019-03-22,0.0
2019-03-23,0.0
2019-03-24,0.0
2019-03-25,0.0
2019-03-26,0.0
2019-03-27,0.0
2019-03-28,0.0
2019-03-29,-0.0010988911098899765
2019-03-30,-0.01639344848908174
2019-03-31,0.0333333454599296
2019-04-01,0.08064518968245725
2019-04-02,-0.10447764597797007
2019-04-03,-0.051044862603596
2019-04-04,0.0
2019-04-05,-0.0010988911098899214
2019-04-06,-0.01739130984949517
2019-04-07,-0.01877955347948523
2019-04-08,0.0
2019-04-09,0.0
2019-04-10,0.0
2019-04-11,0.0
2019-04-12,0.0
2019-04-13,0.0
2019-04-14,0.0
2019-04-15,0.0
2019-04-16,0.0
2019-04-17,0.0
2019-04-18,0.0
2019-04-19,0.0
2019-04-20,0.0
2019-04-21,0.0
2019-04-22,0.0
2019-04-23,0.0
2019-04-24,0.0
2019-04-25,0.0
2019-04-26,0.0
2019-04-27,0.0
2019-04-28,0.0
2019-04-29,0.0
2019-04-30,0.0
2019-05-01,0.0
2019-05-02,0.0
2019-05-03,0.0
2019-05-04,0.0
2019-05-05,0.0
2019-05-06,0.0
2019-05-07,-0.0010988911098899128
2019-05-08,0.0645160709861184
2019-05-09,0.050505069064273544
2019-05-10,0.00961538797890066
2019-05-11,-0.10476187176436429
2019-05-12,0.0
2019-05-13,-0.11790429151448441
2019-05-14,-0.0010988911098898063
2019-05-15,0.0
2019-05-16,0.1359223781051032
2019-05-17,0.03418798263073496
2019-05-18,0.05785126054164519
2019-05-19,-0.054687518651746904
2019-05-20,0.17355378162493543
2019-05-21,0.049295738563988355
2019-05-22,0.06711411690090696
2019-05-23,0.07547172228869223
2019-05-24,-0.02339181983265972
2019-05-25,-0.16167665244616383
2019-05-26,-0.10714283858174135
2019-05-27,0.10399997206032409
2019-05-28,0.05797103283165088
2019-05-29,-0.06164390388400572
2019-05-30,-0.10317721432894215
2019-05-31,0.0
2019-06-01,0.0
2019-06-02,0.0
2019-06-03,0.0
2019-06-04,0.0
2019-06-05,0.0
2019-06-06,0.0
2019-06-07,0.0
2019-06-08,-0.0010988911098897842
2019-06-09,-0.034482720553847934
2019-06-10,0.06428568236059491
2019-06-11,-0.0335570096185229
2019-06-12,-0.027777786199024747
2019-06-13,0.6071427866106167
2019-06-14,-0.14222220813740513
2019-06-15,0.010362697816511411
2019-06-16,-0.04615382434032442
2019-06-17,0.1397849117453747
2019-06-18,-0.05660379301163494
2019-06-19,-0.011088904633977562
2019-06-20,0.0
2019-06-21,0.0
2019-06-22,0.0
2019-06-23,0.0
2019-06-24,0.0
2019-06-25,0.0
2019-06-26,0.0
2019-06-27,0.0
2019-06-28,0.0
2019-06-29,-0.001098891109889835
2019-06-30,0.029032291075103786
2019-07-01,0.06269585212043298
2019-07-02,-0.0058996642413758895
2019-07-03,-0.1246290772997726
2019-07-04,0.05423730552598849
2019-07-05,0.06109324277394503
2019-07-06,-0.06060607931375638
2019-07-07,-0.06876737180899745
2019-07-08,0.0
2019-07-09,0.0
2019-07-10,0.0
2019-07-11,0.0
2019-07-12,0.0
2019-07-13,0.0
2019-07-14,0.0
2019-07-15,0.0
2019-07-16,0.0
2019-07-17,0.0
2019-07-18,0.0
2019-07-19,0.0
2019-07-20,0.0
2019-07-21,0.0
2019-07-22,0.0
2019-07-23,0.0
2019-07-24,0.0
2019-07-25,0.0
2019-07-26,0.0
2019-07-27,0.0
2019-07-28,0.0
2019-07-29,0.0
2019-07-30,0.0
2019-07-31,0.0
2019-08-01,0.0
2019-08-02,0.0
2019-08-03,0.0
2019-08-04,0.0
2019-08-05,0.0
2019-08-06,0.0
2019-08-07,0.0
2019-08-08,0.0
2019-08-09,0.0
2019-08-10,0.0
2019-08-11,0.0
2019-08-12,0.0
2019-08-13,0.0
2019-08-14,0.0
2019-08-15,-0.0010988911098899266
2019-08-16,-0.04273505602300644
2019-08-17,0.044642871643729085
2019-08-18,0.03418798263073486
2019-08-19,-0.05371899757987208
2019-08-20,-0.034934510026206164
2019-08-21,-0.01013972318328881
2019-08-22,0.0
2019-08-23,0.0
2019-08-24,0.0
2019-08-25,0.0
2019-08-26,0.0
2019-08-27,0.0
2019-08-28,0.0
2019-08-29,0.0
2019-08-30,0.0
2019-08-31,0.0
2019-09-01,0.0
2019-09-02,0.0
2019-09-03,0.0
2019-09-04,0.0
2019-09-05,0.0
2019-09-06,0.0
2019-09-07,0.0
2019-09-08,0.0
2019-09-09,0.0
2019-09-10,0.0
2019-09-11,0.0
2019-09-12,0.0
2019-09-13,0.0
2019-09-14,0.0
2019-09-15,0.0
2019-09-16,0.0
2019-09-17,0.0
2019-09-18,0.0
2019-09-19,0.0
2019-09-20,0.0
2019-09-21,0.0
2019-09-22,-0.0010988911098898312
2019-09-23,0.027624359585069428
2019-09-24,0.08064514740972388
2019-09-25,0.02985075599370584
2019-09-26,-0.014492793357465701
2019-09-27,-0.009803925065339199
2019-09-28,0.014851526517552371
2019-09-29,0.034146316878382876
2019-09-30,0.004717017071524373
2019-10-01,0.03286382570932562
2019-10-02,0.09090905482996249
2019-10-03,-0.01666661209698314
2019-10-04,0.021186416379487316
2019-10-05,0.0
2019-10-06,0.13692941548277887
2019-10-07,0.06204384524069495
2019-10-08,0.0756013491375465
2019-10-09,0.04153358405400184
2019-10-10,-0.058282204481186296
2019-10-11,0.08469053243891991
2019-10-12,-0.06006007974449463
2019-10-13,-0.04153349107051702
2019-10-14,0.009999978657192005
2019-10-15,-0.03630361768287211
2019-10-16,0.017123218038314136
2019-10-17,0.006734058204918893
2019-10-18,-0.010033423655787537
2019-10-19,-0.004474588049328504
2019-10-20,0.0
2019-10-21,0.0
2019-10-22,0.0
2019-10-23,-0.001098891109889815
2019-10-24,0.054597698505894535
2019-10-25,-0.10626704596279912
2019-10-26,-0.09237193932845025
2019-10-27,0.0
2019-10-28,0.0
2019-10-29,0.0
2019-10-30,0.0
2019-10-31,-0.0010988911098899765
2019-11-01,-0.013422823380181333
2019-11-02,-0.011292736973892593
2019-11-03,0.0
2019-11-04,0.0
2019-11-05,0.0
2019-11-06,0.0
2019-11-07,0.0
2019-11-08,0.0
2019-11-09,0.0
2019-11-10,-0.0010988911098900917
2019-11-11,0.022801286256546083
2019-11-12,0.019108240109934668
2019-11-13,0.07187500341060521
2019-11-14,0.026239097730325425
2019-11-15,0.014204570822682538
2019-11-16,-0.014005626903416885
2019-11-17,-0.028409058964029416
2019-11-18,-0.0058479975076228645
2019-11-19,-0.011764709910564844
2019-11-20,0.002976213161999583
2019-11-21,-0.0099921670698626
2019-11-22,0.0
2019-11-23,0.0
2019-11-24,0.0
2019-11-25,0.0
2019-11-26,0.0
2019-11-27,0.0
2019-11-28,0.0
2019-11-29,0.0
2019-11-30,0.0
2019-12-01,0.0
2019-12-02,0.0
2019-12-03,0.0
2019-12-04,0.0
2019-12-05,0.0
2019-12-06,0.0
2019-12-07,0.0
2019-12-08,0.0
2019-12-09,0.0
2019-12-10,0.0
2019-12-11,0.0
2019-12-12,0.0
2019-12-13,0.0
2019-12-14,0.0
2019-12-15,0.0
2019-12-16,0.0
2019-12-17,0.0
2019-12-18,0.0
2019-12-19,0.0
2019-12-20,0.0
2019-12-21,0.0
2019-12-22,0.0
2019-12-23,0.0
2019-12-24,0.0
2019-12-25,0.0
2019-12-26,0.0
2019-12-27,0.0
2019-12-28,0.0
2019-12-29,0.0
2019-12-30,0.0
2019-12-31,0.0
2020-01-01,0.0
2020-01-02,0.0
2020-01-03,0.0
2020-01-04,0.0
2020-01-05,0.0
2020-01-06,0.0
2020-01-07,0.0
2020-01-08,0.0
2020-01-09,-0.004691983451672774
2020-01-10,-0.018050572998707257
2020-01-11,0.04411766122050554
2020-01-12,-0.035211329669940054
2020-01-13,-0.01824810230272917
2020-01-14,0.007434892353699183
2020-01-15,0.007380130073718603
2020-01-16,0.04395595023522404
2020-01-17,0.07017546546983532
2020-01-18,0.016393472344680977
2020-01-19,-0.029032291075103814
2020-01-20,0.03654483957649177
2020-01-21,-0.01923072976551442
2020-01-22,-0.0032679987217142676
2020-01-23,-0.03934427637379614
2020-01-24,0.013651882218284114
2020-01-25,-0.010100989314680243
2020-01-26,0.017006833361661734
2020-01-27,-0.020066944648798546
2020-01-28,-0.031782775238400736
2020-01-29,0.0
2020-01-30,0.0
2020-01-31,0.0
2020-02-01,0.0
2020-02-02,0.0
2020-02-03,0.0
2020-02-04,0.0
2020-02-05,0.0
2020-02-06,0.0
2020-02-07,0.0
2020-02-08,0.0
2020-02-09,-0.0010988911098898633
2020-02-10,0.005813913153831496
2020-02-11,0.1242774826598782
2020-02-12,0.002570713705240908
2020-02-13,-0.028205119020487366
2020-02-14,0.1292875835458463
2020-02-15,0.0163551287477302
2020-02-16,0.04137929142676072
2020-02-17,-0.022075031219159526
2020-02-18,0.01128670203274822
2020-02-19,0.020089243516748328
2020-02-20,-0.02625815162013452
2020-02-21,-0.004494416119623705
2020-02-22,-0.041687244166232276
2020-02-23,0.0
2020-02-24,0.0
2020-02-25,0.0
2020-02-26,0.0
2020-02-27,0.0
2020-02-28,0.0
2020-02-29,0.0
2020-03-01,0.0
2020-03-02,0.0
2020-03-03,0.0
2020-03-04,0.0007858422458479208
2020-03-05,-0.020715677953142615
2020-03-06,-0.013461528989877661
2020-03-07,-0.04873297355023489
2020-03-08,0.03278689697816355
2020-03-09,0.01785716348060555
2020-03-10,0.00584788420828445
2020-03-11,-0.06395341491731572
2020-03-12,-0.14164600722570367
2020-03-13,0.0
2020-03-14,0.0
2020-03-15,0.0
2020-03-16,0.0
2020-03-17,0.0
2020-03-18,0.0
2020-03-19,0.0
2020-03-20,0.0
2020-03-21,0.0
2020-03-22,0.0
2020-03-23,0.0
2020-03-24,0.0
2020-03-25,0.0
2020-03-26,0.0
2020-03-27,0.0
2020-03-28,0.0
2020-03-29,0.0
2020-03-30,0.0
2020-03-31,0.0
2020-04-01,0.0
2020-04-02,0.0
2020-04-03,0.0
2020-04-04,0.0
2020-04-05,0.0
2020-04-06,0.0
2020-04-07,0.0
2020-04-08,-0.001098891109889868
2020-04-09,0.06308411659810492
2020-04-10,0.030769209119720333
2020-04-11,0.02132200025603929
2020-04-12,0.03757826970743965
2020-04-13,-0.010060321641245122
2020-04-14,-0.03861794196649137
2020-04-15,-0.004228300540555981
2020-04-16,0.033970287028645366
2020-04-17,0.006160151263419995
2020-04-18,0.06326531194079076
2020-04-19,-0.02879078223050867
2020-04-20,-0.005928898768597347
2020-04-21,0.0028719001160449776
2020-04-22,0.0
2020-04-23,0.0
2020-04-24,0.0
2020-04-25,0.0
2020-04-26,0.0
2020-04-27,0.0
2020-04-28,0.0
2020-04-29,0.0
2020-04-30,0.0
2020-05-01,0.0
2020-05-02,0.0
2020-05-03,0.0
2020-05-04,0.0
2020-05-05,0.0
2020-05-06,0.0
2020-05-07,0.0
2020-05-08,0.0
2020-05-09,0.0
2020-05-10,0.0
2020-05-11,0.0
2020-05-12,0.0
2020-05-13,0.0
2020-05-14,0.0
2020-05-15,0.0
2020-05-16,0.0
2020-05-17,0.0
2020-05-18,0.0
2020-05-19,0.0
2020-05-20,0.0
2020-05-21,0.0
2020-05-22,0.0
2020-05-23,-0.0010988911098899115
2020-05-24,0.0163170046148226
2020-05-25,-0.004587190870261875
2020-05-26,0.0
2020-05-27,-0.032258042884026034
2020-05-28,0.007142842293963907
2020-05-29,-0.0010998999999999976
2020-05-30,0.0
2020-05-31,0.0
2020-06-01,0.0
2020-06-02,0.0
2020-06-03,-0.0010988911098899076
2020-06-04,-0.027956952366980096
2020-06-05,0.002212341801045367
2020-06-06,-0.006622502941061008
2020-06-07,-0.008888892050786528
2020-06-08,0.02242156533845959
2020-06-09,-0.004385998224028206
2020-06-10,-0.01321583163780012
2020-06-11,-0.04792337361978173
2020-06-12,0.0
2020-06-13,0.0
2020-06-14,0.0
2020-06-15,0.0
2020-06-16,0.0
2020-06-17,0.0
2020-06-18,0.0
2020-06-19,0.0
2020-06-20,0.0
2020-06-21,0.0
2020-06-22,-0.0010988911098896955
2020-06-23,0.07775380535722944
2020-06-24,0.016032069037316382
2020-06-25,0.025640990315485616
2020-06-26,-0.017307712112074027
2020-06-27,-0.04305282442142886
2020-06-28,0.020449934507453686
2020-06-29,0.006011952983609066
2020-06-30,-0.003983978282743967
2020-07-01,0.017999903375287372
2020-07-02,0.04322210637867937
2020-07-03,-0.01694917112185446
2020-07-04,0.008468069784861356
2020-07-05,0.0
2020-07-06,0.0
2020-07-07,-0.002715248277634416
2020-07-08,0.11345220589587955
2020-07-09,-0.042212501175591395
2020-07-10,0.0060789851414773735
2020-07-11,0.0
2020-07-12,0.19033237542746795
2020-07-13,-0.013959423203449714
2020-07-14,0.12870013824507115
2020-07-15,0.0718358212075668
2020-07-16,-0.02872337533594019
2020-07-17,-0.00876232473868246
2020-07-18,-0.039779050156478854
2020-07-19,0.010356743977248443
2020-07-20,-0.09567198192778069
2020-07-21,-0.023745016620867754
2020-07-22,0.0
2020-07-23,0.0
2020-07-24,0.0
2020-07-25,0.0
2020-07-26,0.0
2020-07-27,0.0
2020-07-28,0.0
2020-07-29,0.0
2020-07-30,0.0
2020-07-31,0.0
2020-08-01,0.0
2020-08-02,0.0
2020-08-03,0.0
2020-08-04,0.0
2020-08-05,0.00012977886519124844
2020-08-06,0.05773949484047038
2020-08-07,0.0069686943507536086
2020-08-08,0.24567465731835106
2020-08-09,0.09814814475469716
2020-08-10,-0.04553115327147672
2020-08-11,0.015017679291421396
2020-08-12,0.2489120638794874
2020-08-13,0.02439026764653478
2020-08-14,-0.021768714594299698
2020-08-15,0.11961058994071237
2020-08-16,-0.018012414500721077
2020-08-17,-0.1378874279335059
2020-08-18,-0.006603131631904413
2020-08-19,0.019940982416384874
2020-08-20,-0.018826995540644185
2020-08-21,-0.12052556376770168
2020-08-22,0.0
2020-08-23,0.0
2020-08-24,0.0
2020-08-25,0.0
2020-08-26,0.0
2020-08-27,0.0
2020-08-28,0.0
2020-08-29,0.0
2020-08-30,0.0
2020-08-31,0.0
2020-09-01,0.0
2020-09-02,0.0
2020-09-03,0.0
2020-09-04,0.0
2020-09-05,0.0
2020-09-06,0.0
2020-09-07,0.0
2020-09-08,0.0
2020-09-09,0.0
2020-09-10,0.0
2020-09-11,0.0
2020-09-12,0.0
2020-09-13,0.0
2020-09-14,0.0
2020-09-15,0.0
2020-09-16,0.0
2020-09-17,0.0
2020-09-18,0.0
2020-09-19,0.0
2020-09-20,0.0
2020-09-21,0.0
2020-09-22,0.0
2020-09-23,0.0
2020-09-24,0.0
2020-09-25,0.0
2020-09-26,0.0
2020-09-27,0.0
2020-09-28,0.0
2020-09-29,0.0
2020-09-30,0.0
2020-10-01,0.0
2020-10-02,0.0
2020-10-03,0.0
2020-10-04,0.0
2020-10-05,0.0
2020-10-06,0.0
2020-10-07,0.0
2020-10-08,0.0
2020-10-09,0.0
2020-10-10,0.0
2020-10-11,0.0
2020-10-12,0.0009211468105170766
2020-10-13,-0.029263358834672015
2020-10-14,-0.004157975351173215
2020-10-15,-0.02505220005814678
2020-10-16,0.004282625487052852
2020-10-17,0.0
2020-10-18,0.010661000128019588
2020-10-19,-0.02215188318975037
2020-10-20,-0.10661163742542808
2020-10-21,0.0
2020-10-22,0.0
2020-10-23,0.0
2020-10-24,0.0
2020-10-25,0.0
2020-10-26,0.0
2020-10-27,0.0
2020-10-28,0.0
2020-10-29,0.0
2020-10-30,0.0
2020-10-31,0.0
2020-11-01,0.0
2020-11-02,0.0
2020-11-03,0.0
2020-11-04,0.0
2020-11-05,0.0
2020-11-06,0.0
2020-11-07,0.0
2020-11-08,0.0
2020-11-09,0.0
2020-11-10,0.0
2020-11-11,0.0
2020-11-12,0.0
2020-11-13,0.0
2020-11-14,0.0
2020-11-15,0.0
2020-11-16,0.0
2020-11-17,0.0
2020-11-18,0.0
2020-11-19,0.0
2020-11-20,0.0
2020-11-21,0.0
2020-11-22,0.0
2020-11-23,0.0
2020-11-24,-0.001098891109889957
2020-11-25,-0.06968218403682641
2020-11-26,-0.03775687431734115
2020-11-27,0.0
2020-11-28,-0.0010988911098899347
2020-11-29,-0.0027099689614339673
2020-11-30,-0.01602914779869863
2020-12-01,0.0
2020-12-02,0.0
2020-12-03,0.0
2020-12-04,0.0
2020-12-05,0.0
2020-12-06,0.0
2020-12-07,0.0
2020-12-08,0.0
2020-12-09,0.0
2020-12-10,0.0
2020-12-11,0.0
2020-12-12,0.0
2020-12-13,0.0
2020-12-14,0.0
2020-12-15,0.0
2020-12-16,0.0
2020-12-17,0.0
2020-12-18,0.0
2020-12-19,0.0
2020-12-20,0.0
2020-12-21,0.0
2020-12-22,0.0
2020-12-23,0.0
2020-12-24,0.0
2020-12-25,0.0
2020-12-26,0.0
2020-12-27,0.0
2020-12-28,0.0
2020-12-29,0.0
2020-12-30,0.0
2020-12-31,0.0
2021-01-01,0.0
2021-01-02,0.0
2021-01-03,0.0
2021-01-04,0.0
2021-01-05,0.0
2021-01-06,0.0
2021-01-07,0.0
2021-01-08,0.0
2021-01-09,0.0
2021-01-10,0.0
2021-01-11,0.0
2021-01-12,0.0
2021-01-13,0.0
2021-01-14,0.0
2021-01-15,0.0
2021-01-16,0.0
2021-01-17,0.0
2021-01-18,-0.0010988911098899384
2021-01-19,-0.04485045416963611
2021-01-20,0.06956523939798082
2021-01-21,-0.02764229642936246
2021-01-22,0.09531767073581687
2021-01-23,0.17862598635328028
2021-01-24,-0.009067351164631964
2021-01-25,-0.04967320012782868
2021-01-26,-0.027510285421703192
2021-01-27,-0.021216485726197762
2021-01-28,-0.0014450136514635094
2021-01-29,-0.03907384959848504
2021-01-30,0.0361445909872975
2021-01-31,-0.009811219901681443
2021-02-01,0.0
2021-02-02,0.0
2021-02-03,0.0
2021-02-04,0.0
2021-02-05,0.0
2021-02-06,0.0
2021-02-07,0.0
2021-02-08,0.0
2021-02-09,0.0
2021-02-10,0.0
2021-02-11,0.0
2021-02-12,0.0
2021-02-13,0.0
2021-02-14,0.0
2021-02-15,0.0
2021-02-16,0.0
2021-02-17,0.0
2021-02-18,0.0
2021-02-19,0.0
2021-02-20,0.0
2021-02-21,0.0
2021-02-22,0.0
2021-02-23,0.0
2021-02-24,0.0
2021-02-25,0.0
2021-02-26,0.0
2021-02-27,0.0
2021-02-28,0.0
2021-03-01,0.0
2021-03-02,0.0
2021-03-03,0.0
2021-03-04,-0.0010988911098900093
2021-03-05,-0.0017513268747632903
2021-03-06,0.010526396409506306
2021-03-07,-0.03125003473764361
2021-03-08,0.08781366288188218
2021-03-09,-0.052718302453706956
2021-03-10,-0.07232585534586748
2021-03-11,0.0
2021-03-12,0.0
2021-03-13,0.0
2021-03-14,0.0
2021-03-15,0.0
2021-03-16,0.0
2021-03-17,0.0
2021-03-18,0.0
2021-03-19,0.0
2021-03-20,0.0
2021-03-21,0.0
2021-03-22,0.0
2021-03-23,0.0
2021-03-24,0.0
2021-03-25,0.0
2021-03-26,0.0
2021-03-27,0.0
2021-03-28,0.0
2021-03-29,0.0
2021-03-30,0.0
2021-03-31,0.0
2021-04-01,0.0
2021-04-02,-0.0010988911098900151
2021-04-03,-0.0638685704962777
2021-04-04,0.02729042887925969
2021-04-05,0.04174571734646851
2021-04-06,0.08925323280477794
2021-04-07,-0.0702341602649597
2021-04-08,0.008992874481771189
2021-04-09,-0.032085597007732024
2021-04-10,-0.0184162392298407
2021-04-11,0.05628517167984249
2021-04-12,-0.01776191845840467
2021-04-13,0.00904155458446879
2021-04-14,0.17562722144895984
2021-04-15,0.02896345818817645
2021-04-16,0.013333348280485437
2021-04-17,-0.027777817963376954
2021-04-18,0.0451127753736603
2021-04-19,-0.07338126797056851
2021-04-20,0.0714285714285715
2021-04-21,-0.02028984040134616
2021-04-22,0.0073964196434661116
2021-04-23,0.007342114285142749
2021-04-24,-0.0932944094340535
2021-04-25,0.0374427873757041
2021-04-26,0.0
2021-04-27,0.0
2021-04-28,0.0
2021-04-29,0.0
2021-04-30,0.0
2021-05-01,0.0
2021-05-02,0.0
2021-05-03,0.0
2021-05-04,0.0035853233953045817
2021-05-05,0.004667412159410468
2021-05-06,-0.02903595604260104
2021-05-07,0.02870807333970134
2021-05-08,-0.038372048084673364
2021-05-09,0.08343409991953675
2021-05-10,-0.07142859462996654
2021-05-11,0.0336538229455861
2021-05-12,-0.029069719040410027
2021-05-13,0.03832336564915725
2021-05-14,0.07612454075868812
2021-05-15,-0.049303323551368516
2021-05-16,-0.011273977356366852
2021-05-17,-0.02622577072884694
2021-05-18,0.16159251255895068
2021-05-19,-0.2729052057717121
2021-05-20,0.0
2021-05-21,0.0
2021-05-22,0.0
2021-05-23,0.0
2021-05-24,0.0
2021-05-25,0.0
2021-05-26,0.0
2021-05-27,0.0
2021-05-28,0.0
2021-05-29,0.0
2021-05-30,0.0
2021-05-31,0.0
2021-06-01,0.0
2021-06-02,0.0
2021-06-03,0.0
2021-06-04,0.0
2021-06-05,0.0
2021-06-06,0.0
2021-06-07,0.0
2021-06-08,0.0
2021-06-09,0.0
2021-06-10,0.0
2021-06-11,0.0
2021-06-12,0.0
2021-06-13,0.0
2021-06-15,0.0
2021-06-16,0.0
2021-06-17,0.0
2021-06-18,0.0
2021-06-19,0.0
2021-06-20,0.0
2021-06-21,0.0
2021-06-22,0.0
2021-06-23,0.0
2021-06-24,0.0
2021-06-25,0.0
2021-06-26,0.0
2021-06-27,0.0
2021-06-28,0.0
2021-06-29,0.0
2021-06-30,0.0
2021-07-01,0.0
2021-07-02,0.0
2021-07-03,0.0
2021-07-04,0.0
2021-07-05,0.0
2021-07-06,0.0
2021-07-07,-0.002806328064236315
2021-07-08,-0.04109590269912109
2021-07-09,-0.015369905878339443
2021-07-10,0.0
2021-07-11,0.0
2021-07-12,0.0
2021-07-13,0.0
2021-07-14,0.0
2021-07-15,0.0
2021-07-16,0.0
2021-07-17,0.0
2021-07-18,0.0
2021-07-19,0.0
2021-07-20,0.0
2021-07-21,0.0
2021-07-22,0.0
2021-07-23,0.0
2021-07-24,0.0
2021-07-25,0.0
2021-07-26,0.0
2021-07-27,0.0
2021-07-28,0.0
2021-07-29,0.0
2021-07-30,0.0
2021-07-31,0.0
2021-08-01,0.0007074536986745574
2021-08-02,0.08122742089222047
2021-08-03,0.04507507816248811
2021-08-04,-0.027156570612867203
2021-08-05,-0.034482735549875944
2021-08-06,-0.05272109432779213
2021-08-07,-0.0071812788275535475
2021-08-08,-0.049870845145618056
2021-08-09,0.0
2021-08-10,0.0007577083889209172
2021-08-11,0.055658729869894515
2021-08-12,-0.014059758089381175
2021-08-13,0.033868037946413056
2021-08-14,-0.005172352886156671
2021-08-15,0.02772954321111564
2021-08-16,0.028667814067643804
2021-08-17,-0.04098363315050403
2021-08-18,-0.0273503383954763
2021-08-19,0.017574620888099485
2021-08-20,0.005181386737740905
2021-08-21,-0.020618613409524623
2021-08-22,-0.00460473746897777
2021-08-23,-0.0028301019704837795
2021-08-24,-0.06250006947528725
2021-08-25,0.006299416628237132
2021-08-26,0.0
2021-08-27,0.0
2021-08-28,0.0
2021-08-29,0.0
2021-08-30,0.0
2021-08-31,0.0
2021-09-01,0.0
2021-09-02,0.0
2021-09-03,0.0
2021-09-04,-0.001098891109889961
2021-09-05,0.08013348308605936
2021-09-06,0.021638406261596944
2021-09-07,-0.0907716292526154
2021-09-08,-0.019966681197597883
2021-09-09,0.02376908339141752
2021-09-10,-0.024875618528801963
2021-09-11,0.017006833361661807
2021-09-12,0.06688965326728927
2021-09-13,-0.06112853336681028
2021-09-14,0.09015025349969912
2021-09-15,-0.02143958325812248
2021-09-16,-0.024548256591785722
2021-09-17,0.0
2021-09-18,0.0
2021-09-19,0.0
2021-09-20,0.0
2021-09-21,0.0
2021-09-22,0.0
2021-09-23,0.0
2021-09-24,0.0
2021-09-25,0.0
2021-09-26,0.0
2021-09-27,0.0
2021-09-28,0.0
2021-09-29,0.0
2021-09-30,0.0
2021-10-01,0.0
2021-10-02,0.0
2021-10-03,0.0
2021-10-04,0.0
2021-10-05,0.0
2021-10-06,0.0
2021-10-07,0.0
2021-10-08,0.0
2021-10-09,0.0
2021-10-10,0.0
2021-10-11,0.0
2021-10-12,0.0
2021-10-13,0.0
2021-10-14,0.0
2021-10-15,0.0
2021-10-16,0.0
2021-10-17,0.0
2021-10-18,0.0
2021-10-19,0.0
2021-10-20,0.0
2021-10-21,0.0
2021-10-22,0.0
2021-10-23,0.0
2021-10-24,0.0009480530177598561
2021-10-25,0.053169782105750886
2021-10-26,0.04466019329689654
2021-10-27,-0.08178446504673391
2021-10-28,0.010121535009140575
2021-10-29,-0.00400804642148293
2021-10-30,-0.03219316979362051
2021-10-31,0.01663202241854167
2021-11-01,0.05725967377998421
2021-11-02,-0.013539642908933069
2021-11-03,-0.005017071241796549
2021-11-04,0.0
2021-11-05,0.0
2021-11-06,0.0
2021-11-07,0.0
2021-11-08,0.0
2021-11-09,0.0
2021-11-10,0.0
2021-11-11,0.0
2021-11-12,0.0
2021-11-13,0.0
2021-11-14,0.0
2021-11-15,0.0
2021-11-16,0.0
2021-11-17,0.0
2021-11-18,0.0
2021-11-19,0.0
2021-11-20,0.0
2021-11-21,0.0
2021-11-22,0.0
2021-11-23,0.0
2021-11-24,0.0
2021-11-25,0.0
2021-11-26,0.0
2021-11-27,0.0
2021-11-28,0.0
2021-11-29,0.0
2021-11-30,0.0
2021-12-01,0.0
2021-12-02,0.0
2021-12-03,0.0
2021-12-04,0.0
2021-12-05,0.0
2021-12-06,0.0
2021-12-07,0.0
2021-12-08,0.0
2021-12-09,0.0
2021-12-10,0.0
2021-12-11,0.0
2021-12-12,0.0
2021-12-13,0.0
2021-12-14,0.0
2021-12-15,0.0
2021-12-16,0.0
2021-12-17,0.0
2021-12-18,0.0
2021-12-19,0.0
2021-12-20,0.0
2021-12-21,0.0
2021-12-22,0.0
2021-12-23,0.0
2021-12-24,-0.0010988911098899089
2021-12-25,0.03782507276473806
2021-12-26,0.03189063854401286
2021-12-27,0.0022075223959764807
2021-12-28,-0.05726871060605794
2021-12-29,-0.009345797570074955
2021-12-30,-0.0023585085357620858
2021-12-31,-0.0010999000000001167
2022-01-01,-0.0010988911098898145
2022-01-02,0.06466508045192534
2022-01-03,0.09978314804841142
2022-01-04,0.01183429439114667
2022-01-05,0.13840159041935962
2022-01-06,0.006849267281195988
2022-01-07,0.0629251547477406
2022-01-08,-0.023999997019767676
2022-01-09,0.07868855274759237
2022-01-10,0.01367782714518675
2022-01-11,-0.06296855747892935
2022-01-12,-0.025600009238720255
2022-01-13,-0.042105582879071325
2022-01-14,0.0
2022-01-15,0.0
2022-01-16,0.0
2022-01-17,0.0
2022-01-18,0.0
2022-01-19,0.0
2022-01-20,0.0
2022-01-21,0.0
2022-01-22,0.0
2022-01-23,0.0
2022-01-24,0.0
2022-01-25,0.0
2022-01-26,0.0
2022-01-27,0.0
2022-01-28,0.0
2022-01-29,0.0
2022-01-30,0.0
2022-01-31,0.0
2022-02-01,0.0
2022-02-02,0.0
2022-02-03,0.0
2022-02-04,0.0
2022-02-05,0.0
2022-02-06,0.0
2022-02-07,0.0
2022-02-08,0.0
2022-02-09,0.0
2022-02-10,0.0
2022-02-11,0.0
2022-02-12,0.0
2022-02-13,0.0
2022-02-14,0.0
2022-02-15,0.0
2022-02-16,0.0
2022-02-17,0.0
2022-02-18,0.0
2022-02-19,0.0
2022-02-20,0.0
2022-02-21,0.0
2022-02-22,0.0
2022-02-23,0.0
2022-02-24,0.0
2022-02-25,0.0
2022-02-26,0.0
2022-02-27,0.0
2022-02-28,0.0
2022-03-01,0.0
2022-03-02,0.0
2022-03-03,0.0
2022-03-04,0.0
2022-03-05,0.0
2022-03-06,0.0
2022-03-07,0.0
2022-03-08,0.0
2022-03-09,0.0
2022-03-10,0.0
2022-03-11,0.0
2022-03-12,0.0
2022-03-13,0.0
2022-03-14,0.0
2022-03-15,0.0
2022-03-16,0.0
2022-03-17,-0.0010988911098900028
2022-03-18,0.022727280243757753
2022-03-19,-0.013888913591213633
2022-03-20,-0.005633763788554761
2022-03-21,0.03399434478787512
2022-03-22,0.0
2022-03-23,0.008219160605694605
2022-03-24,0.0
2022-03-25,-0.046195686559345264
2022-03-26,0.014245039994136153
2022-03-27,0.011235958730441776
2022-03-28,-0.027777827182427415
2022-03-29,0.022857151410105525
2022-03-30,0.022346376890062095
2022-03-31,0.013661226953900839
2022-04-01,0.00808623645348104
2022-04-02,0.013369008093199526
2022-04-03,0.029023736976324002
2022-04-04,-0.038461532721138045
2022-04-05,-0.018666653421190126
2022-04-06,-0.030958316597890407
2022-04-07,0.0
2022-04-08,0.0
2022-04-09,0.0
2022-04-10,0.0016529235381131286
2022-04-11,-0.0439560580141672
2022-04-12,-0.0010999000000001468
2022-04-13,0.0
2022-04-14,0.0
2022-04-15,0.0
2022-04-16,0.0
2022-04-17,0.0
2022-04-18,0.0
2022-04-19,0.0
2022-04-20,0.0
2022-04-21,0.0
2022-04-22,0.0
2022-04-23,0.0
2022-04-24,0.0
2022-04-25,0.0
2022-04-26,0.0
2022-04-27,0.0
2022-04-28,0.0
2022-04-29,0.0
2022-04-30,0.0
2022-05-01,0.0
2022-05-02,0.0
2022-05-03,0.0
2022-05-04,0.0
2022-05-05,0.0
2022-05-06,0.0
2022-05-07,0.0
2022-05-08,0.0
2022-05-09,0.0
2022-05-10,0.0
2022-05-11,0.0
2022-05-12,0.0
2022-05-13,0.0
2022-05-14,0.0
2022-05-15,0.0
2022-05-16,0.0
2022-05-17,0.0
2022-05-18,0.0
2022-05-19,0.0
2022-05-20,0.0
2022-05-21,0.0
2022-05-22,0.0
2022-05-23,0.0
2022-05-24,0.0
2022-05-25,0.0
2022-05-26,0.0
2022-05-27,0.0
2022-05-28,0.0
2022-05-29,0.0
2022-05-30,0.0
2022-05-31,0.0
2022-06-01,0.0
2022-06-02,0.0
2022-06-03,0.0
2022-06-04,0.0
2022-06-05,0.0
2022-06-06,-0.001098891109889832
2022-06-07,0.10236217675557388
2022-06-08,0.03214278920917305
2022-06-09,0.06574394428821706
2022-06-10,-0.10064927057577115
2022-06-11,-0.10830333292426876
2022-06-12,-0.04154115623210235
2022-06-13,-0.001098891109889789
2022-06-14,0.16030535029516504
2022-06-15,0.06578949887797057
2022-06-16,-0.04012340383676523
2022-06-17,0.0
2022-06-18,0.0032153648754586254
2022-06-19,0.028846187929782878
2022-06-20,0.059190028610606606
2022-06-21,-0.029411731976661054
2022-06-22,0.006060563834664082
2022-06-23,0.0
2022-06-24,0.03313251982282084
2022-06-25,-0.014577201093896772
2022-06-26,-0.050295894672380395
2022-06-27,-0.016659119520483098
2022-06-28,0.0
2022-06-29,0.0
2022-06-30,0.0
2022-07-01,0.0
2022-07-02,0.0
2022-07-03,0.0
2022-07-04,0.0
2022-07-05,0.0
2022-07-06,0.0
2022-07-07,0.0
2022-07-08,0.0
2022-07-09,0.0
2022-07-10,0.0
2022-07-11,0.0
2022-07-12,0.0
2022-07-13,0.0
2022-07-14,0.0
2022-07-15,0.0
2022-07-16,0.0
2022-07-17,0.0
2022-07-18,0.0
2022-07-19,-0.0010988911098896654
2022-07-20,-0.046211485352624385
2022-07-21,0.0
2022-07-22,0.0
2022-07-23,-0.0010988911098899178
2022-07-24,0.029508231135946462
2022-07-25,-0.03503183532645137
2022-07-26,-0.014286704116520544
2022-07-27,0.0
2022-07-28,0.0
2022-07-29,0.0
2022-07-30,0.0
2022-07-31,0.0
2022-08-01,0.0
2022-08-02,0.0
2022-08-03,0.0
2022-08-04,0.0
2022-08-05,0.0
2022-08-06,-0.001098891109889902
2022-08-07,0.05294115179779058
2022-08-08,0.013966505880193398
2022-08-09,0.04132230808609437
2022-08-10,0.0
2022-08-11,-0.010582014248403966
2022-08-12,0.02139038182202743
2022-08-13,-0.020942415556987892
2022-08-14,-0.03475931209749752
2022-08-15,-0.005540208189930417
2022-08-16,-0.015012182698550813
2022-08-17,0.0
2022-08-18,0.0
2022-08-19,0.0
2022-08-20,0.0
2022-08-21,0.0
2022-08-22,0.0
2022-08-23,0.0
2022-08-24,0.0
2022-08-25,0.0
2022-08-26,0.0
2022-08-27,0.0
2022-08-28,0.0
2022-08-29,0.0
2022-08-30,0.0
2022-08-31,0.0
2022-09-01,0.0
2022-09-02,0.0
2022-09-03,-0.0010988911098899063
2022-09-04,0.03768110807137776
2022-09-05,0.03910620020541772
2022-09-06,-0.048387151034715456
2022-09-07,0.03672319798160814
2022-09-08,0.043596744938788505
2022-09-09,-0.05483032391119001
2022-09-10,0.008287356113914962
2022-09-11,0.008219160605694437
2022-09-12,-0.05978266715088679
2022-09-13,0.020231284617051915
2022-09-14,0.042492910373066566
2022-09-15,0.04076086268813108
2022-09-16,0.010443867602649788
2022-09-17,0.0413436824647319
2022-09-18,-0.03970224543627759
2022-09-19,-0.03359176080351835
2022-09-20,-0.024064121186483767
2022-09-21,-0.008219240342213186
2022-09-22,0.013812179792534596
2022-09-23,0.05177111478931366
2022-09-24,0.044041484569805035
2022-09-25,0.03722083704202554
2022-09-26,-0.0143541062962376
2022-09-27,0.026699020896267973
2022-09-28,-0.04964535640118129
2022-09-29,0.004975089800157351
2022-09-30,-0.03465344180897887
2022-10-01,-0.019028863538855623
2022-10-02,0.0
2022-10-03,0.0
2022-10-04,0.0
2022-10-05,0.0
2022-10-06,0.0
2022-10-07,0.0
2022-10-08,0.0
2022-10-09,0.0
2022-10-10,0.0
2022-10-11,0.0
2022-10-12,0.0
2022-10-13,0.0
2022-10-14,0.0
2022-10-15,0.0
2022-10-16,0.0
2022-10-17,0.0
2022-10-18,0.0
2022-10-19,0.0
2022-10-20,0.0
2022-10-21,0.0
2022-10-22,0.0
2022-10-23,0.0
2022-10-24,0.0
2022-10-25,0.0
2022-10-26,0.0
2022-10-27,0.0
2022-10-28,0.0
2022-10-29,0.0
2022-10-30,0.0
2022-10-31,-0.0010988911098897929
2022-11-01,-0.02083333964926847
2022-11-02,-0.021276602332238548
2022-11-03,0.03804345075252383
2022-11-04,0.08115184123631854
2022-11-05,-0.014527814664553296
2022-11-06,-0.04668311450161596
2022-11-07,0.11340210438704265
2022-11-08,-0.04166664701708985
2022-11-09,-0.05314014857856615
2022-11-10,0.04591842151509644
2022-11-11,0.004878014846218607
2022-11-12,-0.09466020994881971
2022-11-13,-0.006455895722587224
2022-11-14,0.0
2022-11-15,0.0
2022-11-16,0.0
2022-11-17,0.0
2022-11-18,0.0
2022-11-19,0.0
2022-11-20,0.0
2022-11-21,0.0
2022-11-22,0.0
2022-11-23,0.0
2022-11-24,-0.0010988911098899967
2022-11-25,0.007299325895782022
2022-11-26,0.048309123727269754
2022-11-27,-0.03225804288402595
2022-11-28,0.05714287694138139
2022-11-29,0.0022522693777102766
2022-11-30,0.004494350717759268
2022-12-01,0.013422790825561108
2022-12-02,-0.01545252827809849
2022-12-03,-0.04035872625191005
2022-12-04,0.016355128747730183
2022-12-05,-0.013793074840467545
2022-12-06,-0.029041170542399186
2022-12-07,0.0
2022-12-08,0.0
2022-12-09,0.0
2022-12-10,0.0
2022-12-11,0.0
2022-12-12,0.0
2022-12-13,0.0
2022-12-14,0.0
2022-12-15,0.0
2022-12-16,0.0
2022-12-17,0.0
2022-12-18,0.0
2022-12-19,0.0
2022-12-20,0.0
2022-12-21,0.0
2022-12-22,0.0
2022-12-23,0.0
2022-12-24,0.0
2022-12-25,0.0
2022-12-26,0.0
2022-12-27,0.0
2022-12-28,0.0
2022-12-29,0.0
2022-12-30,0.0
2022-12-31,0.0
2023-01-01,0.0
2023-01-02,0.0
2023-01-03,0.0
2023-01-04,0.0
2023-01-05,0.0
2023-01-06,0.0
2023-01-07,0.0
2023-01-08,0.0
2023-01-09,0.0
2023-01-10,-0.0010988911098900832
2023-01-11,-0.008498648032300871
2023-01-12,-0.03428564396135398
2023-01-13,-0.018831902787414978
2023-01-14,0.0
2023-01-15,0.0
2023-01-16,0.0
2023-01-17,0.0
2023-01-18,0.0
2023-01-19,0.0
2023-01-20,0.0
2023-01-21,0.0
2023-01-22,0.0
2023-01-23,0.0
2023-01-24,0.0
2023-01-25,0.0
2023-01-26,0.0
2023-01-27,0.0
2023-01-28,-0.001098891109889842
2023-01-29,-0.006389732094123781
2023-01-30,-0.028938938949243185
2023-01-31,-0.006622470604890294
2023-02-01,0.013333240201080183
2023-02-02,-0.0032894031416820643
2023-02-03,0.026402648506133133
2023-02-04,-0.003215458456903663
2023-02-05,-0.02043350356545389
2023-02-06,0.0
2023-02-07,0.0
2023-02-08,0.0
2023-02-09,0.0
2023-02-10,0.0
2023-02-11,0.0
2023-02-12,0.0
2023-02-13,0.0
2023-02-14,0.0
2023-02-15,0.0
2023-02-16,0.0
2023-02-17,0.0
2023-02-18,0.0
2023-02-19,0.0
2023-02-20,-0.0010988911098898473
2023-02-21,-0.027950341997115644
2023-02-22,0.01916938224934108
2023-02-23,0.03761747477843002
2023-02-24,-0.030211447688764447
2023-02-25,-0.009345774903540376
2023-02-26,0.0
2023-02-27,-0.02937068945820844
2023-02-28,0.0
2023-03-01,0.0
2023-03-02,0.0
2023-03-03,0.0
2023-03-04,0.0
2023-03-05,0.0
2023-03-06,0.0
2023-03-07,0.0
2023-03-08,0.0
2023-03-09,0.0
2023-03-10,0.0
2023-03-11,0.0
2023-03-12,0.0
2023-03-13,0.0
2023-03-14,0.0
2023-03-15,0.0
2023-03-16,0.0
2023-03-17,0.0
2023-03-18,0.0
2023-03-19,0.0
2023-03-20,0.0
2023-03-21,0.0
2023-03-22,0.0
2023-03-23,0.0
2023-03-24,0.0
2023-03-25,0.0
2023-03-26,0.0
2023-03-27,0.0
2023-03-28,0.0
2023-03-29,0.0
2023-03-30,0.0
2023-03-31,0.0
2023-04-01,0.0
2023-04-02,0.0
2023-04-03,0.0
2023-04-04,0.0
2023-04-05,0.0
2023-04-06,0.0
2023-04-07,0.0
2023-04-08,0.0
2023-04-09,0.0
2023-04-10,0.0
2023-04-11,0.0
2023-04-12,0.0
2023-04-13,0.0
2023-04-14,0.0
2023-04-15,0.0
2023-04-16,0.0
2023-04-17,0.0
2023-04-18,-0.0010988911098898135
2023-04-19,0.018050467930732467
2023-04-20,-0.042553206860330255
2023-04-21,-0.014814820404028048
2023-04-22,-0.018796917619744214
2023-04-23,-0.011494340029964589
2023-04-24,-0.004971522831471109
2023-04-25,0.0
2023-04-26,0.0
2023-04-27,0.0
2023-04-28,0.0
2023-04-29,0.0
2023-04-30,0.0
2023-05-01,0.0
2023-05-02,0.0
2023-05-03,0.0
2023-05-04,0.0
2023-05-05,0.0
2023-05-06,0.0
2023-05-07,0.0
2023-05-08,0.0
2023-05-09,0.0
2023-05-10,0.0
2023-05-11,0.0
2023-05-12,0.0
2023-05-13,0.0
2023-05-14,0.0
2023-05-15,0.0
2023-05-16,0.0
2023-05-17,0.0
2023-05-18,0.0
2023-05-19,0.0
2023-05-20,0.0
2023-05-21,0.0
2023-05-22,0.0
2023-05-23,0.0
2023-05-24,0.0
2023-05-25,0.0
2023-05-26,0.0
2023-05-27,0.0
2023-05-28,0.0
2023-05-29,0.0
2023-05-30,0.0
2023-05-31,0.0
2023-06-01,0.0
2023-06-02,0.0
2023-06-03,0.0
2023-06-04,0.0
2023-06-05,0.0
2023-06-06,0.0
2023-06-07,0.0
2023-06-08,0.0
2023-06-09,0.0
2023-06-10,0.0
2023-06-11,0.0
2023-06-12,0.0
2023-06-13,0.0
2023-06-14,0.0
2023-06-15,0.0
2023-06-16,0.0
2023-06-17,0.0
2023-06-18,0.0
2023-06-19,0.0
2023-06-20,0.0
2023-06-21,0.0
2023-06-22,0.0
2023-06-23,0.0
2023-06-24,0.0
2023-06-25,0.0
2023-06-26,0.0
2023-06-27,0.0
2023-06-28,0.0
2023-06-29,0.0
2023-06-30,0.0
2023-07-01,0.0
2023-07-02,-0.0010988911098899837
2023-07-03,0.0047170170715246425
2023-07-04,-0.004694871283531613
2023-07-05,0.0
2023-07-06,-0.023584879434292886
2023-07-07,-0.014492793357465655
2023-07-08,-0.004901926866210006
2023-07-09,0.004926074121290099
2023-07-10,0.0
2023-07-11,-0.004901926866210006
2023-07-12,-0.0010999000000000544
2023-07-13,0.0
2023-07-14,0.0
2023-07-15,0.0
2023-07-16,-0.0010988911098896693
2023-07-17,-0.03947372871949991
2023-07-18,0.09132423428849941
2023-07-19,-0.029288682293637586
2023-07-20,-0.004310377541276983
2023-07-21,0.21212125411808175
2023-07-22,-0.028571437480764114
2023-07-23,-0.029411774147003727
2023-07-24,-0.00757581520214313
2023-07-25,-0.007633535212470843
2023-07-26,-0.026923057979755406
2023-07-27,0.04347824586501305
2023-07-28,0.03409094792608197
2023-07-29,-0.025641113113790987
2023-07-30,0.00265539229503423
2023-07-31,0.0
2023-08-01,0.0
2023-08-02,0.0
2023-08-03,0.0
2023-08-04,0.0
2023-08-05,0.0
2023-08-06,0.0
2023-08-07,0.0
2023-08-08,0.0
2023-08-09,0.0
2023-08-10,0.0
2023-08-11,0.0
2023-08-12,0.0
2023-08-13,0.0
2023-08-14,0.0
2023-08-15,0.0
2023-08-16,0.0
2023-08-17,0.0
2023-08-18,0.0
2023-08-19,0.0
2023-08-20,0.0
2023-08-21,0.0
2023-08-22,0.0
2023-08-23,0.0
2023-08-24,0.0
2023-08-25,0.0
2023-08-26,0.0
2023-08-27,0.0
2023-08-28,0.0
2023-08-29,0.0
2023-08-30,0.0
2023-08-31,0.0
2023-09-01,0.0
2023-09-02,0.0
2023-09-03,0.0
2023-09-04,0.0
2023-09-05,0.0
2023-09-06,-0.0010988911098899336
2023-09-07,0.025210093282059125
2023-09-08,-0.004098332302771399
2023-09-09,-0.004115257635069386
2023-09-10,-0.016528931583327213
2023-09-11,-0.021008380497131326
2023-09-12,-0.009674152730663702
2023-09-13,0.0
2023-09-14,0.0
2023-09-15,0.0
2023-09-16,0.0
2023-09-17,0.0
2023-09-18,0.0
2023-09-19,0.0
2023-09-20,0.0
2023-09-21,-0.001098891109889794
2023-09-22,-0.011764681713081253
2023-09-23,0.03571432696121125
2023-09-24,0.038314132239772765
2023-09-25,-0.01845021779008711
2023-09-26,0.07142857142857156
2023-09-27,-0.014035093093967133
2023-09-28,0.03202850808371874
2023-09-29,-0.003448302162795986
2023-09-30,0.024221537963279662
2023-10-01,0.02364863104338306
2023-10-02,-0.049504941935938664
2023-10-03,-0.0555555723980495
2023-10-04,-0.008444809474997875
2023-10-05,-0.0010988911098898959
2023-10-06,-0.010869542293769942
2023-10-07,0.0036629247813136302
2023-10-08,-0.019327931215006446
2023-10-09,0.0
2023-10-10,0.0
2023-10-11,0.0
2023-10-12,0.0
2023-10-13,0.0
2023-10-14,0.0
2023-10-15,0.0
2023-10-16,0.0
2023-10-17,0.0
2023-10-18,0.0
2023-10-19,0.0
2023-10-20,0.0
2023-10-21,0.0
2023-10-22,0.0
2023-10-23,0.0
2023-10-24,-0.0010988911098897508
2023-10-25,-0.04075238598939848
2023-10-26,0.04575160166177178
2023-10-27,0.0
2023-10-28,0.031250056843420276
2023-10-29,-0.03030308375358967
2023-10-30,0.006250047748473043
2023-10-31,0.012422364178210802
2023-11-01,0.006134926604337526
2023-11-02,0.0
2023-11-03,-0.03963409386020974
2023-11-04,0.050793573652737595
2023-11-05,-0.009063425513931016
2023-11-06,0.06402443515054218
2023-11-07,0.06303722730065979
2023-11-08,-0.0053908766003086216
2023-11-09,0.1355013663420735
2023-11-10,-0.04773264484365545
2023-11-11,0.04260647479243643
2023-11-12,0.062499986882287834
2023-11-13,-0.022624409659732798
2023-11-14,-0.08564812647123402
2023-11-15,-0.005063329565062786
2023-11-16,0.007633571957592531
2023-11-17,-0.03030296794404067
2023-11-18,-0.027112969177665116
2023-11-19,0.0
2023-11-20,0.0
2023-11-21,0.0
2023-11-22,0.0
2023-11-23,0.0
2023-11-24,0.0
2023-11-25,0.0
2023-11-26,0.0
2023-11-27,0.0
2023-11-28,0.0
2023-11-29,0.0
2023-11-30,0.0
2023-12-01,0.0
2023-12-02,0.0
2023-12-03,0.0
2023-12-04,0.0
2023-12-05,0.0
2023-12-06,0.0
2023-12-07,0.0
2023-12-08,0.0
2023-12-09,0.0
2023-12-10,0.0
2023-12-11,0.0
2023-12-12,0.0
2023-12-13,0.0
2023-12-14,0.0
2023-12-15,0.0
2023-12-16,0.0
2023-12-17,0.0
2023-12-18,0.0
2023-12-19,0.0
2023-12-20,0.0
2023-12-21,0.0
2023-12-22,0.0
2023-12-23,0.0
2023-12-24,0.0
2023-12-25,0.0
2023-12-26,0.0
2023-12-27,0.0
2023-12-28,0.0
2023-12-29,-0.0010988911098897907
2023-12-30,-0.02122016693247395
2023-12-31,-0.024390193885939635
2024-01-01,-0.017748280761196115
2024-01-02,0.0
2024-01-03,0.0
2024-01-04,0.0
2024-01-05,0.0
2024-01-06,0.0
2024-01-07,0.0
2024-01-08,0.0
2024-01-09,0.0
2024-01-10,0.0
2024-01-11,0.0
2024-01-12,0.0
2024-01-13,0.0
2024-01-14,0.0
2024-01-15,-0.00109889110988979
2024-01-16,0.008450686674142864
2024-01-17,-0.011173188445031098
2024-01-18,0.03954807833731962
2024-01-19,-0.03532611790341074
2024-01-20,0.08450703070667298
2024-01-21,-0.01818180581183104
2024-01-22,-0.02116402849680785
2024-01-23,-0.005405367989231241
2024-01-24,-0.02717396118308343
