Date,0
2000-01-14,
2000-01-18,
2000-01-19,
2000-01-20,0.19366901985795834
2000-01-21,0.19262416025738774
2000-01-24,
2000-01-25,0.1822158400221618
2000-01-26,0.21649163275345962
2000-01-27,
2000-01-28,
2000-01-31,
2000-02-01,
2000-02-02,
2000-02-03,
2000-02-04,0.434497460265292
2000-02-07,0.18321705334979219
2000-02-08,0.2184645939434496
2000-02-09,0.2173220150063468
2000-02-10,0.18148849308627604
2000-02-11,0.5311926016521087
2000-02-14,0.1816101549258059
2000-02-15,0.2703095278221772
2000-02-16,0.5388652514642815
2000-02-17,0.5357163761753537
2000-02-18,0.5467829199303389
2000-02-22,0.5340560201181114
2000-02-23,0.5162331505584594
2000-02-24,0.5340560201181114
2000-02-25,0.550353861947987
2000-02-28,0.5178049056119544
2000-02-29,0.5176789759578703
2000-03-01,0.25202279823280477
2000-03-02,0.21809920132756702
2000-03-03,0.20821030406468385
2000-03-06,0.21809920132756702
2000-03-07,0.2974773180119534
2000-03-08,0.4996594864598265
2000-03-09,0.5494743264833806
2000-03-10,0.6278933242152557
2000-03-13,0.5535202480478455
2000-03-14,
2000-03-15,0.5885915355848335
2000-03-16,0.5625732491562242
2000-03-17,0.6477614606888054
2000-03-20,0.5960841240476612
2000-03-21,0.20784599882772148
2000-03-22,0.2412468231629869
2000-03-23,0.23597731538555286
2000-03-24,0.23835543408417106
2000-03-27,0.22124768620343127
2000-03-28,0.22124768620343127
2000-03-29,0.18216735790662106
2000-03-30,0.4883115264835485
2000-03-31,0.17077779748829391
2000-04-03,0.18186413278151004
2000-04-04,0.40131570805582983
2000-04-05,
2000-04-06,
2000-04-07,
2000-04-10,
2000-04-11,
2000-04-12,
2000-04-13,
2000-04-14,
2000-04-17,
2000-04-18,0.22129086477000756
2000-04-19,0.23869895458670326
2000-04-20,0.30696870872905757
2000-04-24,0.20617365292837148
2000-04-25,0.21770114530804732
2000-04-26,0.22013766787673245
2000-04-27,0.21238189020879916
2000-04-28,0.22426620664213665
2000-05-01,0.22341686486030576
2000-05-02,
2000-05-03,
2000-05-04,
2000-05-05,0.1731934556007773
2000-05-08,
2000-05-09,
2000-05-10,
2000-05-11,
2000-05-12,
2000-05-15,0.16979932032459435
2000-05-16,0.16979932032459435
2000-05-17,0.16979932032459435
2000-05-18,
2000-05-19,
2000-05-22,
2000-05-23,
2000-05-24,
2000-05-25,
2000-05-26,
2000-05-30,
2000-05-31,
2000-06-01,0.449961662441502
2000-06-02,0.18144034748067916
2000-06-05,0.31053289062578193
2000-06-06,0.30080729192009203
2000-06-07,0.2254878236587108
2000-06-08,0.34424554578051964
2000-06-09,0.3524200063005541
2000-06-12,0.6569562825145807
2000-06-13,0.6395703188116106
2000-06-14,0.6687602340796645
2000-06-15,0.6553400266914763
2000-06-16,0.657677249765381
2000-06-19,0.7075011949570867
2000-06-20,0.26118311540665906
2000-06-21,0.3431022317408882
2000-06-22,0.3114166251805595
2000-06-23,0.3595540435983208
2000-06-26,0.2687998934660231
2000-06-27,0.6659232177261528
2000-06-28,0.27813311573884564
2000-06-29,0.6382651808874278
2000-06-30,0.6212621231677162
2000-07-03,0.7438355128466031
2000-07-05,0.6237596940483756
2000-07-06,0.6307207758141228
2000-07-07,
2000-07-10,0.2320476214161787
2000-07-11,0.2735431419223217
2000-07-12,0.2744164996924062
2000-07-13,0.22941907245795187
2000-07-14,0.22855596545269097
2000-07-17,0.22855596545269097
2000-07-18,0.22855596545269097
2000-07-19,0.5480821868395879
2000-07-20,0.18186413278151004
2000-07-21,0.18186413278151004
2000-07-24,
2000-07-25,0.382430413923983
2000-07-26,
2000-07-27,
2000-07-28,
2000-07-31,0.1731934556007773
2000-08-01,0.19537201329710774
2000-08-02,
2000-08-03,
2000-08-04,
2000-08-07,
2000-08-08,
2000-08-09,
2000-08-10,
2000-08-11,0.6005022993409936
2000-08-14,
2000-08-15,
2000-08-16,0.6703662243909856
2000-08-17,0.7729410386028605
2000-08-18,0.7556055994409211
2000-08-21,0.785117730541211
2000-08-22,0.8080807432558721
2000-08-23,0.7729410386028605
2000-08-24,0.4474098063138658
2000-08-25,0.4467379529732069
2000-08-28,0.3467181264967583
2000-08-29,0.3573567657208014
2000-08-30,0.3683172855152275
2000-08-31,0.3683172855152275
2000-09-01,0.3363588438913579
2000-09-05,0.30861734958836395
2000-09-06,0.6645896632609881
2000-09-07,0.2622776084352729
2000-09-08,0.25534042827684567
2000-09-11,0.25534042827684567
2000-09-12,
2000-09-13,0.20403437670280847
2000-09-14,
2000-09-15,
2000-09-18,
2000-09-19,0.17964031817334078
2000-09-20,0.21451732936897192
2000-09-21,0.1565090184779057
2000-09-22,
2000-09-25,0.1556979403783064
2000-09-26,
2000-09-27,
2000-09-28,0.15658134547985794
2000-09-29,
2000-10-02,
2000-10-03,
2000-10-04,
2000-10-05,
2000-10-06,
2000-10-09,
2000-10-10,
2000-10-11,
2000-10-12,
2000-10-13,
2000-10-16,0.17206647989166368
2000-10-17,0.23539230833375943
2000-10-18,0.23539230833375943
2000-10-19,
2000-10-20,
2000-10-23,
2000-10-24,
2000-10-25,
2000-10-26,
2000-10-27,0.5627937216020583
2000-10-30,0.5410143846603197
2000-10-31,0.542228085858867
2000-11-01,0.20191283735384935
2000-11-02,0.19975757214663795
2000-11-03,0.24033739761423284
2000-11-06,0.22431905582392078
2000-11-07,0.22547330886816347
2000-11-08,0.3028674215100336
2000-11-09,0.24740341821810707
2000-11-10,
2000-11-13,0.5460998953139743
2000-11-14,0.22959471282975738
2000-11-15,0.24740341821810707
2000-11-16,
2000-11-17,
2000-11-20,0.24740341821810707
2000-11-21,
2000-11-22,
2000-11-24,
2000-11-27,0.22462071927565408
2000-11-28,
2000-11-29,
2000-11-30,
2000-12-01,0.23995971033417343
2000-12-04,
2000-12-05,
2000-12-06,
2000-12-07,
2000-12-08,
2000-12-11,0.25509341593249946
2000-12-12,0.19821556418474148
2000-12-13,0.23933042266516838
2000-12-14,
2000-12-15,
2000-12-18,0.44566023074072897
2000-12-19,
2000-12-20,
2000-12-21,0.47850054129657743
2000-12-22,0.6472618348456082
2000-12-26,0.614242534529501
2000-12-27,0.6130835228603612
2000-12-28,0.6130835228603612
2000-12-29,0.6460628859092585
2001-01-02,0.6777872577814544
2001-01-03,0.5121134098707999
2001-01-04,0.5606723298446205
2001-01-05,0.727787939643492
2001-01-08,0.732038455113731
2001-01-09,0.5036241221725076
2001-01-10,0.707578698555816
2001-01-11,0.4791238807198017
2001-01-12,0.7261937070481128
2001-01-16,0.7032516639681579
2001-01-17,0.6132248166029839
2001-01-18,0.7567811800713087
2001-01-19,0.3543070254449139
2001-01-22,0.4770864526931477
2001-01-23,0.29356452513550607
2001-01-24,0.3130934460867376
2001-01-25,0.49369637783971376
2001-01-26,0.6598974142392016
2001-01-29,0.2853018334317101
2001-01-30,0.2870868673789174
2001-01-31,0.31256140759301815
2001-02-01,0.25366565677411224
2001-02-02,0.2596704800129922
2001-02-05,0.31946855634364074
2001-02-06,0.2336695224621058
2001-02-07,0.18575340349152988
2001-02-08,0.18575340349152988
2001-02-09,
2001-02-12,0.3021013222795314
2001-02-13,
2001-02-14,
2001-02-15,
2001-02-16,
2001-02-20,
2001-02-21,0.4118765746936064
2001-02-22,0.4118765746936064
2001-02-23,
2001-02-26,
2001-02-27,0.3150265285031876
2001-02-28,
2001-03-01,0.47637805997188
2001-03-02,0.47151335397781274
2001-03-05,0.1839009312110618
2001-03-06,0.2798927768016788
2001-03-07,0.2749189790655297
2001-03-08,0.232392682644235
2001-03-09,0.3230776309430073
2001-03-12,0.5731506242626873
2001-03-13,0.47637805997188
2001-03-14,0.505467969521951
2001-03-15,0.5738467125994584
2001-03-16,0.5451596713614673
2001-03-19,0.604973664144169
2001-03-20,0.5119553955353698
2001-03-21,0.5119553955353698
2001-03-22,0.19929911553322988
2001-03-23,0.2615837118592563
2001-03-26,0.232392682644235
2001-03-27,0.25945716235280586
2001-03-28,0.232392682644235
2001-03-29,0.22855596545269097
2001-03-30,0.23152174968396894
2001-04-02,0.3131558706693014
2001-04-03,0.5799291250753003
2001-04-04,
2001-04-05,0.4463032250626862
2001-04-06,0.5203928281635468
2001-04-09,
2001-04-10,
2001-04-11,0.5012858957753349
2001-04-12,0.5066758138886748
2001-04-16,0.5303346380915085
2001-04-17,0.47523609068492306
2001-04-18,0.6232594348608498
2001-04-19,0.3443190251879269
2001-04-20,0.2674602857956672
2001-04-23,0.44980053711656337
2001-04-24,0.6878389353196604
2001-04-25,0.28010841972047834
2001-04-26,0.27912368870995063
2001-04-27,0.2571539130672906
2001-04-30,0.23668130340669538
2001-05-01,0.2336695224621058
2001-05-02,0.26775603388250807
2001-05-03,0.2596704800129922
2001-05-04,0.23279525553878913
2001-05-07,0.2606113923440951
2001-05-08,
2001-05-09,
2001-05-10,
2001-05-11,
2001-05-14,0.48031865266597545
2001-05-15,0.3083036338625559
2001-05-16,0.19201028296935657
2001-05-17,0.18730863219439117
2001-05-18,0.1909722528907179
2001-05-21,0.18730863219439117
2001-05-22,0.18730863219439117
2001-05-23,
2001-05-24,
2001-05-25,
2001-05-29,
2001-05-30,
2001-05-31,
2001-06-01,
2001-06-04,0.48031865266597545
2001-06-05,0.3173297462240893
2001-06-06,0.5062571355808906
2001-06-07,0.1831683645086615
2001-06-08,0.22329031216857895
2001-06-11,0.5322647826325092
2001-06-12,0.5087455706124295
2001-06-13,0.5322647826325092
2001-06-14,
2001-06-15,0.6350654623427289
2001-06-18,0.6016071899039871
2001-06-19,
2001-06-20,
2001-06-21,0.35963366872287483
2001-06-22,0.3928832214604674
2001-06-25,0.33104260712551475
2001-06-26,0.3002732684960466
2001-06-27,0.33560442986335814
2001-06-28,0.3202227735826343
2001-06-29,0.3539773317486994
2001-07-02,0.286746455616873
2001-07-03,0.2370095417110945
2001-07-05,0.2596704800129922
2001-07-06,
2001-07-09,0.2576519344840391
2001-07-10,
2001-07-11,
2001-07-12,
2001-07-13,0.1839009312110618
2001-07-16,0.22941907245795187
2001-07-17,0.23060651296020931
2001-07-18,
2001-07-19,
2001-07-20,0.4118765746936064
2001-07-23,
2001-07-24,
2001-07-25,
2001-07-26,0.47549722606880807
2001-07-27,0.41069288060967757
2001-07-30,0.4159210900030344
2001-07-31,
2001-08-01,
2001-08-02,0.18676961523569394
2001-08-03,0.2059234435206172
2001-08-06,0.2059234435206172
2001-08-07,0.2059234435206172
2001-08-08,0.2567179971820553
2001-08-09,0.2059234435206172
2001-08-10,0.2059234435206172
2001-08-13,0.2059234435206172
2001-08-14,
2001-08-15,
2001-08-16,0.2567179971820553
2001-08-17,
2001-08-20,
2001-08-21,
2001-08-22,
2001-08-23,
2001-08-24,0.20702194537271582
2001-08-27,0.20348050375998555
2001-08-28,0.2508608045691115
2001-08-29,0.31156203042311914
2001-08-30,0.31156203042311914
2001-08-31,0.22422815106470134
2001-09-04,0.223378911905338
2001-09-05,0.22164201791048144
2001-09-06,
2001-09-07,
2001-09-10,0.251780651513643
2001-09-17,
2001-09-18,
2001-09-19,
2001-09-20,
2001-09-21,0.4537634929386019
2001-09-24,
2001-09-25,
2001-09-26,
2001-09-27,
2001-09-28,
2001-10-01,
2001-10-02,
2001-10-03,
2001-10-04,0.6105292265359193
2001-10-05,0.7097140810871841
2001-10-08,0.7101027341959208
2001-10-09,0.6796474221152653
2001-10-10,0.752646876222988
2001-10-11,0.407887000232893
2001-10-12,0.4068475195415065
2001-10-15,0.4215537425089425
2001-10-16,0.40064490660245866
2001-10-17,0.6785820914169851
2001-10-18,0.4395191828237814
2001-10-19,0.4461220015651297
2001-10-22,0.3100081714303846
2001-10-23,0.7130463822360293
2001-10-24,0.3615576678021294
2001-10-25,0.286746455616873
2001-10-26,0.3971658010759668
2001-10-29,0.6133563333115571
2001-10-30,0.505467969521951
2001-10-31,
2001-11-01,0.3160823846241177
2001-11-02,0.5214135030466658
2001-11-05,0.34385355772878906
2001-11-06,0.23205850037129314
2001-11-07,0.28710459306880204
2001-11-08,0.6678987857054705
2001-11-09,0.6368314842287875
2001-11-12,0.6368314842287875
2001-11-13,0.4488023134099369
2001-11-14,0.49234400952264584
2001-11-15,0.7269305923113292
2001-11-16,0.6043132849020814
2001-11-19,0.48667077646535944
2001-11-20,0.6093972327870022
2001-11-21,0.6400943864380383
2001-11-23,0.6941705847596374
2001-11-26,0.377481638162794
2001-11-27,0.5097150099463382
2001-11-28,0.7000747137728031
2001-11-29,0.6647457542695799
2001-11-30,0.4906852342496916
2001-12-03,0.4551615891060841
2001-12-04,0.29641844336849377
2001-12-05,0.2869572638476381
2001-12-06,0.29514982263496087
2001-12-07,0.3016160371940356
2001-12-10,0.2535120638601329
2001-12-11,0.31946855634364074
2001-12-12,0.30707579274384844
2001-12-13,
2001-12-14,
2001-12-17,0.5310143610611483
2001-12-18,0.4776601748005285
2001-12-19,0.5435444052619696
2001-12-20,0.47909849553909667
2001-12-21,0.47909849553909667
2001-12-24,0.4789726287936451
2001-12-26,0.5394140235630742
2001-12-27,0.21404420853017572
2001-12-28,0.21852071494812517
2001-12-31,0.263188131168836
2002-01-02,0.2630984215429825
2002-01-03,0.2630984215429825
2002-01-04,0.2795984593503153
2002-01-07,0.232392682644235
2002-01-08,0.2595735339511974
2002-01-09,0.5094150909969913
2002-01-10,
2002-01-11,
2002-01-14,0.5557010013127759
2002-01-15,0.5756560005975151
2002-01-16,
2002-01-17,0.6099050788348734
2002-01-18,0.5590247304558584
2002-01-22,0.5470202716208544
2002-01-23,0.4524268107889331
2002-01-24,0.49238734555128144
2002-01-25,0.49105550933566233
2002-01-28,0.7172490483795765
2002-01-29,0.6884809712202635
2002-01-30,0.50354341400106
2002-01-31,0.3176287337633142
2002-02-01,0.3927491085958388
2002-02-04,0.30461116841333125
2002-02-05,0.2779556416462236
2002-02-06,0.23152174968396894
2002-02-07,0.2596704800129922
2002-02-08,0.368139504263217
2002-02-11,0.23152174968396894
2002-02-12,0.23579923530472352
2002-02-13,0.23399486432849903
2002-02-14,0.23579923530472352
2002-02-15,
2002-02-19,
2002-02-20,0.48031865266597545
2002-02-21,
2002-02-22,
2002-02-25,
2002-02-26,0.3093471334626992
2002-02-27,0.5310143610611483
2002-02-28,
2002-03-01,0.5145690384197823
2002-03-04,0.2186068553521488
2002-03-05,0.552788377053838
2002-03-06,0.2984772030063636
2002-03-07,0.26671745179656897
2002-03-08,0.26384113830712513
2002-03-11,0.3294313109886955
2002-03-12,0.29227308906606536
2002-03-13,0.30515180941031456
2002-03-14,0.3493222808595925
2002-03-15,0.2625132669985093
2002-03-18,0.28806947855657067
2002-03-19,0.28806947855657067
2002-03-20,0.2879660540155219
2002-03-21,
2002-03-22,
2002-03-25,
2002-03-26,
2002-03-27,
2002-03-28,0.50301209379574
2002-04-01,0.29571666553265175
2002-04-02,0.5384170183113911
2002-04-03,0.5031381774390852
2002-04-04,0.23153818848895075
2002-04-05,0.2823668300257432
2002-04-08,0.33629703995617327
2002-04-09,0.5917312173530332
2002-04-10,0.2823668300257432
2002-04-11,0.34752479949393106
2002-04-12,0.2861050416219558
2002-04-15,0.26040060301749174
2002-04-16,0.2243200298135675
2002-04-17,0.26936208991635147
2002-04-18,0.2491697424730923
2002-04-19,0.2596704800129922
2002-04-22,0.2823668300257432
2002-04-23,
2002-04-24,
2002-04-25,0.329189233541808
2002-04-26,
2002-04-29,0.329189233541808
2002-04-30,0.29673074621169737
2002-05-01,0.329189233541808
2002-05-02,0.5077241346041611
2002-05-03,0.5077241346041611
2002-05-06,
2002-05-07,
2002-05-08,
2002-05-09,0.3272759069833664
2002-05-10,0.6234860014830508
2002-05-13,0.37127743441880257
2002-05-14,0.2859653296787378
2002-05-15,0.2952755497374586
2002-05-16,0.2535120638601329
2002-05-17,0.23152174968396894
2002-05-20,0.2596704800129922
2002-05-21,0.6071091646355917
2002-05-22,0.2606113923440951
2002-05-23,0.23060651296020931
2002-05-24,0.2606113923440951
2002-05-28,0.2606113923440951
2002-05-29,
2002-05-30,0.23279525553878913
2002-05-31,
2002-06-03,
2002-06-04,
2002-06-05,
2002-06-06,
2002-06-07,
2002-06-10,
2002-06-11,
2002-06-12,
2002-06-13,
2002-06-14,
2002-06-17,0.1831683645086615
2002-06-18,0.18216735790662106
2002-06-19,
2002-06-20,
2002-06-21,
2002-06-24,
2002-06-25,0.47515876045753064
2002-06-26,
2002-06-27,0.5094018682352773
2002-06-28,
2002-07-01,0.5397516359796574
2002-07-02,0.5685097963455699
2002-07-03,0.22273675303533913
2002-07-05,0.24782636980989434
2002-07-08,0.2369915728011608
2002-07-09,0.22841093560461245
2002-07-10,0.251780651513643
2002-07-11,0.22547330886816347
2002-07-12,0.2204875092163125
2002-07-15,0.22164201791048144
2002-07-16,0.2204875092163125
2002-07-17,
2002-07-18,
2002-07-19,
2002-07-22,
2002-07-23,
2002-07-24,
2002-07-25,
2002-07-26,
2002-07-29,0.250633403819977
2002-07-30,0.20782563986425093
2002-07-31,0.20672398518543794
2002-08-01,0.30889357397710976
2002-08-02,0.5423390852997293
2002-08-05,
2002-08-06,0.5656231924370567
2002-08-07,0.3120912683503649
2002-08-08,0.31477476708860713
2002-08-09,0.6471799597015797
2002-08-12,0.6460628859092585
2002-08-13,0.6348802836790612
2002-08-14,0.36684754174912626
2002-08-15,0.25283906257259164
2002-08-16,0.25787196499210635
2002-08-19,0.2271458650894078
2002-08-20,0.22567024463864246
2002-08-21,0.2330539396960713
2002-08-22,0.2503668132254452
2002-08-23,0.2503668132254452
2002-08-26,0.2596704800129922
2002-08-27,
2002-08-28,
2002-08-29,
2002-08-30,0.329189233541808
2002-09-03,
2002-09-04,0.329189233541808
2002-09-05,
2002-09-06,
2002-09-09,
2002-09-10,
2002-09-11,
2002-09-12,
2002-09-13,
2002-09-16,
2002-09-17,0.2292369326499112
2002-09-18,0.2597109008005589
2002-09-19,0.31051441855226364
2002-09-20,0.25248403435730765
2002-09-23,0.2508608045691115
2002-09-24,0.31051441855226364
2002-09-25,0.25212291359088296
2002-09-26,0.2508608045691115
2002-09-27,0.2508608045691115
2002-09-30,
2002-10-01,0.31051441855226364
2002-10-02,
2002-10-03,
2002-10-04,
2002-10-07,
2002-10-08,
2002-10-09,
2002-10-10,
2002-10-11,0.32577654837688685
2002-10-14,0.3459746302661712
2002-10-15,0.44232603078371263
2002-10-16,0.3795172732207774
2002-10-17,0.6360127670031919
2002-10-18,0.603732349724456
2002-10-21,0.668982252877437
2002-10-22,0.759847367764168
2002-10-23,0.7647983670375487
2002-10-24,0.6785820914169851
2002-10-25,0.5038291952834928
2002-10-28,0.46501181691736754
2002-10-29,0.429320658138201
2002-10-30,0.3251066123010649
2002-10-31,0.32403489367779864
2002-11-01,0.3324398513224663
2002-11-04,0.2764148812392284
2002-11-05,0.2786752380063107
2002-11-06,0.29992580388254797
2002-11-07,0.3204171856692326
2002-11-08,0.30302134413435744
2002-11-11,
2002-11-12,0.5127291349898693
2002-11-13,0.47515876045753064
2002-11-14,0.20854434665970298
2002-11-15,0.2576519344840391
2002-11-18,0.329189233541808
2002-11-19,0.5077241346041611
2002-11-20,0.329189233541808
2002-11-21,0.2042739914291409
2002-11-22,0.22891622916357107
2002-11-25,0.22891622916357107
2002-11-26,0.329189233541808
2002-11-27,0.22805445405476954
2002-11-29,0.2823668300257432
2002-12-02,
2002-12-03,
2002-12-04,
2002-12-05,
2002-12-06,
2002-12-09,
2002-12-10,
2002-12-11,0.20348050375998555
2002-12-12,0.22805445405476954
2002-12-13,0.2823668300257432
2002-12-16,0.2823668300257432
2002-12-17,0.22805445405476954
2002-12-18,
2002-12-19,
2002-12-20,
2002-12-23,
2002-12-24,0.5077241346041611
2002-12-26,0.329189233541808
2002-12-27,
2002-12-30,
2002-12-31,
2003-01-02,0.23000818541906323
2003-01-03,0.25550686081158536
2003-01-06,0.25586602109595524
2003-01-07,0.25168105334578317
2003-01-08,0.311976037125132
2003-01-09,0.25168105334578317
2003-01-10,0.25168105334578317
2003-01-13,0.31291264807425284
2003-01-14,0.311976037125132
2003-01-15,
2003-01-16,0.311976037125132
2003-01-17,
2003-01-21,
2003-01-22,
2003-01-23,
2003-01-24,
2003-01-27,0.5535394443510369
2003-01-28,0.27476397407798303
2003-01-29,0.28654643266829094
2003-01-30,0.37127743441880257
2003-01-31,0.3711540145437582
2003-02-03,0.35827845823384613
2003-02-04,0.31291264807425284
2003-02-05,0.3611302782228991
2003-02-06,0.3611302782228991
2003-02-07,0.6043132849020814
2003-02-10,0.6043132849020814
2003-02-11,0.6043132849020814
2003-02-12,
2003-02-13,0.37739381099241187
2003-02-14,0.3247396913691424
2003-02-18,0.31572981143631684
2003-02-19,0.3688420765984055
2003-02-20,0.32200940959486846
2003-02-21,0.26181327834398876
2003-02-24,0.34032610879048886
2003-02-25,0.29035471456224665
2003-02-26,0.37348404051254236
2003-02-27,0.3229620031629152
2003-02-28,0.2573092703072261
2003-03-03,0.37348404051254236
2003-03-04,
2003-03-05,
2003-03-06,
2003-03-07,
2003-03-10,
2003-03-11,
2003-03-12,
2003-03-13,
2003-03-14,0.2958217172417707
2003-03-17,0.2622666926712543
2003-03-18,0.2655065547765468
2003-03-19,0.2613308285925715
2003-03-20,0.2596704800129922
2003-03-21,0.26040060301749174
2003-03-24,0.6059424702276978
2003-03-25,0.329189233541808
2003-03-26,0.329189233541808
2003-03-27,0.329189233541808
2003-03-28,0.29673074621169737
2003-03-31,
2003-04-01,0.33015272408773555
2003-04-02,0.23000818541906323
2003-04-03,0.22805445405476954
2003-04-04,0.22805445405476954
2003-04-07,0.22805445405476954
2003-04-08,0.22805445405476954
2003-04-09,0.22805445405476954
2003-04-10,0.22805445405476954
2003-04-11,
2003-04-14,
2003-04-15,
2003-04-16,
2003-04-17,
2003-04-21,
2003-04-22,
2003-04-23,0.6323413553199148
2003-04-24,0.546020484915064
2003-04-25,0.6365100093068617
2003-04-28,0.7119182555485465
2003-04-29,0.7915776997273741
2003-04-30,0.7942669319334057
2003-05-01,0.7786891893801031
2003-05-02,0.7669746657320199
2003-05-05,0.7506625701005128
2003-05-06,0.38806253584589495
2003-05-07,0.3908175650637662
2003-05-08,0.36246406012630344
2003-05-09,0.3712304947226576
2003-05-12,0.3657236991120103
2003-05-13,0.3429394682513775
2003-05-14,0.3617634977974993
2003-05-15,0.3617634977974993
2003-05-16,0.3617634977974993
2003-05-19,0.40445370131228797
2003-05-20,0.5405283301278836
2003-05-21,0.5405343911587117
2003-05-22,0.2620718897051679
2003-05-23,0.21163451849595327
2003-05-27,0.19111761971264662
2003-05-28,0.21051803900626478
2003-05-29,0.21051803900626478
2003-05-30,0.2620718897051679
2003-06-02,
2003-06-03,
2003-06-04,0.4789726287936451
2003-06-05,0.4789726287936451
2003-06-06,
2003-06-09,
2003-06-10,0.4789726287936451
2003-06-11,0.4789726287936451
2003-06-12,0.6004655292254097
2003-06-13,0.5715871667562032
2003-06-16,0.42479474616882884
2003-06-17,0.42546071985046385
2003-06-18,0.3332195332123868
2003-06-19,0.3457126944155568
2003-06-20,0.3385426819616027
2003-06-23,0.4348538167397967
2003-06-24,0.6885891321473555
2003-06-25,0.41183741019768305
2003-06-26,0.44618162907440717
2003-06-27,0.5759949211162916
2003-06-30,0.5759949211162916
2003-07-01,0.5759949211162916
2003-07-02,0.606010970492672
2003-07-03,0.5759949211162916
2003-07-07,0.3845375473712199
2003-07-08,0.32535924083350215
2003-07-09,0.4170335377429077
2003-07-10,0.5887660578102569
2003-07-11,0.6313984197943339
2003-07-14,0.6325664317875204
2003-07-15,0.5887660578102569
2003-07-16,0.5887660578102569
2003-07-17,0.32356875016312225
2003-07-18,0.32941129166380406
2003-07-21,0.34929108594824604
2003-07-22,0.25803878926689583
2003-07-23,0.25813536196402315
2003-07-24,0.3184066550315083
2003-07-25,0.2649222841817344
2003-07-28,0.25813536196402315
2003-07-29,0.3184066550315083
2003-07-30,
2003-07-31,0.2079630066387904
2003-08-01,0.23412005485059148
2003-08-04,0.20906952399541545
2003-08-05,0.33677122948976324
2003-08-06,
2003-08-07,0.5128920781390485
2003-08-08,0.5128920781390485
2003-08-11,0.5116706455041944
2003-08-12,
2003-08-13,0.5755327943202733
2003-08-14,0.5116706455041944
2003-08-15,0.5116706455041944
2003-08-18,0.6163392846737671
2003-08-19,0.6202456439827186
2003-08-20,0.4284628628591725
2003-08-21,0.3617410160465022
2003-08-22,0.7143046375290296
2003-08-25,0.7103333704225948
2003-08-26,0.7115262880460266
2003-08-27,0.7034416939615159
2003-08-28,0.4283646606668331
2003-08-29,0.3530246454991111
2003-09-02,0.3246737744747679
2003-09-03,0.32718946734627974
2003-09-04,0.3557894724408121
2003-09-05,0.36573945627148774
2003-09-08,0.25803878926689583
2003-09-09,0.3680221929469729
2003-09-10,0.368139504263217
2003-09-11,0.2595735339511974
2003-09-12,0.23271678661175985
2003-09-15,0.263188131168836
2003-09-16,0.21147762617912372
2003-09-17,
2003-09-18,0.18833138429243582
2003-09-19,0.18730863219439117
2003-09-22,
2003-09-23,0.21156174183034404
2003-09-24,
2003-09-25,
2003-09-26,
2003-09-29,
2003-09-30,0.5544936719766983
2003-10-01,0.5543690778501507
2003-10-02,
2003-10-03,
2003-10-06,0.4139767545829267
2003-10-07,0.31826389589850473
2003-10-08,0.3525379492127318
2003-10-09,0.3286385570076244
2003-10-10,0.31325210820992844
2003-10-13,0.3169827919670569
2003-10-14,0.30374139420868834
2003-10-15,0.30613067066644445
2003-10-16,0.4055489435736246
2003-10-17,0.5007555680317641
2003-10-20,0.30199499693012305
2003-10-21,0.30199499693012305
2003-10-22,0.47058576348060205
2003-10-23,0.47046011329931964
2003-10-24,
2003-10-27,
2003-10-28,0.2019025754187525
2003-10-29,0.18676961523569394
2003-10-30,0.2059234435206172
2003-10-31,0.24062909179296801
2003-11-03,0.2059234435206172
2003-11-04,0.2059234435206172
2003-11-05,0.18216735790662106
2003-11-06,0.20348050375998555
2003-11-07,
2003-11-10,
2003-11-11,
2003-11-12,
2003-11-13,0.20239599725177
2003-11-14,
2003-11-17,
2003-11-18,
2003-11-19,
2003-11-20,
2003-11-21,
2003-11-24,
2003-11-25,0.524233428267994
2003-11-26,0.3078509223748359
2003-11-28,0.2567179971820553
2003-12-01,0.22505547785943358
2003-12-02,0.22505547785943358
2003-12-03,0.2508608045691115
2003-12-04,0.2508608045691115
2003-12-05,0.311976037125132
2003-12-08,0.2508608045691115
2003-12-09,
2003-12-10,
2003-12-11,0.25212291359088296
2003-12-12,0.2508608045691115
2003-12-15,
2003-12-16,
2003-12-17,
2003-12-18,0.5520044929683133
2003-12-19,
2003-12-22,
2003-12-23,
2003-12-24,
2003-12-26,0.680866590266128
2003-12-29,0.7729410386028605
2003-12-30,0.7720744796872326
2003-12-31,0.7593933260720409
2004-01-02,0.7428369851896257
2004-01-05,0.4435416123511008
2004-01-06,0.4598776954960069
2004-01-07,0.4435416123511008
2004-01-08,0.30388430042606895
2004-01-09,0.3213011012892284
2004-01-12,0.26651693788452085
2004-01-13,0.257781803879048
2004-01-14,0.2659437364745494
2004-01-15,0.37029346011900216
2004-01-16,0.30302134413435744
2004-01-20,0.30302134413435744
2004-01-21,0.506557792535645
2004-01-22,
2004-01-23,0.47515876045753064
2004-01-26,0.2077386016689165
2004-01-27,0.2077386016689165
2004-01-28,0.30198985263462047
2004-01-29,0.30198985263462047
2004-01-30,0.3010716097322027
2004-02-02,0.47515876045753064
2004-02-03,
2004-02-04,
2004-02-05,0.5077241346041611
2004-02-06,0.343806339970905
2004-02-09,0.33067147443208067
2004-02-10,0.27476397407798303
2004-02-11,0.2890093823548917
2004-02-12,0.2890093823548917
2004-02-13,0.32200940959486846
2004-02-17,0.32200940959486846
2004-02-18,0.36900230259701844
2004-02-19,0.5805919526731589
2004-02-20,
2004-02-23,
2004-02-24,0.56419186925079
2004-02-25,0.6354289474125766
2004-02-26,0.6980698042598394
2004-02-27,0.7570459699394941
2004-03-01,0.7911466008615904
2004-03-02,0.7627277945505805
2004-03-03,0.7627277945505805
2004-03-04,0.4758819798015198
2004-03-05,0.3930759448921823
2004-03-08,0.3210390852316467
2004-03-09,0.32876048585591805
2004-03-10,0.3393070126351753
2004-03-11,0.31603984702569204
2004-03-12,0.32728262245609885
2004-03-15,0.45089422974720766
2004-03-16,0.5945014415773678
2004-03-17,0.4812226281545829
2004-03-18,
2004-03-19,0.4776601748005285
2004-03-22,0.4776601748005285
2004-03-23,
2004-03-24,
2004-03-25,
2004-03-26,0.31102078405642114
2004-03-29,0.29909004110604354
2004-03-30,0.3593893733928052
2004-03-31,0.3808860971280697
2004-04-01,0.6581745465508378
2004-04-02,0.34952914255192996
2004-04-05,0.2924199607269964
2004-04-06,0.34952914255192996
2004-04-07,0.6014325523593829
2004-04-08,0.5732214254933127
2004-04-12,0.26254096139876093
2004-04-13,
2004-04-14,
2004-04-15,0.24230164537220555
2004-04-16,0.2362275473498483
2004-04-19,0.20876939266096506
2004-04-20,0.233755069508694
2004-04-21,0.233755069508694
2004-04-22,0.21040888443843833
2004-04-23,0.21040888443843833
2004-04-26,0.3068287582940801
2004-04-27,0.5099401286019491
2004-04-28,
2004-04-29,
2004-04-30,
2004-05-03,
2004-05-04,
2004-05-05,0.3498567587722897
2004-05-06,0.3499714862302146
2004-05-07,0.3498567587722897
2004-05-10,0.5099401286019491
2004-05-11,0.28151666441255574
2004-05-12,0.25470408111705084
2004-05-13,0.2839876260589159
2004-05-14,0.33629703995617327
2004-05-17,0.5900571071452335
2004-05-18,0.5931328014277353
2004-05-19,0.5582512940601217
2004-05-20,0.5582512940601217
2004-05-21,0.626523346383786
2004-05-24,0.6384451416591461
2004-05-25,0.5053797300274593
2004-05-26,0.514905444640789
2004-05-27,0.6948851960170206
2004-05-28,0.6908737906466822
2004-06-01,0.6860987733491299
2004-06-02,0.7440048135553596
2004-06-03,0.7157064429328325
2004-06-04,0.7729568900438403
2004-06-07,0.7404713172236834
2004-06-08,0.7415852718380573
2004-06-09,0.705493292746228
2004-06-10,0.73555407722685
2004-06-14,0.7174497654882397
2004-06-15,0.688225508733889
2004-06-16,0.29210720544177415
2004-06-17,0.2824006890395678
2004-06-18,0.2854502126537999
2004-06-21,0.32793193198705134
2004-06-22,0.2692581491598748
2004-06-23,0.25455951212752026
2004-06-24,0.26965839012993964
2004-06-25,0.27864567660634054
2004-06-28,0.23152174968396894
2004-06-29,0.18538466347453722
2004-06-30,0.1862567153450414
2004-07-01,
2004-07-02,
2004-07-06,
2004-07-07,
2004-07-08,
2004-07-09,
2004-07-12,
2004-07-13,
2004-07-14,
2004-07-15,0.2666932545931523
2004-07-16,0.2369121261953122
2004-07-19,0.2329164642326042
2004-07-20,0.2329164642326042
2004-07-21,0.32200940959486846
2004-07-22,0.2613308285925715
2004-07-23,0.5716498783954946
2004-07-26,0.5716498783954946
2004-07-27,0.2370095417110945
2004-07-28,0.2370095417110945
2004-07-29,0.23487225719624594
2004-07-30,0.23579923530472352
2004-08-02,0.3006522480918516
2004-08-03,0.3718649868166968
2004-08-04,0.25834136415330217
2004-08-05,0.32049934807132785
2004-08-06,
2004-08-09,0.4700783995390096
2004-08-10,0.2563295732153342
2004-08-11,0.468860786307979
2004-08-12,0.468860786307979
2004-08-13,0.468860786307979
2004-08-16,
2004-08-17,
2004-08-18,0.5818729744844614
2004-08-19,0.5671102636493522
2004-08-20,0.5643545582754778
2004-08-23,0.6201952970134365
2004-08-24,0.7300182389130032
2004-08-25,0.7912979199126259
2004-08-26,0.3584609259676328
2004-08-27,0.36979359423787167
2004-08-30,0.47388924463854926
2004-08-31,0.4512121977371714
2004-09-01,0.2939438225309767
2004-09-02,0.36238660424029856
2004-09-03,0.4724203921920244
2004-09-07,0.42862202267411426
2004-09-08,0.40209726560128434
2004-09-09,0.633568214101494
2004-09-10,0.6534408885752239
2004-09-13,0.616469509361741
2004-09-14,0.5872105311255852
2004-09-15,
2004-09-16,0.6792838958679629
2004-09-17,0.4738968073496718
2004-09-20,0.4346825251119383
2004-09-21,0.4230697885832159
2004-09-22,0.627762616129547
2004-09-23,0.6279758135667344
2004-09-24,0.6315150890513435
2004-09-27,0.627524051784084
2004-09-28,0.6698525951986404
2004-09-29,0.4566994489673471
2004-09-30,0.7017124034785082
2004-10-01,0.6688405625495345
2004-10-04,0.6851627111607063
2004-10-05,0.7071485380099538
2004-10-06,0.6937259080461793
2004-10-07,0.6902392706360228
2004-10-08,0.6237927418039214
2004-10-11,0.5402633918350483
2004-10-12,
2004-10-13,0.7246262568701527
2004-10-14,0.5425884801853512
2004-10-15,0.5585429298941789
2004-10-18,0.46430505254202303
2004-10-19,0.5425634807629444
2004-10-20,0.5443630549948073
2004-10-21,0.6942649297153652
2004-10-22,0.6985219360910008
2004-10-25,0.6999405316333466
2004-10-26,0.717045231247614
2004-10-27,0.7273030274389023
2004-10-28,0.5630354768579747
2004-10-29,0.542488998272875
2004-11-01,0.4739905188485939
2004-11-02,0.4961315545147283
2004-11-03,0.47451121910373156
2004-11-04,0.3683782732787552
2004-11-05,0.37076739811966447
2004-11-08,0.6155707789693087
2004-11-09,0.6027017519973643
2004-11-10,0.6178822036133965
2004-11-11,0.6178822036133965
2004-11-12,0.6384926490106794
2004-11-15,0.6018991453639927
2004-11-16,0.5307797239211902
2004-11-17,0.5307797239211902
2004-11-18,0.5307797239211902
2004-11-19,0.5479700367834225
2004-11-22,0.4720678334100294
2004-11-23,0.4373164740964346
2004-11-24,0.3620355594519039
2004-11-26,0.3336512117736408
2004-11-29,0.34191942644270834
2004-11-30,0.31483101347941644
2004-12-01,0.312773435996082
2004-12-02,0.32361268804284005
2004-12-03,0.5657418773683297
2004-12-06,0.28016218655563635
2004-12-07,0.5008269361002379
2004-12-08,0.47235553585588075
2004-12-09,0.42950004279797227
2004-12-10,0.20874244447683987
2004-12-13,0.20985201021386382
2004-12-14,0.1894663866715155
2004-12-15,0.18843890182035855
2004-12-16,0.19053218634414493
2004-12-17,0.18843890182035855
2004-12-20,
2004-12-21,0.4772446221538753
2004-12-22,0.4772446221538753
2004-12-23,0.4772446221538753
2004-12-27,0.5296710681198137
2004-12-28,0.5190582138627133
2004-12-29,0.5190582138627133
2004-12-30,0.5531307952032495
2004-12-31,0.51149155344877
2005-01-03,0.5531235540661001
2005-01-04,0.5789302487779612
2005-01-05,0.5789302487779612
2005-01-06,0.6119323942955832
2005-01-07,0.302938358025188
2005-01-10,0.4085073321970982
2005-01-11,0.585701939512766
2005-01-12,0.5961014301400059
2005-01-13,0.515754272670769
2005-01-14,0.5475576740669447
2005-01-18,0.5616300151143975
2005-01-19,0.7277487028129307
2005-01-20,0.7309770614893671
2005-01-21,0.7429033199213687
2005-01-24,0.7518298441836482
2005-01-25,0.743343400772401
2005-01-26,0.7549052549774327
2005-01-27,0.7392951978222634
2005-01-28,0.7332097885407725
2005-01-31,0.5191176136537676
2005-02-01,0.5913362421465415
2005-02-02,0.5491375589078081
2005-02-03,0.7140367758192443
2005-02-04,0.6955420595372864
2005-02-07,0.7000739170379655
2005-02-08,0.6963187062672518
2005-02-09,0.6877994336534389
2005-02-10,0.6727969817672522
2005-02-11,0.7142689634440965
2005-02-14,0.5454401388785439
2005-02-15,0.37269541233436076
2005-02-16,0.3760645344262196
2005-02-17,0.3675193423373786
2005-02-18,0.40732970198572643
2005-02-22,0.34323424039388545
2005-02-23,0.22987078047128456
2005-02-24,0.2395142638665336
2005-02-25,0.2395142638665336
2005-02-28,0.21898478971895205
2005-03-01,0.18950027293104768
2005-03-02,0.18950027293104768
2005-03-03,
2005-03-04,0.18918766544176718
2005-03-07,0.18843890182035855
2005-03-08,
2005-03-09,
2005-03-10,
2005-03-11,
2005-03-14,0.5191723079502952
2005-03-15,0.5710602172137716
2005-03-16,0.5222802751364916
2005-03-17,0.1872750472874482
2005-03-18,0.18833138429243582
2005-03-21,0.26366763773890567
2005-03-22,0.22855596545269097
2005-03-23,0.23152174968396894
2005-03-24,0.26030348021223676
2005-03-28,0.26446866808197234
2005-03-29,0.5715263747245733
2005-03-30,0.23399486432849903
2005-03-31,
2005-04-01,
2005-04-04,0.24542020777349277
2005-04-05,0.1862567153450414
2005-04-06,0.1872750472874482
2005-04-07,0.18410666460955252
2005-04-08,0.23786674545471384
2005-04-11,0.2273372038477937
2005-04-12,0.22247732558174452
2005-04-13,0.21386201764077528
2005-04-14,
2005-04-15,
2005-04-18,0.5324993506518092
2005-04-19,0.5019014754687948
2005-04-20,0.5171409848926498
2005-04-21,0.2961511713952772
2005-04-22,
2005-04-25,0.1711348427168195
2005-04-26,0.47585007044530786
2005-04-27,0.4796843938746837
2005-04-28,
2005-04-29,
2005-05-02,0.18427931571728057
2005-05-03,0.23763049873331124
2005-05-04,0.18532260820481516
2005-05-05,0.18327360004342128
2005-05-06,0.22412459520611772
2005-05-09,0.22587529823452054
2005-05-10,0.6343365089143077
2005-05-11,0.5876480735151548
2005-05-12,
2005-05-13,0.6046472232718352
2005-05-16,0.6199889425495101
2005-05-17,0.6320388124994234
2005-05-18,0.732765433218818
2005-05-19,0.7698683586658429
2005-05-20,0.7691794615801812
2005-05-23,0.33128234636018816
2005-05-24,0.3292009636610955
2005-05-25,0.325380547327222
2005-05-26,0.33921933516426145
2005-05-27,0.32614971731701775
2005-05-31,0.31108291864181975
2005-06-01,0.30144767765128744
2005-06-02,0.23279525553878913
2005-06-03,0.36856917110793314
2005-06-06,
2005-06-07,
2005-06-08,0.5312128652755275
2005-06-09,0.4734320107286496
2005-06-10,
2005-06-13,0.5373889127396115
2005-06-14,
2005-06-15,0.509777141808179
2005-06-16,0.18286384572545844
2005-06-17,0.1839009312110618
2005-06-20,0.20550427092493093
2005-06-21,0.18113787878559143
2005-06-22,0.22164201791048144
2005-06-23,0.22974027051811374
2005-06-24,0.25917761021850483
2005-06-27,0.6618234407294001
2005-06-28,0.6384974353940215
2005-06-29,
2005-06-30,0.62232125656905
2005-07-01,0.6265529686584221
2005-07-05,0.6766912898792014
2005-07-06,0.6148239098256386
2005-07-07,0.6852744282419364
2005-07-08,0.7099499230092623
2005-07-11,0.6852744282419364
2005-07-12,0.7361380546812053
2005-07-13,0.7892173460332182
2005-07-14,0.7906221835142266
2005-07-15,0.5426030195667139
2005-07-18,0.5568912445134799
2005-07-19,0.43430700444367026
2005-07-20,0.4272879610032788
2005-07-21,0.41579917643575776
2005-07-22,0.359651247459023
2005-07-25,0.359651247459023
2005-07-26,0.37055583688707217
2005-07-27,0.31108291864181975
2005-07-28,0.33547894525218397
2005-07-29,0.6340512571479088
2005-08-01,0.6427925960623307
2005-08-02,0.6010274613257894
2005-08-03,0.585947878218896
2005-08-04,0.5818996544426924
2005-08-05,0.5758488235753845
2005-08-08,
2005-08-09,
2005-08-10,0.6012891525553179
2005-08-11,0.582715907400822
2005-08-12,0.2356656563903652
2005-08-15,0.35680786273862264
2005-08-16,0.3064932041385105
2005-08-17,0.29210012626876064
2005-08-18,0.26965839012993964
2005-08-19,0.6299094985241409
2005-08-22,0.6454712663105527
2005-08-23,0.510288830945549
2005-08-24,0.5338572352172185
2005-08-25,0.597102572164618
2005-08-26,
2005-08-29,0.5849688032423696
2005-08-30,0.6402981089002364
2005-08-31,0.6806964337445858
2005-09-01,0.6104571656194122
2005-09-02,0.6104571656194122
2005-09-06,0.7079834664137192
2005-09-07,0.7090971863008085
2005-09-08,0.41064288335807464
2005-09-09,0.3479381202329643
2005-09-12,0.37066497632059314
2005-09-13,0.46690283333357946
2005-09-14,0.6534161402679669
2005-09-15,0.6615930771850742
2005-09-16,0.6538951320325187
2005-09-19,0.33695420436502443
2005-09-20,0.3224416022331498
2005-09-21,0.46574238066653295
2005-09-22,0.6297023320993358
2005-09-23,0.281279919422636
2005-09-26,0.2736837797461614
2005-09-27,0.3085043411115617
2005-09-28,0.4676938942589443
2005-09-29,0.42950004279797227
2005-09-30,0.1858584035134251
2005-10-03,0.2266853941995161
2005-10-04,0.22147630316622113
2005-10-05,0.30480021423402565
2005-10-06,0.5244048365789534
2005-10-07,0.5305913193592796
2005-10-10,
2005-10-11,0.5568895277318779
2005-10-12,
2005-10-13,0.35857014049134317
2005-10-14,0.316897652272895
2005-10-17,0.6589589992185281
2005-10-18,0.6342266735847993
2005-10-19,0.4432349470364312
2005-10-20,0.4301427338355375
2005-10-21,0.7103692825476647
2005-10-24,0.4636549747298808
2005-10-25,0.7221902771681988
2005-10-26,0.7224131930025026
2005-10-27,0.6527095370560076
2005-10-28,0.6499320515870061
2005-10-31,0.7010628998657197
2005-11-01,0.7290125379424016
2005-11-02,0.4409169522393848
2005-11-03,0.3440035693732877
2005-11-04,0.4392038121463628
2005-11-07,0.7148916785773597
2005-11-08,0.7111221369076207
2005-11-09,0.6919435515535622
2005-11-10,0.7207587175729915
2005-11-11,0.7029957170454286
2005-11-14,0.6969201638933318
2005-11-15,0.7407085710295549
2005-11-16,0.5789540079509296
2005-11-17,0.7532971988069501
2005-11-18,0.7294368996139573
2005-11-21,0.7361721572365396
2005-11-22,0.7407845418095447
2005-11-23,0.7545416088600885
2005-11-25,0.40455037329922894
2005-11-28,0.49102465963968694
2005-11-29,0.666864297247266
2005-11-30,0.6695739985371341
2005-12-01,0.40042977436673244
2005-12-02,0.39165468836286443
2005-12-05,0.36845541195705167
2005-12-06,0.3418504590439042
2005-12-07,0.3297662542841524
2005-12-08,0.32440341721259547
2005-12-09,0.31807898285215097
2005-12-12,0.31807898285215097
2005-12-13,0.31807898285215097
2005-12-14,0.46542698039182756
2005-12-15,0.46455658876913003
2005-12-16,
2005-12-19,0.5062283660050877
2005-12-20,0.47354072980852013
2005-12-21,0.3187395874314873
2005-12-22,0.25686642306194335
2005-12-23,0.46689603997455137
2005-12-27,0.5020957115619832
2005-12-28,0.5330588917395753
2005-12-29,0.6180877949718195
2005-12-30,0.6507148842199063
2006-01-03,0.7060494580949828
2006-01-04,0.7563751313227243
2006-01-05,0.6981746059615336
2006-01-06,0.7654991144027984
2006-01-09,0.7510869792582683
2006-01-10,0.3386780361812554
2006-01-11,0.33251857123778
2006-01-12,0.305192051393081
2006-01-13,0.3282971978561404
2006-01-17,0.29227943565201975
2006-01-18,0.2811392360136213
2006-01-19,0.1855504284216642
2006-01-20,0.429856160345331
2006-01-23,0.17329286691782234
2006-01-24,
2006-01-25,
2006-01-26,
2006-01-27,
2006-01-30,
2006-01-31,0.17298154206533092
2006-02-01,0.18421231765116466
2006-02-02,0.17603176797846723
2006-02-03,
2006-02-06,
2006-02-07,
2006-02-08,
2006-02-09,
2006-02-10,0.5135177805267841
2006-02-13,
2006-02-14,
2006-02-15,0.1957629439291503
2006-02-16,0.18151518526357321
2006-02-17,0.1840821510144254
2006-02-21,0.18334902460829278
2006-02-22,0.20453121379307063
2006-02-23,0.23030830122206833
2006-02-24,0.21759332727019945
2006-02-27,0.21816811982878181
2006-02-28,0.2318646652367532
2006-03-01,0.20381966659664397
2006-03-02,0.22176335655019744
2006-03-03,
2006-03-06,
2006-03-07,0.5202574699914212
2006-03-08,0.5202574699914212
2006-03-09,
2006-03-10,
2006-03-13,
2006-03-14,0.1766243598154888
2006-03-15,0.1804466982357132
2006-03-16,0.16777286448026255
2006-03-17,0.16777286448026255
2006-03-20,0.1691112869520992
2006-03-21,
2006-03-22,
2006-03-23,
2006-03-24,
2006-03-27,
2006-03-28,
2006-03-29,
2006-03-30,0.7057436403692737
2006-03-31,0.675453796626659
2006-04-03,0.6777793517649903
2006-04-04,0.6497662295803425
2006-04-05,0.28473454575957285
2006-04-06,0.34364609112839195
2006-04-07,0.4378953767662818
2006-04-10,0.29088421098877587
2006-04-11,0.3261076759930492
2006-04-12,0.4151320290623302
2006-04-13,0.6930582690795386
2006-04-17,0.6183202449501991
2006-04-18,0.6298293895832549
2006-04-19,0.6437028664468663
2006-04-20,0.6406358924726897
2006-04-21,0.6273480391261125
2006-04-24,0.6437028664468663
2006-04-25,0.6437028664468663
2006-04-26,0.6213964858227194
2006-04-27,0.27700546619057914
2006-04-28,0.3339528336812385
2006-05-01,0.32169269142390033
2006-05-02,0.2898315899088723
2006-05-03,0.2942092642086936
2006-05-04,0.2390890381574546
2006-05-05,0.2705430323038754
2006-05-08,0.2395831387585087
2006-05-09,0.226176327584726
2006-05-10,0.22496655484608374
2006-05-11,
2006-05-12,
2006-05-15,0.16777286448026255
2006-05-16,
2006-05-17,0.44460859386215856
2006-05-18,
2006-05-19,
2006-05-22,
2006-05-23,
2006-05-24,
2006-05-25,
2006-05-26,0.16777286448026255
2006-05-30,
2006-05-31,
2006-06-01,
2006-06-02,0.16777286448026255
2006-06-05,
2006-06-06,
2006-06-07,
2006-06-08,
2006-06-09,0.2374188930523016
2006-06-12,
2006-06-13,0.4762739573404919
2006-06-14,
2006-06-15,
2006-06-16,0.547182673727783
2006-06-19,
2006-06-20,0.4762739573404919
2006-06-21,0.22217795312256697
2006-06-22,0.1807154120084329
2006-06-23,0.217667964468774
2006-06-26,0.22176335655019744
2006-06-27,0.22466666816371347
2006-06-28,
2006-06-29,0.20086226174025154
2006-06-30,0.20537469068545097
2006-07-03,0.22341686486030576
2006-07-05,0.20930066622728946
2006-07-06,
2006-07-07,
2006-07-10,
2006-07-11,
2006-07-12,
2006-07-13,
2006-07-14,
2006-07-17,
2006-07-18,0.6695032446260986
2006-07-19,0.7910061029964663
2006-07-20,0.643909311359415
2006-07-21,0.7895407951688899
2006-07-24,0.6640670938728811
2006-07-25,0.5901911316297227
2006-07-26,0.44978381669705114
2006-07-27,0.44244439630249904
2006-07-28,0.4163720711359636
2006-07-31,0.4163720711359636
2006-08-01,0.4128478172007781
2006-08-02,0.4128478172007781
2006-08-03,0.4128478172007781
2006-08-04,0.33276875867293876
2006-08-07,0.3113028539150048
2006-08-08,0.6340319581987606
2006-08-09,0.6303694550275201
2006-08-10,0.5747516235133137
2006-08-11,0.5747516235133137
2006-08-14,0.6028540306643789
2006-08-15,0.5701768134426624
2006-08-16,0.22080174873932695
2006-08-17,0.22080174873932695
2006-08-18,0.2188135901227903
2006-08-21,0.48687591395167873
2006-08-22,0.25472796575572715
2006-08-23,0.5728080276623515
2006-08-24,0.5807720873817765
2006-08-25,0.3550059255538601
2006-08-28,0.6556245119469761
2006-08-29,
2006-08-30,0.6322055301908193
2006-08-31,0.6653384126507436
2006-09-01,0.7496976773793497
2006-09-05,0.3141795240913464
2006-09-06,0.7595046269798528
2006-09-07,0.38617097287400726
2006-09-08,0.40779860317554256
2006-09-11,0.49883652663476147
2006-09-12,0.7023459543095031
2006-09-13,0.4191090545091283
2006-09-14,0.4608252331910627
2006-09-15,0.49278025949695853
2006-09-18,0.6994951011805923
2006-09-19,0.6956105517089569
2006-09-20,0.35866555105449893
2006-09-21,0.6795767443140043
2006-09-22,0.5242772683304535
2006-09-25,0.22805370596821561
2006-09-26,0.32110680094841204
2006-09-27,0.2677686544584919
2006-09-28,0.2390890381574546
2006-09-29,0.24346204023077742
2006-10-02,0.5182293219426779
2006-10-03,0.534739121906658
2006-10-04,0.24365494629794
2006-10-05,0.5274156671285706
2006-10-06,0.5593747575610429
2006-10-09,0.5532482157943053
2006-10-10,
2006-10-11,
2006-10-12,
2006-10-13,0.6105770938384325
2006-10-16,0.6995323916811597
2006-10-17,0.6105770938384325
2006-10-18,0.6105770938384325
2006-10-19,0.3375490299874889
2006-10-20,0.3229932404478114
2006-10-23,0.35209651893962335
2006-10-24,0.36080911590748627
2006-10-25,0.3767531987011368
2006-10-26,0.38168614363386777
2006-10-27,0.48196582871807964
2006-10-30,0.6574910348700214
2006-10-31,0.6574910348700214
2006-11-01,0.529309520240641
2006-11-02,
2006-11-03,
2006-11-06,0.5853206875461106
2006-11-07,0.6462108660383578
2006-11-08,0.7511915032207668
2006-11-09,0.7060040222422732
2006-11-10,0.7453445791081866
2006-11-13,0.7663080207962882
2006-11-14,0.7472706358382161
2006-11-15,0.7340934311571092
2006-11-16,0.752558969516812
2006-11-17,0.7518389804841655
2006-11-20,0.7517621456493238
2006-11-21,0.3963384970200665
2006-11-22,0.3871830622471873
2006-11-24,0.39332065654203907
2006-11-27,0.3387376508771438
2006-11-28,0.3687661613861731
2006-11-29,0.3087412592939551
2006-11-30,0.30258541122702115
2006-12-01,0.30258541122702115
2006-12-04,0.2390890381574546
2006-12-05,0.2390890381574546
2006-12-06,0.18481277897443804
2006-12-07,
2006-12-08,0.1725936205025729
2006-12-11,0.18481277897443804
2006-12-12,
2006-12-13,0.17355318347936077
2006-12-14,0.18481277897443804
2006-12-15,0.18481277897443804
2006-12-18,
2006-12-19,0.1725936205025729
2006-12-20,
2006-12-21,
2006-12-22,
2006-12-26,
2006-12-27,
2006-12-28,
2006-12-29,
2007-01-03,0.6194790018922249
2007-01-04,0.7112329007577967
2007-01-05,0.6521470760246254
2007-01-08,0.6198591395208392
2007-01-09,0.37117665733006006
2007-01-10,0.35734491133507346
2007-01-11,0.35312827550922804
2007-01-12,0.3009248095447186
2007-01-16,0.35910889878389746
2007-01-17,0.30030796481558397
2007-01-18,0.24111454378053207
2007-01-19,0.4940061552265976
2007-01-22,0.49238870043713384
2007-01-23,
2007-01-24,0.4996646527525064
2007-01-25,0.4906467964028867
2007-01-26,
2007-01-29,0.4225065815742969
2007-01-30,
2007-01-31,
2007-02-01,
2007-02-02,
2007-02-05,
2007-02-06,
2007-02-07,
2007-02-08,0.2043294587760407
2007-02-09,
2007-02-12,0.5424161205451417
2007-02-13,0.5900579211189906
2007-02-14,0.5174173393209388
2007-02-15,0.5829137753251198
2007-02-16,0.6178979813538824
2007-02-20,0.5554639221882886
2007-02-21,0.29487781132985375
2007-02-22,0.2943918274136513
2007-02-23,0.2753270733168834
2007-02-26,0.2268755342738006
2007-02-27,
2007-02-28,0.6046472232718352
2007-03-01,0.5863155288562415
2007-03-02,0.6485489269881911
2007-03-05,0.6469382592297288
2007-03-06,0.7624899384463693
2007-03-07,0.6641198084988716
2007-03-08,0.68806390308432
2007-03-09,0.6954453117595188
2007-03-12,0.48979774570778273
2007-03-13,0.7116428515687975
2007-03-14,0.7918003165437886
2007-03-15,0.7575239481011726
2007-03-16,0.7832382150585024
2007-03-19,0.7721613878659231
2007-03-20,0.7721613878659231
2007-03-21,0.4120448156757725
2007-03-22,0.4028803804552328
2007-03-23,0.3869529423932434
2007-03-26,0.414215978770244
2007-03-27,0.34394581499996807
2007-03-28,0.40976184152612405
2007-03-29,0.22380446137050064
2007-03-30,0.5534801574731667
2007-04-02,0.178737638406293
2007-04-03,0.17972394034073838
2007-04-04,0.178737638406293
2007-04-05,0.18019426388238502
2007-04-09,0.17818955502523762
2007-04-10,0.17818955502523762
2007-04-11,
2007-04-12,
2007-04-13,
2007-04-16,0.5330713195009841
2007-04-17,
2007-04-18,
2007-04-19,
2007-04-20,
2007-04-23,0.7978204618287376
2007-04-24,0.733314300529754
2007-04-25,0.8290408247600893
2007-04-26,0.6076471327016405
2007-04-27,0.6030426932390015
2007-04-30,0.7537257513825365
2007-05-01,0.763210370160904
2007-05-02,0.7955534501102538
2007-05-03,0.8010916451416735
2007-05-04,0.7883688229267789
2007-05-07,0.7833147557012098
2007-05-08,0.7876558165247057
2007-05-09,0.5331792218305398
2007-05-10,0.544593915220366
2007-05-11,0.48109919982389915
2007-05-14,0.5168178622279906
2007-05-15,0.6214243910063401
2007-05-16,0.6198746815449986
2007-05-17,0.6573623259702779
2007-05-18,0.6803408398088635
2007-05-21,0.6766558225452411
2007-05-22,0.7048121487807743
2007-05-23,0.6820505880560584
2007-05-24,0.6196861312952215
2007-05-25,0.6803408398088635
2007-05-29,0.6807717548374239
2007-05-30,0.4006270163886773
2007-05-31,0.39987200137508816
2007-06-01,0.6057258858197065
2007-06-04,0.3527679734015084
2007-06-05,0.3539444510252621
2007-06-06,0.36772041397273264
2007-06-07,0.3567676243565625
2007-06-08,0.3216318609123114
2007-06-11,0.44292341275932845
2007-06-12,0.4567811327636438
2007-06-13,
2007-06-14,0.4604419008941261
2007-06-15,0.45281697821688016
2007-06-18,0.21627192983538407
2007-06-19,0.24916877760824682
2007-06-20,0.4585779038851453
2007-06-21,0.2083814901559628
2007-06-22,0.4969562013425077
2007-06-25,0.5405247262649927
2007-06-26,0.5946379999411863
2007-06-27,0.5921181155172677
2007-06-28,0.632518885672043
2007-06-29,0.6550445606787566
2007-07-02,0.6571659396808335
2007-07-03,0.7583693906772534
2007-07-05,0.3774125976008553
2007-07-06,0.4864965439766796
2007-07-09,0.6874701394735211
2007-07-10,0.7129714827950021
2007-07-11,0.7155723869667346
2007-07-12,0.7294777177972954
2007-07-13,0.4501915074734896
2007-07-16,0.41473281700687165
2007-07-17,0.3845239745676245
2007-07-18,0.44346138332616664
2007-07-19,0.3674585260795236
2007-07-20,0.3578045711360583
2007-07-23,0.3240211531906366
2007-07-24,0.43569940881973707
2007-07-25,0.3863974007592748
2007-07-26,0.21409196544046077
2007-07-27,0.22617394874100458
2007-07-30,0.1887134571714778
2007-07-31,
2007-08-01,0.17303654220207237
2007-08-02,0.16908344902033642
2007-08-03,0.17648163094318872
2007-08-06,0.1717696433759826
2007-08-07,0.1717696433759826
2007-08-08,0.1717696433759826
2007-08-09,
2007-08-10,
2007-08-13,
2007-08-14,
2007-08-15,
2007-08-16,
2007-08-17,
2007-08-20,0.6102168727738532
2007-08-21,0.6470410209133705
2007-08-22,0.2738295025873777
2007-08-23,0.344675961602363
2007-08-24,0.33611661875049514
2007-08-27,0.3376471641808948
2007-08-28,0.640801671074985
2007-08-29,0.3376608544770975
2007-08-30,0.319318617865462
2007-08-31,0.30779197251769125
2007-09-04,0.3028872641082169
2007-09-05,0.30417071252994254
2007-09-06,0.5635445243448137
2007-09-07,0.5946678828578283
2007-09-10,0.6022841473835464
2007-09-11,0.6615675483916083
2007-09-12,0.6409755605403438
2007-09-13,0.6706135055553701
2007-09-14,0.6561439909334148
2007-09-17,0.7001516060970838
2007-09-18,0.7394733273808056
2007-09-19,0.7445486272625746
2007-09-20,0.7093494105326418
2007-09-21,0.7929125254899636
2007-09-24,0.7618089536139667
2007-09-25,0.4392083214657089
2007-09-26,0.7386208624783692
2007-09-27,0.6075410765162623
2007-09-28,0.7199748403882313
2007-10-01,0.7377588416284242
2007-10-02,0.734209402082134
2007-10-03,0.7448222467169896
2007-10-04,0.6864234272227435
2007-10-05,0.7315910984613311
2007-10-08,0.4401839534778369
2007-10-09,0.4949440284553928
2007-10-10,0.7051857225071878
2007-10-11,0.5847411475621709
2007-10-12,0.6573532374379817
2007-10-15,0.6872159658898994
2007-10-16,0.718901170639189
2007-10-17,0.7224613182226023
2007-10-18,0.7300226480026563
2007-10-19,0.57580472592869
2007-10-22,0.7080535736490127
2007-10-23,0.33304259511486795
2007-10-24,0.34319157019365804
2007-10-25,0.3423846433438461
2007-10-26,0.3329330001993225
2007-10-29,0.27152605838961585
2007-10-30,0.26857458244014504
2007-10-31,0.27757661114120963
2007-11-01,0.2668843504095098
2007-11-02,0.2450406535107133
2007-11-05,0.23674799905552668
2007-11-06,0.26857458244014504
2007-11-07,0.21430605416675647
2007-11-08,
2007-11-09,
2007-11-12,
2007-11-13,0.5439706868691843
2007-11-14,0.5123754261553772
2007-11-15,0.5530374532564395
2007-11-16,0.6009012039381636
2007-11-19,0.555620605135344
2007-11-20,0.6715424063241814
2007-11-21,0.7113501940573801
2007-11-23,0.6423342100342486
2007-11-26,0.7424065333128874
2007-11-27,0.7396221963704813
2007-11-28,0.4011631336100567
2007-11-29,0.31392124282612377
2007-11-30,0.4167702611054506
2007-12-03,0.6734106011041608
2007-12-04,0.6976270442648255
2007-12-05,0.3569285567352502
2007-12-06,0.3113437515385209
2007-12-07,0.2726523772651563
2007-12-10,0.25760200086823704
2007-12-11,0.6397454178405154
2007-12-12,0.24859226061997336
2007-12-13,0.2919217081133799
2007-12-14,0.5824618387872461
2007-12-17,0.5697023333137216
2007-12-18,
2007-12-19,0.6280629088938702
2007-12-20,0.5288915101955529
2007-12-21,0.21027169869268578
2007-12-24,0.22734954846659505
2007-12-26,0.20749140831860108
2007-12-27,0.20639106375652908
2007-12-28,0.20559147720472162
2007-12-31,0.20559147720472162
2008-01-02,0.20162598941352727
2008-01-03,0.20051350523072406
2008-01-04,
2008-01-07,
2008-01-08,
2008-01-09,0.1587177169447958
2008-01-10,0.15806603733382002
2008-01-11,0.15806603733382002
2008-01-14,
2008-01-15,
2008-01-16,
2008-01-17,
2008-01-18,
2008-01-22,
2008-01-23,
2008-01-24,
2008-01-25,
2008-01-28,
2008-01-29,
2008-01-30,0.4554148234315834
2008-01-31,0.1605197782878221
2008-02-01,0.15961835838792648
2008-02-04,0.16339367706681363
2008-02-05,
2008-02-06,
2008-02-07,
2008-02-08,
2008-02-11,0.18613228749107852
2008-02-12,0.5935155502748548
2008-02-13,0.19990216679675363
2008-02-14,0.19805436122125095
2008-02-15,
2008-02-19,
2008-02-20,
2008-02-21,
2008-02-22,
2008-02-25,
2008-02-26,
2008-02-27,
2008-02-28,0.20959341786649754
2008-02-29,0.2456181726057727
2008-03-03,0.6586636986034561
2008-03-04,0.23092911752832543
2008-03-05,0.6151920665802774
2008-03-06,0.688000586666661
2008-03-07,0.7510184534420332
2008-03-10,0.7053910571807566
2008-03-11,0.7524779612525235
2008-03-12,0.7380705650808619
2008-03-13,0.7588292844545371
2008-03-14,0.7599887567202109
2008-03-17,0.7625285302812161
2008-03-18,0.8220515492749002
2008-03-19,0.7633817759116343
2008-03-20,0.8385636295293597
2008-03-24,0.7751148778309285
2008-03-25,0.5682321893274787
2008-03-26,0.47748891033009677
2008-03-27,0.7888309571294239
2008-03-28,0.7800239537969403
2008-03-31,0.7783567480587498
2008-04-01,0.3993052397332427
2008-04-02,0.7263126542289183
2008-04-03,0.3694700401313541
2008-04-04,0.35896867016122175
2008-04-07,0.3766668913301893
2008-04-08,0.41850525115519016
2008-04-09,0.7359846125221631
2008-04-10,0.6603187321748439
2008-04-11,0.6621520274085333
2008-04-14,0.7346833910504148
2008-04-15,0.7113777574929541
2008-04-16,0.8033581166624615
2008-04-17,0.8033581166624615
2008-04-18,0.818621942220829
2008-04-21,0.3613767525024061
2008-04-22,0.7385037226648459
2008-04-23,0.7941107490946228
2008-04-24,0.7895789327109624
2008-04-25,0.8051958927322294
2008-04-28,0.7997434057933741
2008-04-29,0.7871510908022048
2008-04-30,0.7793225477995701
2008-05-01,0.4573537320897776
2008-05-02,0.4573537320897776
2008-05-05,0.42630167687812126
2008-05-06,0.424812809494561
2008-05-07,0.4129555166133402
2008-05-08,0.29529708706671737
2008-05-09,0.39097484476270083
2008-05-12,0.32159924647931726
2008-05-13,0.2805890637480073
2008-05-14,0.2919217081133799
2008-05-15,0.22414828020931588
2008-05-16,0.22785216647457854
2008-05-19,0.400513634860328
2008-05-20,0.16479958791645238
2008-05-21,
2008-05-22,
2008-05-23,0.5058248379597962
2008-05-27,0.20834509548402533
2008-05-28,0.20378413909137696
2008-05-29,0.21397060654496883
2008-05-30,0.18846796116933184
2008-06-02,0.20269842610113442
2008-06-03,0.18957173115608925
2008-06-04,0.1938920560875178
2008-06-05,0.1769459219679123
2008-06-06,0.20354987475142725
2008-06-09,
2008-06-10,0.16170984670290908
2008-06-11,
2008-06-12,
2008-06-13,
2008-06-16,0.47777809921784203
2008-06-17,0.16262079236347132
2008-06-18,0.16170984670290908
2008-06-19,0.15171361997993013
2008-06-20,
2008-06-23,
2008-06-24,
2008-06-25,
2008-06-26,
2008-06-27,0.5059509088880859
2008-06-30,
2008-07-01,
2008-07-02,0.5414696307046788
2008-07-03,0.5647909695795118
2008-07-07,0.1862649330066524
2008-07-08,0.19633198792251458
2008-07-09,0.23869291218699434
2008-07-10,0.1835091737936959
2008-07-11,0.223041462834897
2008-07-14,0.1945661376108397
2008-07-15,0.19746911011577456
2008-07-16,0.1695075343698493
2008-07-17,0.1939090705645782
2008-07-18,
2008-07-21,0.19830405605213636
2008-07-22,
2008-07-23,
2008-07-24,
2008-07-25,
2008-07-28,
2008-07-29,
2008-07-30,
2008-07-31,0.6961483817626561
2008-08-01,
2008-08-04,
2008-08-05,
2008-08-06,0.6912997254155769
2008-08-07,0.7819555242840297
2008-08-08,0.38407580831875976
2008-08-11,0.31651629737013065
2008-08-12,0.2804526405337742
2008-08-13,0.3411439550395197
2008-08-14,0.2872683514103229
2008-08-15,0.3164854200578565
2008-08-18,0.2831119555059237
2008-08-19,0.2528256549264586
2008-08-20,0.26054852745861495
2008-08-21,0.2528256549264586
2008-08-22,0.21546779651907452
2008-08-25,
2008-08-26,0.201931757758303
2008-08-27,0.19021025997585825
2008-08-28,0.19021025997585825
2008-08-29,
2008-09-02,
2008-09-03,
2008-09-04,
2008-09-05,
2008-09-08,
2008-09-09,
2008-09-10,
2008-09-11,
2008-09-12,
2008-09-15,
2008-09-16,
2008-09-17,
2008-09-18,
2008-09-19,
2008-09-22,0.16106829022666236
2008-09-23,
2008-09-24,0.16106829022666236
2008-09-25,0.16794443870099926
2008-09-26,0.1672624071042303
2008-09-29,
2008-09-30,0.1731082262111508
2008-10-01,
2008-10-02,
2008-10-03,
2008-10-06,
2008-10-07,
2008-10-08,
2008-10-09,
2008-10-10,
2008-10-13,0.21422307662548104
2008-10-14,0.2187944411102657
2008-10-15,0.2931083828437359
2008-10-16,0.22388978893081615
2008-10-17,0.5555371794472661
2008-10-20,0.5646501048144917
2008-10-21,0.6466232319172527
2008-10-22,0.6739860284680285
2008-10-23,0.5793348368081805
2008-10-24,
2008-10-27,
2008-10-28,
2008-10-29,0.2257266781175882
2008-10-30,0.23173456403653295
2008-10-31,0.2296889292106109
2008-11-03,0.2296889292106109
2008-11-04,0.23087734796920864
2008-11-05,0.2168784375528999
2008-11-06,0.22877144325502594
2008-11-07,0.22877144325502594
2008-11-10,
2008-11-11,
2008-11-12,
2008-11-13,
2008-11-14,0.48878707984347913
2008-11-17,
2008-11-18,0.43673083314292743
2008-11-19,
2008-11-20,
2008-11-21,
2008-11-24,
2008-11-25,0.4903596962867493
2008-11-26,0.20493064871179922
2008-11-28,0.26567855936784623
2008-12-01,0.5504379482703533
2008-12-02,0.49600782466149124
2008-12-03,0.24827677330832426
2008-12-04,0.613463418956341
2008-12-05,0.26757774724593664
2008-12-08,0.2280659120819085
2008-12-09,0.23632761352770684
2008-12-10,0.2694511231995303
2008-12-11,0.220764866182719
2008-12-12,0.1931399388152375
2008-12-15,0.23117566120573668
2008-12-16,0.23117566120573668
2008-12-17,
2008-12-18,0.5543380198508124
2008-12-19,0.5644022727705691
2008-12-22,
2008-12-23,0.580606661276837
2008-12-24,
2008-12-26,
2008-12-29,
2008-12-30,0.5525329323066269
2008-12-31,0.540856508406309
2009-01-02,0.158949008642193
2009-01-05,0.20482128317085105
2009-01-06,0.20169029951764733
2009-01-07,0.2149446383337035
2009-01-08,0.2485767463038564
2009-01-09,0.2485767463038564
2009-01-12,0.24016036203202168
2009-01-13,0.5953548689332793
2009-01-14,
2009-01-15,
2009-01-16,
2009-01-20,
2009-01-21,
2009-01-22,0.6661767433217906
2009-01-23,0.6995129019177616
2009-01-26,0.6832264124562046
2009-01-27,0.7661701881218431
2009-01-28,0.30265589083856254
2009-01-29,0.37884684239174143
2009-01-30,0.7397617270697466
2009-02-02,0.767588728022177
2009-02-03,0.7594593060176454
2009-02-04,0.7703493207767641
2009-02-05,0.29065366796558073
2009-02-06,0.3086266857073769
2009-02-09,0.3568573505876433
2009-02-10,0.2653029104186726
2009-02-11,0.2485767463038564
2009-02-12,0.20390266032401838
2009-02-13,0.2143365925240699
2009-02-17,0.2361678348758688
2009-02-18,0.16231647159634435
2009-02-19,
2009-02-20,0.4926333515081208
2009-02-23,
2009-02-24,
2009-02-25,
2009-02-26,
2009-02-27,0.5319261990056001
2009-03-02,
2009-03-03,
2009-03-04,
2009-03-05,0.6027627365221331
2009-03-06,
2009-03-09,
2009-03-10,0.6961483817626561
2009-03-11,0.7975834236866282
2009-03-12,0.765173345255333
2009-03-13,0.7762498133122339
2009-03-16,0.757036464634944
2009-03-17,0.44082818732999246
2009-03-18,0.4866514549563586
2009-03-19,0.7761593518186368
2009-03-20,0.7883571005868858
2009-03-23,0.3946791483399332
2009-03-24,0.5279668642649626
2009-03-25,0.7373360793666137
2009-03-26,0.418843419616656
2009-03-27,0.7327567699924017
2009-03-30,0.7263608197450322
2009-03-31,0.716782525267294
2009-04-01,0.6857453118226212
2009-04-02,0.7892895147898854
2009-04-03,0.44532574200116876
2009-04-06,0.4065456946237375
2009-04-07,0.7602967246685799
2009-04-08,0.7273724228937393
2009-04-09,0.3669189322342999
2009-04-13,0.41751969293699653
2009-04-14,0.6339980140378958
2009-04-15,0.6540429805281948
2009-04-16,0.46402081831417236
2009-04-17,0.3941744142147651
2009-04-20,0.6195355826048863
2009-04-21,0.6564546382989814
2009-04-22,0.6267927022280031
2009-04-23,0.4011631336100567
2009-04-24,0.5831604742113345
2009-04-27,0.6380892094254683
2009-04-28,0.6152869604910068
2009-04-29,0.6130670000568244
2009-04-30,0.3685771435491175
2009-05-01,0.2980024124767868
2009-05-04,0.2689056419536094
2009-05-05,0.29436273145131764
2009-05-06,0.292972005792291
2009-05-07,0.22330003810748136
2009-05-08,0.21727392016131244
2009-05-11,0.21727392016131244
2009-05-12,
2009-05-13,
2009-05-14,0.6226471516254228
2009-05-15,0.6227656460555815
2009-05-18,0.5712212137872257
2009-05-19,0.6424756187809599
2009-05-20,0.6094539255837848
2009-05-21,0.6116894710354269
2009-05-22,0.5835963806625329
2009-05-26,0.7741056958186404
2009-05-27,0.7577465910826622
2009-05-28,0.5084159311122518
2009-05-29,0.4699733359325979
2009-06-01,0.4120125177579571
2009-06-02,0.43608862404185633
2009-06-03,0.43608862404185633
2009-06-04,0.38411964966328904
2009-06-05,0.38342580412040056
2009-06-08,0.32497801325181896
2009-06-09,0.34600137794548774
2009-06-10,0.25094017945827307
2009-06-11,0.24706901206827062
2009-06-12,
2009-06-15,
2009-06-16,0.5155959567648583
2009-06-17,
2009-06-18,0.5099467178120782
2009-06-19,
2009-06-22,0.4679728068790585
2009-06-23,
2009-06-24,0.5059509088880859
2009-06-25,0.1666842081376112
2009-06-26,0.21627192983538407
2009-06-29,0.22187766361268152
2009-06-30,0.21988255098354167
2009-07-01,0.26595558011350284
2009-07-02,0.5857513033516111
2009-07-06,0.5864420744948852
2009-07-07,0.5585928007815472
2009-07-08,0.6508295075366561
2009-07-09,0.6508295075366561
2009-07-10,0.7143565777792723
2009-07-13,0.7891353181261772
2009-07-14,0.7972462452965368
2009-07-15,0.7863174383120759
2009-07-16,0.788009128765674
2009-07-17,0.5878355617124379
2009-07-20,0.6037165024705704
2009-07-21,0.714655540477716
2009-07-22,0.5082931613945795
2009-07-23,0.5039642267247322
2009-07-24,0.4518254082967497
2009-07-27,0.530639437725726
2009-07-28,0.7072175529801588
2009-07-29,0.7021834771688226
2009-07-30,0.47514059445948353
2009-07-31,0.43968125687979515
2009-08-03,0.3936164875646126
2009-08-04,0.3795043459653899
2009-08-05,0.37347821400932296
2009-08-06,0.6207350360205345
2009-08-07,0.27304783033477903
2009-08-10,0.573637841050781
2009-08-11,0.4953355327160865
2009-08-12,0.4108808418661844
2009-08-13,0.25262087287618545
2009-08-14,0.24700616423502506
2009-08-17,
2009-08-18,0.45647267305107014
2009-08-19,0.45897394605822817
2009-08-20,0.4108808418661844
2009-08-21,0.22103479022380693
2009-08-24,0.24825530676576338
2009-08-25,0.24700616423502506
2009-08-26,0.41808207166272243
2009-08-27,0.19580374147634755
2009-08-28,0.24923829914368642
2009-08-31,0.4907685018559165
2009-09-01,0.5722361083354314
2009-09-02,
2009-09-03,0.6508295075366561
2009-09-04,0.7130705232178377
2009-09-08,0.7654991144027984
2009-09-09,0.7015984039670062
2009-09-10,0.7318839379098568
2009-09-11,0.7411457707270601
2009-09-14,0.7650720449476727
2009-09-15,0.7579997138776021
2009-09-16,0.380903024992479
2009-09-17,0.38423106946640384
2009-09-18,0.4078809751343605
2009-09-21,0.3850575421921216
2009-09-22,0.3816571352385749
2009-09-23,0.33338276012331
2009-09-24,0.6447791379690407
2009-09-25,0.6324070276473612
2009-09-28,0.4451405427719657
2009-09-29,0.6481450601057087
2009-09-30,0.6531513991660521
2009-10-01,
2009-10-02,0.49881483862556336
2009-10-05,0.5039901541363428
2009-10-06,0.3015704028510151
2009-10-07,0.40196995576198336
2009-10-08,0.586833805232451
2009-10-09,0.6338698163939219
2009-10-12,0.634293282298318
2009-10-13,0.6062359770107384
2009-10-14,0.6483472154778899
2009-10-15,0.5732107503565798
2009-10-16,0.540424561637458
2009-10-19,0.4658446157575978
2009-10-20,0.3198220676241777
2009-10-21,0.30255212058290115
2009-10-22,0.3125860875565753
2009-10-23,0.2785967161695971
2009-10-26,0.2356382757728572
2009-10-27,0.24859226061997336
2009-10-28,0.5014052596751681
2009-10-29,0.5246672544251533
2009-10-30,
2009-11-02,0.615606525505034
2009-11-03,0.6227656460555815
2009-11-04,0.6227656460555815
2009-11-05,0.6539969076133545
2009-11-06,0.5847824047936905
2009-11-09,0.2039146787728863
2009-11-10,0.2889549778951918
2009-11-11,0.28855351759981973
2009-11-12,0.2439911935841081
2009-11-13,0.27346123001974587
2009-11-16,0.2384466127895966
2009-11-17,0.24222424884392646
2009-11-18,0.284123243604554
2009-11-19,0.5012566643377092
2009-11-20,
2009-11-23,0.21363492554436386
2009-11-24,0.22667916814164688
2009-11-25,0.23762849134983755
2009-11-27,0.1938920560875178
2009-11-30,
2009-12-01,
2009-12-02,
2009-12-03,
2009-12-04,
2009-12-07,
2009-12-08,
2009-12-09,
2009-12-10,0.5868751178219322
2009-12-11,0.5100399439307945
2009-12-14,0.5235058256005292
2009-12-15,0.5788151364067559
2009-12-16,0.6594792278712115
2009-12-17,
2009-12-18,
2009-12-21,0.7936470845488555
2009-12-22,0.7649001301044474
2009-12-23,0.7532065165885139
2009-12-24,0.33661113942856474
2009-12-28,0.3714878613351258
2009-12-29,0.31965634459875725
2009-12-30,0.2931532344786752
2009-12-31,0.2923125528477043
2010-01-04,0.33338276012331
2010-01-05,0.3046898212919929
2010-01-06,0.313472657190702
2010-01-07,0.27304783033477903
2010-01-08,0.2316034922201249
2010-01-11,0.2303733327550542
2010-01-12,
2010-01-13,0.18251451076058686
2010-01-14,0.17396101153928614
2010-01-15,
2010-01-19,0.1722475955283598
2010-01-20,0.17009616076348633
2010-01-21,0.18438243222849912
2010-01-22,
2010-01-25,0.1608130361213033
2010-01-26,0.1570861488583729
2010-01-27,0.15592797575091283
2010-01-28,0.4705256265876369
2010-01-29,
2010-02-01,0.6613581925056157
2010-02-02,
2010-02-03,0.17861554399269372
2010-02-04,
2010-02-05,0.5698905769576791
2010-02-08,0.6706793139784895
2010-02-09,
2010-02-10,0.5733640343284578
2010-02-11,0.6132586557189036
2010-02-12,0.16431224888252918
2010-02-16,0.18970410352011563
2010-02-17,0.24284552638453413
2010-02-18,0.2278791355011227
2010-02-19,0.7293278132270177
2010-02-22,0.7431985124290519
2010-02-23,0.6630626788840943
2010-02-24,0.7161819883935736
2010-02-25,0.8086392555622017
2010-02-26,0.8346213393718518
2010-03-01,0.8142779318056648
2010-03-02,0.7999319883224691
2010-03-03,0.8152054368165557
2010-03-04,0.8287354586971102
2010-03-05,0.4304143531937111
2010-03-08,0.4754972547744154
2010-03-09,0.432621609539545
2010-03-10,0.432621609539545
2010-03-11,0.432621609539545
2010-03-12,0.4290609299519128
2010-03-15,0.7069669257677986
2010-03-16,0.7519836822831877
2010-03-17,0.7366416857032584
2010-03-18,0.7366416857032584
2010-03-19,0.7216892514847558
2010-03-22,0.7570102765816736
2010-03-23,0.7562808024041057
2010-03-24,0.7837373072883296
2010-03-25,0.7281003386434001
2010-03-26,0.7658314615966333
2010-03-29,0.7829143919731382
2010-03-30,0.40158601474192235
2010-03-31,0.7626800022816275
2010-04-01,0.7902501194285816
2010-04-05,0.7072053567669805
2010-04-06,0.7304341036067878
2010-04-07,0.7293609164686411
2010-04-08,0.7143057601775183
2010-04-09,0.7419014115716237
2010-04-12,0.7585439733089435
2010-04-13,0.7411994660043009
2010-04-14,0.7508827648195757
2010-04-15,0.7304729122017951
2010-04-16,0.6413171288671884
2010-04-19,0.6747957403916622
2010-04-20,0.5966825738055437
2010-04-21,0.36958368389679436
2010-04-22,0.3265538467176396
2010-04-23,0.3516547569801965
2010-04-26,0.3549412958019135
2010-04-27,0.3511752755572766
2010-04-28,0.2893100232687218
2010-04-29,0.2741999425768522
2010-04-30,0.2740333817063803
2010-05-03,0.2253194805257354
2010-05-04,
2010-05-05,
2010-05-06,
2010-05-07,
2010-05-10,
2010-05-11,0.18345661418170875
2010-05-12,0.21259882063825977
2010-05-13,0.20138039243557682
2010-05-14,0.21973745203918427
2010-05-17,0.21499483109808873
2010-05-18,
2010-05-19,
2010-05-20,
2010-05-21,
2010-05-24,
2010-05-25,0.566719281060617
2010-05-26,
2010-05-27,
2010-05-28,0.18846796116933184
2010-06-01,0.19906435333043956
2010-06-02,0.20797427198247517
2010-06-03,0.20559147720472162
2010-06-04,0.6164245080195202
2010-06-07,0.596755989470286
2010-06-08,0.6080146813884485
2010-06-09,
2010-06-10,0.6409392162242099
2010-06-11,0.7054513304107469
2010-06-14,0.7331086505271054
2010-06-15,0.6411229091305201
2010-06-16,0.22640451184127702
2010-06-17,0.2747210127331581
2010-06-18,0.35440645769443396
2010-06-21,0.20795076172291932
2010-06-22,0.23833979364454702
2010-06-23,0.20559147720472162
2010-06-24,0.1941157940363932
2010-06-25,0.18497175300152158
2010-06-28,0.17061307159171776
2010-06-29,
2010-06-30,
2010-07-01,
2010-07-02,
2010-07-06,
2010-07-07,0.15732675311159258
2010-07-08,0.15732675311159258
2010-07-09,0.1605197782878221
2010-07-12,0.18438243222849912
2010-07-13,0.44260211688324913
2010-07-14,0.5503721089595432
2010-07-15,0.5649468319701583
2010-07-16,
2010-07-19,
2010-07-20,0.6490224527965823
2010-07-21,0.7062995746645759
2010-07-22,0.2275836220505173
2010-07-23,0.25879973607643597
2010-07-26,0.2730917929224912
2010-07-27,0.20717015302510475
2010-07-28,0.2388853672737795
2010-07-29,0.2303733327550542
2010-07-30,0.5556005893156263
2010-08-02,0.2388853672737795
2010-08-03,0.2278566206388813
2010-08-04,0.18598466527079816
2010-08-05,0.22667916814164688
2010-08-06,0.2112569718551787
2010-08-09,0.18260924139769832
2010-08-10,
2010-08-11,
2010-08-12,
2010-08-13,
2010-08-16,
2010-08-17,
2010-08-18,0.15802538929650597
2010-08-19,0.16086318689641
2010-08-20,0.16086318689641
2010-08-23,
2010-08-24,
2010-08-25,0.6613581925056157
2010-08-26,
2010-08-27,
2010-08-30,
2010-08-31,0.7804789490865389
2010-09-01,0.8386975352077298
2010-09-02,0.8465405016004903
2010-09-03,0.7590347228854405
2010-09-07,0.8151027618462995
2010-09-08,0.7779139447105571
2010-09-09,0.8007068153714713
2010-09-10,0.8346213393718518
2010-09-13,0.8136273556933306
2010-09-14,0.8297670363287022
2010-09-15,0.8243270294633674
2010-09-16,0.5864882302574513
2010-09-17,0.8035158595370777
2010-09-20,0.43932409715080883
2010-09-21,0.43575061975957563
2010-09-22,0.4033545800491845
2010-09-23,0.4033545800491845
2010-09-24,0.3870895604407265
2010-09-27,0.3095449754379526
2010-09-28,0.6161645339603107
2010-09-29,0.68106613351633
2010-09-30,0.6755690214141694
2010-10-01,
2010-10-04,
2010-10-05,0.7992416128902537
2010-10-06,0.7678187656062104
2010-10-07,0.7113777574929541
2010-10-08,0.7961411730554159
2010-10-11,0.7870849872322969
2010-10-12,0.7829784278201739
2010-10-13,0.7652441387947392
2010-10-14,0.4424431650229581
2010-10-15,0.34308962895651934
2010-10-18,0.3582728591238931
2010-10-19,0.342262151667898
2010-10-20,0.3361352813799815
2010-10-21,0.3544359950784644
2010-10-22,0.4971404233292752
2010-10-25,0.5405976341304032
2010-10-26,0.49564193106684257
2010-10-27,0.45397351426480625
2010-10-28,
2010-10-29,
2010-11-01,
2010-11-02,
2010-11-03,0.1882131914659621
2010-11-04,0.2264919388604511
2010-11-05,0.24070039427348178
2010-11-08,0.2264919388604511
2010-11-09,0.22820003152647758
2010-11-10,0.2266496814411787
2010-11-11,0.2599876873435158
2010-11-12,0.3401405507531691
2010-11-15,
2010-11-16,
2010-11-17,
2010-11-18,0.6393383628773629
2010-11-19,0.5705091414937908
2010-11-22,0.20293681931285154
2010-11-23,0.5616329290080322
2010-11-24,0.2984936789044945
2010-11-26,0.2984936789044945
2010-11-29,0.28316977524432324
2010-11-30,0.5152483277972163
2010-12-01,0.5930062855426036
2010-12-02,0.24923829914368642
2010-12-03,0.6211045144353863
2010-12-06,0.28824960279334866
2010-12-07,0.6197320509976855
2010-12-08,0.32644429930043284
2010-12-09,0.6545389627633844
2010-12-10,0.4045241110444059
2010-12-13,0.3301367157196227
2010-12-14,0.6314542899741836
2010-12-15,0.6043030341527753
2010-12-16,0.6039688862699579
2010-12-17,0.5865233778458006
2010-12-20,0.639455767474137
2010-12-21,0.7147550226855146
2010-12-22,0.728204273711241
2010-12-23,0.5759044488998034
2010-12-27,0.6342585928717834
2010-12-28,0.6941637198525824
2010-12-29,0.6561114526636171
2010-12-30,0.5585858846922402
2010-12-31,0.5984228884056083
2011-01-03,0.7402537380146159
2011-01-04,0.7383701644272112
2011-01-05,0.48925770701513055
2011-01-06,0.6814896705923171
2011-01-07,0.3621402341161601
2011-01-10,0.34385321169244637
2011-01-11,0.3958508237915032
2011-01-12,0.3563504409526636
2011-01-13,0.3549412958019135
2011-01-14,0.36580144833004674
2011-01-18,0.28751768794007504
2011-01-19,0.4148534458404918
2011-01-20,
2011-01-21,
2011-01-24,0.5887082314170824
2011-01-25,0.5399085669132702
2011-01-26,0.31121616281292236
2011-01-27,0.494402967592154
2011-01-28,0.4624797557038856
2011-01-31,0.5872705893324489
2011-02-01,0.6294480243060836
2011-02-02,0.5749835601217498
2011-02-03,0.6200480615769676
2011-02-04,0.6656471075215546
2011-02-07,0.2687598534635369
2011-02-08,0.28093903088191313
2011-02-09,0.34842789571929733
2011-02-10,0.31532312456801503
2011-02-11,0.2703584179595815
2011-02-14,0.2646064295665937
2011-02-15,0.27639282359359146
2011-02-16,0.28538192334774765
2011-02-17,0.3133058663478435
2011-02-18,
2011-02-22,
2011-02-23,0.6123813377882169
2011-02-24,0.620225772545478
2011-02-25,0.5963308215091985
2011-02-28,0.24995910035060676
2011-03-01,0.41107830944091944
2011-03-02,0.15643992259021658
2011-03-03,0.1668122218730855
2011-03-04,0.16970933325890836
2011-03-07,0.16134367996923862
2011-03-08,0.17107599599764697
2011-03-09,0.1604087996055931
2011-03-10,
2011-03-11,0.18438243222849912
2011-03-14,0.17134537802418243
2011-03-15,
2011-03-16,
2011-03-17,0.5983759633175868
2011-03-18,
2011-03-21,
2011-03-22,0.6571107774908336
2011-03-23,0.5098498399403079
2011-03-24,0.1605197782878221
2011-03-25,0.18270863424229744
2011-03-28,0.195201579187114
2011-03-29,0.21106741064514642
2011-03-30,0.194150442165607
2011-03-31,0.1836784126283838
2011-04-01,0.21129387736491909
2011-04-04,0.21597731965550707
2011-04-05,
2011-04-06,
2011-04-07,
2011-04-08,
2011-04-11,
2011-04-12,
2011-04-13,
2011-04-14,0.5007519791649304
2011-04-15,
2011-04-18,0.6083596357077864
2011-04-19,
2011-04-20,0.3230514917738533
2011-04-21,0.2772458832603134
2011-04-25,0.29270917472246955
2011-04-26,0.23994822708546637
2011-04-27,0.3131156866455636
2011-04-28,0.2919217081133799
2011-04-29,0.28904310045644943
2011-05-02,0.279146665637813
2011-05-03,0.24462264862698324
2011-05-04,0.24073113992821868
2011-05-05,0.2303733327550542
2011-05-06,0.2303733327550542
2011-05-09,
2011-05-10,0.18361213099835794
2011-05-11,0.2112569718551787
2011-05-12,
2011-05-13,
2011-05-16,
2011-05-17,
2011-05-18,
2011-05-19,0.4797667016837885
2011-05-20,0.5108908481861839
2011-05-23,
2011-05-24,
2011-05-25,0.4192656228584272
2011-05-26,0.43906253149369634
2011-05-27,0.16431224888252918
2011-05-31,0.2198668251494458
2011-06-01,0.17960032394927128
2011-06-02,0.20929837111946775
2011-06-03,0.17061307159171776
2011-06-06,0.1599691696985414
2011-06-07,
2011-06-08,0.17781407114562925
2011-06-09,
2011-06-10,
2011-06-13,0.4983075605464582
2011-06-14,
2011-06-15,0.46625216133919145
2011-06-16,
2011-06-17,
2011-06-20,
2011-06-21,0.6799042181616469
2011-06-22,0.6827943142453037
2011-06-23,0.7077925507214137
2011-06-24,0.7012988473818087
2011-06-27,0.8201519035613452
2011-06-28,0.7855122751764397
2011-06-29,0.7792931975305916
2011-06-30,0.7792931975305916
2011-07-01,0.8045035086563478
2011-07-05,0.7905283475150675
2011-07-06,0.8026721260525905
2011-07-07,0.5386907028043918
2011-07-08,0.7509890685212842
2011-07-11,0.7149433412280545
2011-07-12,0.7864822043149113
2011-07-13,0.7875176708288316
2011-07-14,0.7326237106707583
2011-07-15,0.8106768887676555
2011-07-18,0.7783560353195242
2011-07-19,0.7783560353195242
2011-07-20,0.4390827024295626
2011-07-21,0.3812501817758926
2011-07-22,0.3730160563838981
2011-07-25,0.3836824051153172
2011-07-26,0.3870895604407265
2011-07-27,0.25729680060692545
2011-07-28,0.22450323365408542
2011-07-29,0.17838480103525114
2011-08-01,0.20985644826365452
2011-08-02,0.16837203490926175
2011-08-03,0.15896744306301866
2011-08-04,
2011-08-05,
2011-08-08,
2011-08-09,
2011-08-10,0.4095747049720778
2011-08-11,0.4489446291554515
2011-08-12,
2011-08-15,0.17104470906783587
2011-08-16,0.1604087996055931
2011-08-17,0.17134537802418243
2011-08-18,0.42306678421866006
2011-08-19,
2011-08-22,0.5813372822136634
2011-08-23,0.4545243016154108
2011-08-24,0.584326664350805
2011-08-25,0.40494197951550587
2011-08-26,0.17294573308128836
2011-08-29,0.22056705214718555
2011-08-30,0.28260955405559923
2011-08-31,0.2789656018928312
2011-09-01,0.5744771384367692
2011-09-02,0.5188965149130107
2011-09-06,0.6323413457695036
2011-09-07,0.6954504931573067
2011-09-08,0.7230480860963148
2011-09-09,0.523965182560483
2011-09-12,0.6370508126895487
2011-09-13,0.7383947715646425
2011-09-14,0.7556045046382174
2011-09-15,0.44364183838497945
2011-09-16,0.28226163038624813
2011-09-19,0.36439582419925215
2011-09-20,0.3824612269969523
2011-09-21,0.2889281250036395
2011-09-22,0.17356244334525545
2011-09-23,0.1835874392121985
2011-09-26,0.1609019788807179
2011-09-27,0.1708818749514092
2011-09-28,0.16231647159634435
2011-09-29,
2011-09-30,
2011-10-03,
2011-10-04,
2011-10-05,
2011-10-06,0.5411031390722089
2011-10-07,
2011-10-10,
2011-10-11,0.20946814287566298
2011-10-12,0.20801075525961277
2011-10-13,0.256976149852629
2011-10-14,0.35704487524852035
2011-10-17,0.2891209902392041
2011-10-18,0.3276849338176042
2011-10-19,0.49769344477930966
2011-10-20,0.559186338546975
2011-10-21,0.5885003304776856
2011-10-24,0.19042665555453125
2011-10-25,0.5166736910654799
2011-10-26,0.49294948774858977
2011-10-27,0.1743513588340472
2011-10-28,0.16223677393544098
2011-10-31,0.1610410585497292
2011-11-01,
2011-11-02,0.16559086561048894
2011-11-03,
2011-11-04,0.14972832656294602
2011-11-07,
2011-11-08,
2011-11-09,
2011-11-10,
2011-11-11,
2011-11-14,
2011-11-15,0.15643992259021658
2011-11-16,0.16015439111395777
2011-11-17,
2011-11-18,
2011-11-21,
2011-11-22,
2011-11-23,
2011-11-25,
2011-11-28,
2011-11-29,0.6313528187354646
2011-11-30,0.2038922891780235
2011-12-01,0.18646284669868887
2011-12-02,0.19596008448543076
2011-12-05,0.24547553694428598
2011-12-06,0.22662729897661874
2011-12-07,0.23892563726978708
2011-12-08,0.2439911935841081
2011-12-09,0.2758562996381944
2011-12-12,0.27304783033477903
2011-12-13,0.6837243148165617
2011-12-14,
2011-12-15,
2011-12-16,0.6779868694864182
2011-12-19,0.6779868694864182
2011-12-20,0.7717933556655066
2011-12-21,0.8185267053630445
2011-12-22,0.8168238510346126
2011-12-23,0.4811508681905499
2011-12-27,0.4226863024463885
2011-12-28,0.7792957045191076
2011-12-29,0.7755669182064997
2011-12-30,0.8012927673252225
2012-01-03,0.797153129306325
2012-01-04,0.7836993100116241
2012-01-05,0.42630167687812126
2012-01-06,0.4396560068245981
2012-01-09,0.39144859021357725
2012-01-10,0.32310067566682465
2012-01-11,0.7476551392409636
2012-01-12,0.7616165746733357
2012-01-13,0.6702628645949099
2012-01-17,0.7752744905162495
2012-01-18,0.7779969426137503
2012-01-19,0.7125879384606514
2012-01-20,0.5987440331049323
2012-01-23,0.7058874580926005
2012-01-24,0.5923667013402281
2012-01-25,0.3419429157503032
2012-01-26,0.76982916841735
2012-01-27,0.801792970057568
2012-01-30,0.822579121200486
2012-01-31,0.8052072112702506
2012-02-01,0.8086177543563003
2012-02-02,0.7278383797126713
2012-02-03,0.8083108211843325
2012-02-06,0.7874095640122195
2012-02-07,0.7521072340843066
2012-02-08,0.7471267387576955
2012-02-09,0.5005044846787902
2012-02-10,0.5864388405507563
2012-02-13,0.44960893993006407
2012-02-14,0.37479769801464335
2012-02-15,0.4893982775397284
2012-02-16,0.6036401677510485
2012-02-17,0.6522909137595839
2012-02-21,0.6340390187795182
2012-02-22,0.6276993792702779
2012-02-23,0.6919934147488227
2012-02-24,0.6380679142433108
2012-02-27,0.6767008519028062
2012-02-28,0.3505649747585359
2012-02-29,0.35129793494607137
2012-03-01,0.3528010215638862
2012-03-02,0.6445342738331751
2012-03-05,0.47492815535535926
2012-03-06,0.5532736382695665
2012-03-07,0.6602271060490995
2012-03-08,0.6463750751762102
2012-03-09,0.6544897676283119
2012-03-12,0.6457597514640322
2012-03-13,0.6495448094997083
2012-03-14,0.38269337455915015
2012-03-15,0.4511146212875162
2012-03-16,0.45363054575494777
2012-03-19,0.40505842584902707
2012-03-20,0.4160330492408025
2012-03-21,0.4451366448983141
2012-03-22,0.4881887828565028
2012-03-23,0.4871041748988457
2012-03-26,0.6366913528849704
2012-03-27,0.34429894506438624
2012-03-28,0.34346692234924636
2012-03-29,0.479770751095095
2012-03-30,0.34107499693249177
2012-04-02,0.26238115569221965
2012-04-03,0.2620573541895669
2012-04-04,0.24537700041545205
2012-04-05,0.25358478334017676
2012-04-09,0.2612424069440057
2012-04-10,0.23947715589339832
2012-04-11,0.23947715589339832
2012-04-12,0.2254381144376303
2012-04-13,0.2883489221336112
2012-04-16,
2012-04-17,0.19472393465700502
2012-04-18,0.19472393465700502
2012-04-19,0.3668090737837989
2012-04-20,
2012-04-23,
2012-04-24,
2012-04-25,
2012-04-26,0.24032836946508143
2012-04-27,0.248743621595331
2012-04-30,0.2121097201553869
2012-05-01,0.17238883236789437
2012-05-02,0.17238883236789437
2012-05-03,0.17238883236789437
2012-05-04,0.402184463675993
2012-05-07,0.4647613633489349
2012-05-08,
2012-05-09,
2012-05-10,
2012-05-11,
2012-05-14,
2012-05-15,
2012-05-16,
2012-05-17,
2012-05-18,
2012-05-21,
2012-05-22,0.5637562933191749
2012-05-23,0.23905658826821127
2012-05-24,0.2409760409604347
2012-05-25,0.5227986347764272
2012-05-29,0.20672498573347245
2012-05-30,0.2235622125634605
2012-05-31,0.2139701903094298
2012-06-01,0.5906421524653166
2012-06-04,0.6281672791760767
2012-06-05,0.6208603972156461
2012-06-06,0.6041773552733835
2012-06-07,0.6551975029129986
2012-06-08,0.1971322693050676
2012-06-11,0.5581614855416211
2012-06-12,0.21711464926907187
2012-06-13,0.5967800578473693
2012-06-14,0.5614270591035453
2012-06-15,0.5614270591035453
2012-06-18,0.18488368701376923
2012-06-19,0.20668866911613126
