custom_window_entry,1,2
custom_hh_hl_counts,1,1
custom_window_exit,2,4
custom_lh_counts,2,4
timestamp,,
2016-08-17,0.0,0.0
2016-08-18,0.0,0.0
2016-08-19,0.0,0.0
2016-08-22,-0.003382045850859896,-0.003382045850859896
2016-08-23,0.030927847892843606,0.030927847892843606
2016-08-24,0.01333327996950399,0.01333327996950399
2016-08-25,-0.004166631579582669,-0.004166631579582669
2016-08-26,0.007487270338329888,0.007487270338329888
2016-08-29,0.012021866528254122,0.012021866528254122
2016-08-30,-0.02483804387028356,-0.02483804387028356
2016-08-31,0.05199779846707582,-0.010409685932439449
2016-09-01,0.0,-0.02641003649228398
2016-09-02,0.0,-0.006840702033159365
2016-09-06,0.0,0.0
2016-09-07,-0.010376591299799084,-0.010376591299799112
2016-09-08,0.048124933098557664,0.04812493309855756
2016-09-09,-0.0244483750897414,-0.024448375089741375
2016-09-12,-0.020434808112794984,0.006520010906265526
2016-09-13,0.0,-0.018218722766070512
2016-09-14,0.0,-0.008926268344986225
2016-09-15,0.0,0.0
2016-09-16,0.0,0.0
2016-09-19,0.0,0.0
2016-09-20,0.0,0.0
2016-09-21,0.0,0.0
2016-09-22,0.0,0.0
2016-09-23,0.0,0.0
2016-09-26,0.0,0.0
2016-09-27,0.0,0.0
2016-09-28,0.0,0.0
2016-09-29,0.0,0.0
2016-09-30,0.0,0.0
2016-10-03,0.00098957663954556,0.0
2016-10-04,-0.0014604396264298121,0.0014120233006327798
2016-10-05,0.012745403348949602,0.012745403348949582
2016-10-06,-0.0016504289074996672,-0.0016504289074995818
2016-10-07,-0.007705606810388757,-0.0066129804275610726
2016-10-10,0.0,-0.011441584831740438
2016-10-11,0.0,-0.012871545723184923
2016-10-12,0.0,0.0
2016-10-13,0.0,0.0
2016-10-14,-0.0015216511840777283,0.0
2016-10-17,0.003175316806944133,-0.004460059397492387
2016-10-18,0.006119500088449962,0.006119500088449908
2016-10-19,0.0006291743020926526,0.0006291743020927344
2016-10-20,-0.0002096166387320324,-0.00020961663873210698
2016-10-21,-0.003194057489852003,-0.009643674601354593
2016-10-24,0.0,0.014818001230793193
2016-10-25,0.0,-0.019816412417166158
2016-10-26,0.0,-0.005745934871305295
2016-10-27,0.0,0.03446064474139958
2016-10-28,-0.0037490437515775967,0.011173175323066838
2016-10-31,0.004501756311470556,0.004501756311470554
2016-11-01,-0.012629917298311337,-0.01262991729831145
2016-11-02,0.008998304755928832,0.010934643618197881
2016-11-03,0.0,-0.004693911009039617
2016-11-04,0.0,0.0013579130447939813
2016-11-07,0.0,0.0
2016-11-08,0.020888887616336064,0.02088888761633614
2016-11-09,-0.006239962133130522,-0.00623996213313061
2016-11-10,-0.004539502925873471,-0.002228047741480866
2016-11-11,0.0,-0.002233023023384936
2016-11-14,0.0,-0.003538710445485523
2016-11-15,0.0,0.0
2016-11-16,0.00048126265937452085,0.0004812626593744651
2016-11-17,0.022704865795147574,0.022704865795147612
2016-11-18,0.0036679884317943607,0.0036679884317944575
2016-11-21,0.008655492646844514,0.00865549264684443
2016-11-22,-0.006674316649950154,-0.0066743166499500794
2016-11-23,-0.014139884500515131,-0.010558655919607885
2016-11-25,0.0,0.012611530842006717
2016-11-28,0.0,-0.000957985377521515
2016-11-29,0.0,0.021672416419163117
2016-11-30,-0.0009124032389807436,0.005443959211515253
2016-12-01,-0.031366695067218245,-0.03136669506721818
2016-12-02,0.01699893376018954,0.016769516724485074
2016-12-05,0.0034398312981797903,0.00587673776859063
2016-12-06,0.00584246753919631,0.005842467539196194
2016-12-07,0.009930649219551434,0.009930649219551448
2016-12-08,0.0003710875747131826,0.00037108757471329397
2016-12-09,0.0009272487546928361,0.0009272487546927662
2016-12-12,-0.001296996036540214,-0.0012969960365402553
2016-12-13,-0.005547738103601259,-0.002411880098237909
2016-12-14,0.0,0.008182969481134334
2016-12-15,0.0010174764756929564,0.04703934315862317
2016-12-16,-0.005637750802769397,-0.0056377508027694355
2016-12-19,0.001554840804103857,-0.0008859080590720253
2016-12-20,0.0,0.011704126367274683
2016-12-21,0.003103424810247445,0.00420693888788098
2016-12-22,-0.02530985969461446,-0.025309859694614467
2016-12-23,0.003372189745046804,0.004477014012759375
2016-12-27,0.0,-0.0007130762369374019
2016-12-28,0.0,-0.018565079609067028
2016-12-29,0.0,0.0
2016-12-30,0.0,0.0
2017-01-03,0.0,0.0
2017-01-04,0.0,0.0
2017-01-05,-0.005954814921688587,-0.005954814921688497
2017-01-06,0.027501308974238893,0.027501308974238806
2017-01-09,-0.005282629314855876,-0.005282629314855802
2017-01-10,0.008851179583798037,0.008851179583797978
2017-01-11,0.010352577715587768,0.01035257771558769
2017-01-12,0.0010421129787859193,0.00104211297878585
2017-01-13,0.009194981888421917,0.009194981888422013
2017-01-17,-0.003953956421656553,-0.003953956421656627
2017-01-18,0.010873436103401843,0.010873436103401949
2017-01-19,0.004097528417088332,0.004097528417088294
2017-01-20,0.007651860181043041,0.0076518601810431075
2017-01-23,-0.016537370735129432,-0.016537370735129463
2017-01-24,0.02556626329836695,0.025566263298366976
2017-01-25,0.004851927518320445,0.0048519275183203855
2017-01-26,-0.007492492174763387,-0.007492492174763387
2017-01-27,0.049320588614556155,0.049320588614556245
2017-01-30,-0.0017585725931921284,-0.0017585725931921524
2017-01-31,0.008808353094303443,0.008808353094303445
2017-02-01,0.0017463965869631889,0.0017463965869631583
2017-02-02,0.013629186896360609,0.013629186896360595
2017-02-03,0.006097576525732995,0.006097576525733003
2017-02-06,0.004351134138036494,0.004351134138036531
2017-02-07,0.0035587443086064698,0.0035587443086064225
2017-02-08,-0.0003083814365062462,-0.00030838143650633866
2017-02-09,0.002467602885529324,0.002467602885529492
2017-02-10,-0.004153816796886151,-0.004153816796886229
2017-02-13,-0.000791239096346535,0.0015448988728558905
2017-02-14,-1.9463099437432582e-05,0.0003085241350159604
2017-02-15,0.004163424389574137,0.0041634243895741965
2017-02-16,0.0,0.0
2017-02-17,-0.008138801406691418,-0.008138801406691546
2017-02-21,0.002921073651867792,0.00789591450610188
2017-02-22,0.0,-0.005069169695351871
2017-02-23,0.0,-0.01760164609774072
2017-02-24,0.0,0.0
2017-02-27,0.0,0.0
2017-02-28,0.0,0.0
2017-03-01,0.0,0.0
2017-03-02,0.0,0.0
2017-03-03,0.0,0.0
2017-03-06,0.0,0.0
2017-03-07,0.0,0.0
2017-03-08,0.0020562389207674846,0.0
2017-03-09,-0.0061398143054976866,-0.005352856338892911
2017-03-10,0.001590050744200625,0.005544080000628709
2017-03-13,-0.0012561329045700843,0.0003150853958507551
2017-03-14,-0.00015743955969148247,-0.00015743955969151538
2017-03-15,0.003780107831501691,0.003780107831501747
2017-03-16,0.004236593150768242,0.004236593150768214
2017-03-17,0.0029688312540611726,0.0029688312540612463
2017-03-20,-0.0018694955125543081,-0.0018694955125543582
2017-03-21,-0.026201098952481468,-0.02544091594298456
2017-03-22,0.0,0.008648240800182715
2017-03-23,-0.0067673395372095345,0.006196024740912529
2017-03-24,0.004597332103643086,0.0
2017-03-27,0.0,0.0014295624266990516
2017-03-28,0.00315610876713561,0.0031561087671356327
2017-03-29,0.00519106719489285,0.005191067194892909
2017-03-30,0.0014085116733742315,0.001408511673374272
2017-03-31,0.0014064243493030826,0.0014064243493029887
2017-04-03,-0.003589289108212015,-0.003589289108211968
2017-04-04,0.005168409729417485,0.005168409729417449
2017-04-05,-0.002492978636119844,-0.0024929786361197167
2017-04-06,0.0028116367898188316,0.002811636789818779
2017-04-07,0.01043608240929095,0.01043608240929094
2017-04-10,0.0006166678208670406,0.0006166678208670757
2017-04-11,0.0030811247681199892,0.0030811247681198782
2017-04-12,-0.018583927617075367,-0.018583927617075315
2017-04-13,-0.00016188961841918513,0.0003130144117451876
2017-04-17,0.002489707819803751,0.005162643196762149
2017-04-18,0.00217905921974233,0.0021790592197424396
2017-04-19,0.00217432124498676,0.0021743212449867556
2017-04-20,0.005733757382050698,0.00573375738205067
2017-04-21,-0.007396068931819009,-0.00739606893181894
2017-04-24,0.02732070598772929,0.027320705987729264
2017-04-25,0.0025688059827484715,0.0025688059827483917
2017-04-26,0.010700824738297511,0.01070082473829753
2017-04-27,0.005517437783011792,0.005517437783011873
2017-04-28,-0.004745643334323424,-0.004745643334323516
2017-05-01,0.006854365469140118,0.006854365469140193
2017-05-02,-0.0094716217466697,-0.009471621746669667
2017-05-03,-0.012293356429864854,-0.011355152827714873
2017-05-04,0.0,0.002266917841149774
2017-05-05,-0.002581179527748097,0.015016173381960422
2017-05-08,0.005052762263227825,-0.0006556060927532493
2017-05-09,-0.005766586258917246,-0.00576658625891731
2017-05-10,-0.012241750448791803,-0.003866856891322622
2017-05-11,0.0,-0.013138199232332554
2017-05-12,0.0,-0.017269716093150686
2017-05-15,0.0,0.0
2017-05-16,0.010903105720719944,0.0
2017-05-17,-0.024797131279819567,0.0
2017-05-18,-0.0023313947309376993,0.0
2017-05-19,0.0,0.0
2017-05-22,-0.008164476837428845,-0.008164476837428864
2017-05-23,0.0,0.0
2017-05-24,0.010240399493088945,0.010240399493088938
2017-05-25,0.008667601400163297,0.008667601400163294
2017-05-26,0.002039000045632232,0.002039000045632181
2017-05-30,-0.0007267536624156935,-0.0007267536624156487
2017-05-31,0.009309153069626269,0.009309153069626333
2017-06-01,-0.0015853221849512085,-0.0015853221849513723
2017-06-02,-0.01753672654151194,-0.014867183991407967
2017-06-05,0.0,-0.02402935858311167
2017-06-06,0.0,0.006698169747421309
2017-06-07,0.01628110122273325,0.0
2017-06-08,-0.040247682051257394,0.0
2017-06-09,-0.04390987895969877,0.0
2017-06-12,0.0,0.0
2017-06-13,0.0,0.0
2017-06-14,0.0,0.0
2017-06-15,0.0,0.0
2017-06-16,0.0,0.0
2017-06-19,-0.002054397571923651,0.0
2017-06-20,-0.00702082160530418,0.0
2017-06-21,0.01751561175278102,-0.0047141372915150475
2017-06-22,0.0037902567871335377,0.0037902567871335637
2017-06-23,0.0009440664424317582,0.000944066442431668
2017-06-26,-0.0026721718206267446,-0.0026721718206266253
2017-06-27,-0.019204494936787622,-0.023167851535859773
2017-06-28,0.0,0.011616714647477534
2017-06-29,0.0,-0.03105101468184354
2017-06-30,0.0,0.0
2017-07-03,0.0,0.0
2017-07-05,0.0,0.0
2017-07-06,-0.00290164484156262,0.0
2017-07-07,0.011012434146521817,-0.0019102249030215504
2017-07-10,-0.0001625331212336206,-0.00016253312123367463
2017-07-11,0.00032522959463328327,0.0003252295946332511
2017-07-12,0.001137767781142935,0.0011377677811429062
2017-07-13,-0.00470855199722282,-0.0047085519972227055
2017-07-14,-0.0010998999999999649,-0.0016313427123528454
2017-07-17,0.0,0.027941276090106947
2017-07-18,0.0,-0.0028612459389158874
2017-07-19,0.0,0.014347172450794012
2017-07-20,-0.0012550510178952728,0.004871936628187926
2017-07-21,-0.004848315940173937,-0.004848315940173965
2017-07-24,0.0004699776329691994,0.0006286852211763051
2017-07-25,-0.00655648050073102,0.0006281834812401362
2017-07-26,0.004865819010905113,0.0048658190109051955
2017-07-27,-0.007653894252307311,-0.007653894252307343
2017-07-28,0.0062900536179665515,0.002990687958790266
2017-07-31,-0.0052778215022984245,0.008631519263009044
2017-08-01,0.003111912529751795,0.003111912529751838
2017-08-02,-0.009616917239651915,-0.009616917239651926
2017-08-03,0.00453214429966662,0.002505969813404588
2017-08-04,0.0017013454620207207,0.005936522150632342
2017-08-07,0.0009317916480942819,0.0009317916480943316
2017-08-08,0.0,0.0
2017-08-09,-0.005120188665059145,-0.005120188665059086
2017-08-10,-0.019794256587284804,-0.014816056907768441
2017-08-11,0.0,-0.0020578367570721653
2017-08-14,0.0,0.0745558366399531
2017-08-15,0.0,-0.022586432569282205
2017-08-16,0.0,0.015254549060296769
2017-08-17,0.0,-0.012198828344668245
2017-08-18,0.0,0.0043158534903901535
2017-08-21,-0.015339550952440635,0.0
2017-08-22,0.024452120681141595,0.007257076276619803
2017-08-23,0.007131356345459966,0.007131356345460058
2017-08-24,0.010404681615662253,0.010404681615662105
2017-08-25,0.026029717449488024,0.02602971744948807
2017-08-28,0.014775543721175417,0.014775543721175472
2017-08-29,0.001923046043691516,0.001923046043691584
2017-08-30,0.01768585173790665,0.017685851737906478
2017-08-31,0.009430089195627964,0.00943008919562797
2017-09-01,-0.002268741310701741,-0.0022687413107017776
2017-09-05,0.002106829212904064,0.0005350888173800579
2017-09-06,0.0,-0.0016043170912695961
2017-09-07,0.0,-0.005112673638493751
2017-09-08,0.0,0.0
2017-09-11,0.0,0.0
2017-09-12,-0.001229843455426178,-0.0012298434554262774
2017-09-13,0.006295056928346204,0.006295056928346163
2017-09-14,0.00821060938953881,0.008210609389538817
2017-09-15,-0.004912057893265557,-0.004912057893265589
2017-09-18,-0.0010999000000000078,-0.0016887546141017258
2017-09-19,0.0,-0.0003903582399105714
2017-09-20,0.0,-0.004220725997447694
2017-09-21,0.0,0.0
2017-09-22,0.0,0.0
2017-09-25,0.0,0.0
2017-09-26,0.0,-0.0061905872425810455
2017-09-27,-0.0008397518026557041,0.013137144311714961
2017-09-28,0.00038899159085483217,0.0003889915908550375
2017-09-29,0.0007776806704685982,0.0007776806704684884
2017-10-02,0.009454751718911795,0.009454751718911619
2017-10-03,0.0042340639671877315,0.004234063967187877
2017-10-04,-0.0006388226698775095,-0.0006388226698774438
2017-10-05,0.010483232414999464,0.010483232414999499
2017-10-06,0.0,0.0
2017-10-09,0.002783368303858186,0.0027833683038581223
2017-10-10,-0.0022710193408359285,-0.0022710193408359866
2017-10-11,0.0035407473856919856,0.0035407473856918837
2017-10-12,0.011718714539965225,0.01171871453996537
2017-10-13,0.004857404731923402,0.004857404731923438
2017-10-16,0.005205751783743719,0.005205751783743647
2017-10-17,-0.0013563343958861221,-0.0013563343958860358
2017-10-18,0.004445017682308955,0.004445017682308876
2017-10-19,0.003564839603521765,0.0035648396035217354
2017-10-20,0.007349351122132184,0.007349351122132199
2017-10-23,0.0057149888650482265,0.005714988865048253
2017-10-24,0.006528789196133131,0.006528789196133261
2017-10-25,-0.007807746518254712,-0.007807746518254943
2017-10-26,0.006881614919201782,0.004479411295709354
2017-10-27,-0.00026464035186346026,0.010967765769578112
2017-10-30,-0.008702844333574064,-0.008702844333574052
2017-10-31,0.0009423103764408972,-0.004570097164321529
2017-11-01,0.0,-0.004470211277649868
2017-11-02,0.0,-0.009828118745542897
2017-11-03,0.0,0.0
2017-11-06,0.0,0.0
2017-11-07,0.0036467836646011903,0.0
2017-11-08,-0.002061149070418637,0.009696018629796098
2017-11-09,-0.00886680029438689,-0.0052241218370008835
2017-11-10,0.0,0.008549124784833674
2017-11-13,0.0,-0.009324347157023322
2017-11-14,0.0,-0.003911486948224408
2017-11-15,0.0,-0.014971124115346117
2017-11-16,0.0,0.010224313712793006
2017-11-17,-0.0009763282025943026,0.0
2017-11-20,-0.0028224523826879946,0.0
2017-11-21,0.011937081606230696,0.00023920716442605647
2017-11-22,-0.017511869620754753,-0.017511869620754832
2017-11-24,0.0029802234491624084,0.001980435231389213
2017-11-27,-0.004017154366345454,0.011859125159057023
2017-11-28,0.007935559671027818,0.007935559671027756
2017-11-29,-0.05535367953821785,-0.055353679538217966
2017-11-30,-0.006095053794110323,0.0032055809613327564
2017-12-01,-0.003963947702134143,0.021983595672164978
2017-12-04,-0.06340669711192219,-0.06843443948546896
2017-12-05,-0.012970935016636017,0.0
2017-12-06,0.0,0.0
2017-12-07,-0.013320268262944952,0.0
2017-12-08,0.017920693400120074,-0.003806988820227659
2017-12-11,0.026407706139938366,0.02640770613993834
2017-12-12,-0.0005044324051148855,-0.0005044324051146794
2017-12-13,0.011861216138697743,0.011861216138697702
2017-12-14,-0.005362317477163131,-0.005362317477163151
2017-12-15,0.01542127790398776,0.015421277903987798
2017-12-18,0.046672433916970305,0.046672433916970256
2017-12-19,-0.016869139041096763,-0.01686913904109678
2017-12-20,-0.001219808859213628,0.00011995934267165922
2017-12-21,0.0,-0.009718069018332356
2017-12-22,0.0,-0.010055374496419356
2017-12-26,0.0,0.0
2017-12-27,0.0,0.0
2017-12-28,0.0,0.0
2017-12-29,0.0,0.0
2018-01-02,-0.002792531776336474,-0.002792531776336308
2018-01-03,0.01055439905967651,0.010554399059676393
2018-01-04,0.017767159282809374,0.017767159282809402
2018-01-05,0.007312996322779346,0.007312996322779272
2018-01-08,-0.00023421101051178479,-0.00023421101051188423
2018-01-09,-0.01958503776416124,-0.012883588485199113
2018-01-10,0.0,0.0039155547824868695
2018-01-11,-0.0015588805345269172,0.026237990038518493
2018-01-12,-0.0009212586820021458,-0.0009212586820021522
2018-01-16,-0.0002939232245989466,-0.007608136770344696
2018-01-17,0.0,0.023463823694057622
2018-01-18,0.0002591133985967483,0.0031778719712294086
2018-01-19,0.0011313644536730186,0.0011313644536729422
2018-01-22,0.00497233194234603,0.0049723319423462175
2018-01-23,0.002024074913316729,0.0020240749133166023
2018-01-24,-0.008304405110790352,-0.00830440511079031
2018-01-25,0.03348918637018695,0.0007921497498345665
2018-01-26,0.0,-0.06445046958047455
2018-01-29,0.0,-0.11385949624690063
2018-01-30,0.0,0.0
2018-01-31,0.0,0.0
2018-02-01,0.0,0.0
2018-02-02,0.0,0.0
2018-02-05,0.0,0.0
2018-02-06,0.0,0.0
2018-02-07,0.0,0.0
2018-02-08,0.0,0.0
2018-02-09,0.0,0.0
2018-02-12,0.006744314382615774,0.006744314382615774
2018-02-13,0.003968909278234562,0.0039689092782345045
2018-02-14,0.022986843863658856,0.022986843863658887
2018-02-15,-0.01202232801435109,-0.012022328014351037
2018-02-16,0.0019389097313049638,0.011009711387541752
2018-02-20,-0.0036675079824131287,0.00042984712770292405
2018-02-21,0.0014322730223481832,0.001432273022348158
2018-02-22,0.009153281599394264,0.009153281599394119
2018-02-23,0.017290301551820694,0.017290301551820764
2018-02-26,0.008498072067302053,0.008498072067302142
2018-02-27,0.0048349853187279294,0.00483498531872795
2018-02-28,0.02130876860163261,0.02130876860163266
2018-03-01,0.014537611216947887,0.014537611216947625
2018-03-02,-0.022688061828363547,-0.02268806182836341
2018-03-05,0.007850319424173436,0.004615807195130606
2018-03-06,0.005016331198279448,0.021621628075411348
2018-03-07,0.022486795912740547,0.02248679591274053
2018-03-08,0.0015523431360600893,0.0015523431360602062
2018-03-09,0.01369160851622681,0.01369160851622668
2018-03-12,-0.00891949934690913,-0.008919499346909086
2018-03-13,-0.004695867042387605,-0.005657002551466171
2018-03-14,0.0,0.006206337114319524
2018-03-15,0.0,-0.0025699796991953973
2018-03-16,0.0,0.004380318886724603
2018-03-19,0.004829259899175539,0.00012823770790136777
2018-03-20,0.003462932984297056,0.003462932984297271
2018-03-21,-0.028629916181987406,-0.028629916181987573
2018-03-22,-0.02186649262663593,-0.020263100521225434
2018-03-23,0.0,-0.0177277051218604
2018-03-26,0.0,0.03277033941990846
2018-03-27,0.0,0.0
2018-03-28,0.0,0.0
2018-03-29,0.0,0.0
2018-04-02,0.0,0.0
2018-04-03,0.0,0.0
2018-04-04,-0.008706431122293586,0.0
2018-04-05,-0.0021926732190421824,0.0
2018-04-06,-0.019072154701345698,0.0
2018-04-09,0.0,0.0
2018-04-10,0.0020674387834434395,0.0
2018-04-11,-0.011814833007957598,0.0
2018-04-12,0.014037100754381157,0.0
2018-04-13,-0.03165042428653167,0.0
2018-04-16,0.019890240553044673,-0.00577921154823385
2018-04-17,0.013987931679396607,0.013987931679396527
2018-04-18,0.005305722481550934,0.005305722481550999
2018-04-19,-0.024937329592762285,-0.02493732959276235
2018-04-20,-0.015157437478470752,-0.016644036733696934
2018-04-23,0.0,0.005779458079359218
2018-04-24,0.0,-0.015449951165428973
2018-04-25,0.0,0.0
2018-04-26,0.0,0.0
2018-04-27,0.0,0.0
2018-04-30,0.0,0.0
2018-05-01,0.0,0.0
2018-05-02,0.0,0.0
2018-05-03,0.0,0.0
2018-05-04,-0.0017830788692310626,0.0
2018-05-07,-0.00630564064304623,-0.0015121021592641496
2018-05-08,-0.003993665089002084,-0.006621670273128664
2018-05-09,0.0,0.009859738360364132
2018-05-10,-0.0005636936386718118,0.02709020782567585
2018-05-11,-0.004953801012453149,-0.00495380101245317
2018-05-14,-0.0200510738447188,-0.008880504626209715
2018-05-15,0.0,0.0035297403413540825
2018-05-16,0.006768600306336152,-0.004883643461435621
2018-05-17,0.0013473633471018957,-0.024847893113315252
2018-05-18,0.060414426597454614,0.06041442659745475
2018-05-21,0.021063298640767034,0.021063298640767027
2018-05-22,0.003728146169140192,0.0037281461691401193
2018-05-23,0.013866563763768854,0.01386656376376883
2018-05-24,0.00952491373241814,0.009524913732417999
2018-05-25,-0.007862606621804517,-0.007862606621804272
2018-05-29,-0.01120820271065481,-0.01792246027080124
2018-05-30,0.0,0.006083207081488204
2018-05-31,0.0,0.01701934110889169
2018-06-01,0.0,0.0
2018-06-04,-0.003559816187018072,-0.0035598161870180538
2018-06-05,0.01905204405254162,0.019052044052541534
2018-06-06,0.008078504011996047,0.008078504011996104
2018-06-07,0.00812821712426479,0.008128217124264625
2018-06-08,0.0030661468232679105,0.003066146823268096
2018-06-11,-0.007811594121495642,-0.00781159412149559
2018-06-12,-0.008394517750792373,-0.010611637741910072
2018-06-13,0.0,0.01383917958625183
2018-06-14,0.0,0.0
2018-06-15,0.0,0.005460185723779518
2018-06-18,0.011892939813827703,0.013349931394594578
2018-06-19,-0.006363760112747754,-0.006363760112747698
2018-06-20,0.002716126916450538,0.002247220355350775
2018-06-21,0.0,-0.0012331694466251666
2018-06-22,0.0,-0.007378815933515418
2018-06-25,0.0,0.0
2018-06-26,0.0,0.0
2018-06-27,0.0,0.0
2018-06-28,0.0,0.0
2018-06-29,0.0,0.0
2018-07-02,0.0,0.0
2018-07-03,-0.0028864359237037434,-0.002886435923703647
2018-07-05,-0.010334259674406335,-0.010334259674406586
2018-07-06,0.004860481920085047,-0.005434245384628093
2018-07-09,0.0,0.0031069906890032455
2018-07-10,0.008195760270721192,-0.0024868927717620697
2018-07-11,-0.002967068841484948,0.0
2018-07-12,0.010946949564952034,-0.0010988911098899251
2018-07-13,-0.0023128410047203304,-0.0023128410047204557
2018-07-16,-0.009520592380676093,-0.0012645197403153379
2018-07-17,0.0,0.000844056614536334
2018-07-18,0.001218056360685343,-0.001205175310918531
2018-07-19,-0.003471157353176043,0.0
2018-07-20,-0.007531475834495076,0.0
2018-07-23,0.0,0.0
2018-07-24,0.0,0.0
2018-07-25,0.0,0.0
2018-07-26,0.0028316926717564194,0.002831692671756403
2018-07-27,-0.007733065223596977,-0.007733065223597028
2018-07-30,-0.011230719867252645,-0.010248705162459097
2018-07-31,0.0,-0.002049457334017746
2018-08-01,0.0,-0.0013157758305221963
2018-08-02,-0.002385540646023934,0.0
2018-08-03,0.0005374102785248408,0.0013752516541084706
2018-08-06,0.003759778358663929,0.0037597783586636076
2018-08-07,0.002782541501370805,0.002782541501370972
2018-08-08,0.004802624067969757,0.0048026240679697255
2018-08-09,0.0061603036038775745,0.006160303603877649
2018-08-10,-0.002111219445000603,-0.0021112194450005504
2018-08-13,-0.005643762064123576,-0.005606672474432585
2018-08-14,0.0,0.009148881713371153
2018-08-15,0.0,-0.0018974720290528642
2018-08-16,0.0,0.009505683497721766
2018-08-17,0.0,-0.005963611510056771
2018-08-20,0.0,0.0002105212106020677
2018-08-21,-0.0021481706885889836,0.000736561875917866
2018-08-22,0.006624606557458017,0.006624606557457803
2018-08-23,-0.004387339970500374,-0.004387339970500101
2018-08-24,0.006131723223821415,0.0003147522092909255
2018-08-27,-0.0027712103616293563,0.0007342382570351523
2018-08-28,-0.0015721115531038925,-0.0005764154859256639
2018-08-29,0.008502983724606792,0.002972727371839704
2018-08-30,0.005829130868932957,0.005829130868933067
2018-08-31,-0.004760460243468156,-0.004760460243468149
2018-09-04,-0.004735262504401785,-0.000207911241828819
2018-09-05,0.0,-0.004784225316909597
2018-09-06,0.0,-0.003083348734865086
2018-09-07,-0.004614625677408246,0.0
2018-09-10,0.0061292001588306244,0.002420192279248354
2018-09-11,-0.0015487368251232516,-0.0015487368251231937
2018-09-12,0.005480855590633714,0.005480855590633586
2018-09-13,0.00123414712297491,0.0012341471229748303
2018-09-14,0.013353912470158227,0.013353912470158283
2018-09-17,-0.01348203107755116,-0.013482031077551051
2018-09-18,-0.00972172663080296,-0.009658871643226236
2018-09-19,0.0,-0.009545546600956896
2018-09-20,0.0,0.009782760867998803
2018-09-21,0.0020258998334713387,0.0
2018-09-24,0.0,0.0
2018-09-25,0.007796289044410313,-0.0028473463942777165
2018-09-26,-0.00350696601768363,-0.003506966017683664
2018-09-27,0.006624546869822724,0.0066245468698226985
2018-09-28,-0.0013367644179140034,-0.0013367644179141048
2018-10-01,-0.005111074519214557,-0.004221538762985482
2018-10-02,0.0,0.000516946077098964
2018-10-03,0.0,0.0035457276372190404
2018-10-04,0.0,0.0
2018-10-05,0.005538299334451965,0.0
2018-10-08,-0.014542030888006926,0.0
2018-10-09,-0.009776924889636957,0.0
2018-10-10,0.0,0.0
2018-10-11,0.0,0.0
2018-10-12,0.0,0.0
2018-10-15,-0.0053913688442388825,-0.005391368844238784
2018-10-16,0.006947358721681948,0.006947358721682011
2018-10-17,-0.005854114345137791,-0.00585411434513798
2018-10-18,-0.005511375381907827,-0.006414284571863967
2018-10-19,0.0,-0.007514020097853024
2018-10-22,0.0,-0.0039757916404329074
2018-10-23,0.0,0.0
2018-10-24,0.0,0.0
2018-10-25,0.0,0.0
2018-10-26,0.0,0.0
2018-10-29,0.0,0.0
2018-10-30,0.0,0.0
2018-10-31,-0.006593998231645093,0.0
2018-11-01,0.008518617294636942,-0.0064394678492690335
2018-11-02,0.0002194122510167262,0.00021941225101686755
2018-11-05,0.005812664681482199,0.005812664681482276
2018-11-06,0.004252546292127858,0.004252546292127767
2018-11-07,0.06254069223904768,0.06254069223904776
2018-11-08,0.010831845028506398,0.010831845028506237
2018-11-09,-0.00879497686655188,-0.008794976866551884
2018-11-12,0.006337036663267988,0.004589485647252243
2018-11-13,-0.016876103455954004,0.031167518945738257
2018-11-14,0.04056316521817096,0.04056316521817103
2018-11-15,-0.005960829331881825,-0.005960829331881902
2018-11-16,-0.006804650425340324,-0.005615872920788944
2018-11-19,0.0,-0.011199351527809744
2018-11-20,0.0,-0.002840490537110452
2018-11-21,0.0,0.0
2018-11-23,-0.010713748389147187,0.0
2018-11-26,0.016454891537867583,0.002031531653395945
2018-11-27,-0.009182937159133552,-0.009182937159133441
2018-11-28,0.018536219943125265,0.018536219943125348
2018-11-29,-0.005628591028835403,-0.005628591028835369
2018-11-30,0.0021041226689074762,-0.004905609132636158
2018-12-03,0.0,0.0004740296872609985
2018-12-04,0.0,-0.017002034906303472
2018-12-06,0.0,0.0
2018-12-07,0.0,0.0
2018-12-10,0.0,0.0
2018-12-11,-0.014925489896709658,0.0
2018-12-12,0.002673563416354359,0.0
2018-12-13,0.004666244255215026,0.004614631379135819
2018-12-14,0.0027487478635022395,0.002748747863502245
2018-12-17,-0.006711407240145344,-0.006711407240145346
2018-12-18,0.007422935336032135,0.007422935336032149
2018-12-19,-0.009540873586779486,-0.009540873586779505
2018-12-20,-0.014151867065281242,-0.013733915983921657
2018-12-21,0.0,-0.00657577324354171
2018-12-24,0.0,-0.21717612390464233
2018-12-26,0.0,0.0
2018-12-27,0.0,0.0
2018-12-28,0.0,0.0
2018-12-31,0.012156269988006164,0.012156269988006122
2019-01-02,-0.035809220984712335,-0.035809220984712196
2019-01-03,-0.03205055361991011,-0.04223264058905239
2019-01-04,0.0,0.01972081284093837
2019-01-07,-0.018474791296122315,0.02321056446164092
2019-01-08,0.011873900013786964,0.0
2019-01-09,0.0014935572379196106,-0.0010988911098898588
2019-01-10,-0.03728164287756928,-0.03728164287756915
2019-01-11,-0.025856955311693734,-0.015932762405252755
2019-01-14,0.0,-0.037553374041662146
2019-01-15,0.0,-0.0010998999999999152
2019-01-16,0.0,0.0
2019-01-17,0.0,0.0
2019-01-18,0.0,0.0
2019-01-22,0.0,-0.025861369294435915
2019-01-23,-0.007549146100195619,0.012709978131424035
2019-01-24,0.007619929401648122,0.00761992940164794
2019-01-25,0.021129825082405736,0.0211298250824058
2019-01-28,0.02156392515996456,0.021563925159964657
2019-01-29,-0.0010660524869167394,-0.0010660524869169111
2019-01-30,0.024546418073314348,0.024546418073314515
2019-01-31,0.012291704984654836,0.012291704984654853
2019-02-01,0.021815167541725813,0.021815167541725872
2019-02-04,0.023766362429921493,0.023766362429921337
2019-02-05,0.0047215817783886095,0.0047215817783886165
2019-02-06,-0.0025455200063724836,-0.0025455200063724506
2019-02-07,-0.018552224137315963,-0.009815492441244831
2019-02-08,0.0,0.020816891719992254
2019-02-11,-0.00872121323663407,0.01029321449742884
2019-02-12,0.030372964693208233,0.030372964693208226
2019-02-13,0.006529851925150046,0.006529851925149985
2019-02-14,0.00797030846650655,0.00797030846650657
2019-02-15,0.011401219281972137,0.011401219281972198
2019-02-19,0.0007273237326144664,0.0007273237326145388
2019-02-20,0.00908425524524893,0.009084255245248835
2019-02-21,0.0,0.0
2019-02-22,0.011523221525985996,0.011523221525985995
2019-02-25,0.008188005617066823,0.008188005617066911
2019-02-26,0.0015889947694592277,0.0015889947694590382
2019-02-27,-0.008461127642224179,-0.008461127642224273
2019-02-28,0.02429436899275368,-0.007644478400576816
2019-03-01,0.0,0.014869220073315644
2019-03-04,0.0,-0.02578587455442467
2019-03-05,0.0,0.0
2019-03-06,0.0,0.0
2019-03-07,0.0,0.0
2019-03-08,0.0,0.0
2019-03-11,0.0,0.0
2019-03-12,-0.009249481549997883,-0.009249481549997869
2019-03-13,0.004570394728604418,0.004570394728604516
2019-03-14,0.04058235005638648,0.04058235005638636
2019-03-15,0.053340349020567925,0.053340349020567994
2019-03-18,0.004316775737783436,0.0043167757377833346
2019-03-19,-0.0008266097286621501,-0.0008266097286620521
2019-03-20,-0.01680062935603976,-0.013401695207786557
2019-03-21,0.0,0.0181116327713715
2019-03-22,0.0,-0.019107207533390107
2019-03-25,0.0,-0.03795130818715991
2019-03-26,0.0,0.02792807291239024
2019-03-27,0.0,-0.025355698067821925
2019-03-28,0.0,0.0
2019-03-29,0.0,0.0
2019-04-01,0.00255097787671555,0.0025509778767153256
2019-04-02,0.013900358490926726,0.013900358490926865
2019-04-03,0.005222782051205612,0.005222782051205624
2019-04-04,-0.020295489629817576,-0.020295489629817764
2019-04-05,0.030825363561245846,0.030825363561246082
2019-04-08,0.004662373312701548,0.0046623733127015
2019-04-09,-0.012161954970005896,-0.012161954970005882
2019-04-10,0.02527128499491401,0.02527128499491398
2019-04-11,0.009006228870282695,0.009006228870282827
2019-04-12,-0.005480740094967429,-0.005480740094967527
2019-04-15,0.005825817996516007,0.0058258179965159414
2019-04-16,-0.01706323210948867,-0.017063232109488683
2019-04-17,-0.001895355107549079,-0.0006370288337505982
2019-04-18,0.0,0.0015936172310486282
2019-04-22,-0.0006248757149384438,0.006364386499498701
2019-04-23,0.02766798889306036,0.027667988893060373
2019-04-24,0.019230755870300466,0.019230755870300563
2019-04-25,0.011320724279147274,0.011320724279147107
2019-04-26,-0.024477642723248406,-0.0244776427232483
2019-04-29,0.0033321787785748364,0.0029070366638987814
2019-04-30,-0.008307435266587629,0.028375264916561903
2019-05-01,0.01735649154868496,0.01735649154868503
2019-05-02,-0.006415875277342375,-0.006415875277342401
2019-05-03,0.008218397635027734,0.008218397635027694
2019-05-06,-0.007423635276257634,-0.007423635276257646
2019-05-07,-0.017945934312327872,-0.010265437145306486
2019-05-08,0.0,-0.005778565099884542
2019-05-09,0.0,-0.006012559443486211
2019-05-10,0.0,0.0
2019-05-13,0.0,0.0
2019-05-14,0.0,0.0
2019-05-15,-0.00330074667385878,0.0
2019-05-16,0.027982348989866474,0.010629016174129393
2019-05-17,-0.005300826771547306,-0.005300826771547514
2019-05-20,-0.008437402345692884,-0.02059629056902183
2019-05-21,0.0,0.024264662667419456
2019-05-22,0.0,-0.009332409057828004
2019-05-23,0.0,-0.04424072334582845
2019-05-24,0.0,0.0
2019-05-28,0.008467919664328683,0.0
2019-05-29,-0.003162197785260165,0.0
2019-05-30,0.003172229000780772,0.09358755668001775
2019-05-31,-0.10419438886124836,-0.10419438886124835
2019-06-03,0.0,0.0
2019-06-04,0.0,0.0
2019-06-05,0.0,0.0
2019-06-06,0.0,0.0
2019-06-07,0.0,0.0
2019-06-10,0.0,0.0
2019-06-11,0.0,0.0
2019-06-12,0.0,0.0
2019-06-13,0.0,0.0
2019-06-14,0.0,0.0
2019-06-17,0.0,0.0
2019-06-18,0.0,0.0
2019-06-19,-0.029794557791248278,0.0
2019-06-20,0.018532380628331634,0.005182367211906668
2019-06-21,-0.007719157054521098,-0.007719157054521191
2019-06-24,-0.013866011989388192,-0.012780168897158214
2019-06-25,0.0,-0.018574104870539798
2019-06-26,0.0,0.0015734806317196572
2019-06-27,0.0,0.0
2019-06-28,0.0,0.0
2019-07-01,0.0,0.0
2019-07-02,0.004871041071783206,0.0
2019-07-03,0.014181663268993734,0.014038820312755506
2019-07-05,-0.010393028154871961,-0.010393028154872136
2019-07-08,-0.027994080915235555,-0.020622502218972206
2019-07-09,0.0,-0.0037044287179401427
2019-07-10,0.0,0.021575690089457585
2019-07-11,-0.007962305580432531,-0.007962305580432648
2019-07-12,0.005609544620574851,0.005609544620574918
2019-07-15,0.026775811097770198,0.026775811097770132
2019-07-16,0.01430635667777289,0.014306356677772974
2019-07-17,0.008748480039861239,0.00874848003986117
2019-07-18,0.015752217140164785,0.01575221714016487
2019-07-19,-0.010280568465299504,-0.010280568465299527
2019-07-22,-0.002858517848434737,-0.006690146024041262
2019-07-23,0.0,-0.01701523501917359
2019-07-24,0.0,0.014389716933560356
2019-07-25,0.0,0.0
2019-07-26,0.0,0.0
2019-07-29,0.0032028860559652297,0.0
2019-07-30,0.022512091553914742,-0.0019707995945641046
2019-07-31,0.00891140977788565,0.008911409777885881
2019-08-01,-0.0008659788976707302,-0.0008659788976709864
2019-08-02,-0.11676386669002177,-0.09152368326690274
2019-08-05,0.0,-0.03893185292634493
2019-08-06,0.0,0.0
2019-08-07,0.0,0.0
2019-08-08,0.0,0.0
2019-08-09,0.0,0.0
2019-08-12,0.0,0.0
2019-08-13,0.0,0.0
2019-08-14,0.0,0.0
2019-08-15,0.0,0.0
2019-08-16,0.0,0.0
2019-08-19,0.005667114847642711,0.0
2019-08-20,-0.011824653501838813,0.0
2019-08-21,0.01868437121973624,0.0
2019-08-22,0.025887170137088085,0.0
2019-08-23,-0.06586464900689985,0.0
2019-08-26,0.023758144422456003,0.0
2019-08-27,0.0,0.0
2019-08-28,0.0,0.0
2019-08-29,0.0,0.0
2019-08-30,0.008688449131713223,0.008688449131713353
2019-09-03,-0.008926807640937224,-0.008926807640937215
2019-09-04,0.008484267117636316,0.0025455200063725036
2019-09-05,-0.002606701108815236,0.03359375356015515
2019-09-06,0.008314450968333914,0.008314450968333898
2019-09-09,0.01742877320986056,0.017428773209860582
2019-09-10,0.021919368697560355,0.02191936869756027
2019-09-11,-0.0032444362415574657,-0.00324443624155755
2019-09-12,-0.02367900137237004,-0.02079565456012246
2019-09-13,0.0,-0.011819015641702969
2019-09-16,0.0,0.008047168581418221
2019-09-17,0.0,0.0
2019-09-18,0.0,0.0
2019-09-19,0.0,0.0
2019-09-20,0.0,0.0
2019-09-23,0.0,0.0
2019-09-24,0.0,0.0
2019-09-25,0.0,0.0
2019-09-26,0.0,0.0
2019-09-27,0.0,0.0
2019-09-30,0.0,0.0
2019-10-01,0.0,0.0
2019-10-02,0.0,0.0
2019-10-03,0.0,0.0
2019-10-04,0.0,0.0
2019-10-07,0.0,0.0
2019-10-08,0.0,0.0
2019-10-09,0.0,0.0
2019-10-10,0.0,0.0
2019-10-11,0.0,0.0
2019-10-14,0.002461574841239749,0.002461574841239878
2019-10-15,0.008879233543022001,0.00887923354302215
2019-10-16,-0.011539249914163288,-0.01153924991416338
2019-10-17,-0.004657470108427615,-0.00336364766122086
2019-10-18,0.0,-0.009926492479691261
2019-10-21,0.0,0.007713349771672615
2019-10-22,0.0,0.0
2019-10-23,0.0,0.0
2019-10-24,-0.003053368706535367,-0.00305336870653547
2019-10-25,0.013134678332066895,0.013134678332066932
2019-10-28,-0.001741426143179008,-0.0017414261431790222
2019-10-29,0.03217669862941958,0.03217669862941944
2019-10-30,0.009389693922945846,0.009389693922945948
2019-10-31,-0.01600000168031204,-0.016000001680311918
2019-11-01,0.017031078122238304,0.006617509569155256
2019-11-04,-0.0023959109946348734,0.011269734705784162
2019-11-05,0.010958359687025462,0.010958359687025371
2019-11-06,-0.0018372127077900234,-0.0018372127077900596
2019-11-07,-0.0005483221406598279,-0.0003680772948466316
2019-11-08,0.0,0.0
2019-11-11,0.0,0.0038666504155976658
2019-11-12,0.006710734483101613,0.016691154149382353
2019-11-13,-0.011726475254744042,-0.011726475254743999
2019-11-14,0.014764319730043097,0.0049287736664017714
2019-11-15,-0.0012783669714424761,0.010717563071350081
2019-11-18,-0.0012580744082599518,-0.0012580744082600988
2019-11-19,0.01151699977781085,0.011516999777810809
2019-11-20,-0.016723036540519105,-0.016723036540519078
2019-11-21,-0.029474645696053032,-0.028225080825027792
2019-11-22,0.0,-0.0018618410653489287
2019-11-25,0.0,0.03728352826787076
2019-11-26,0.0,0.0
2019-11-27,0.0,0.0
2019-11-29,0.0,0.0
2019-12-02,0.0,0.0
2019-12-03,0.0,0.0
2019-12-04,0.0,0.0
2019-12-05,0.0,0.0
2019-12-06,0.0,0.0
2019-12-09,0.0,0.0
2019-12-10,0.0,0.0
2019-12-11,0.0,0.007133791350162671
2019-12-12,0.0003156818052245024,0.03751832695958468
2019-12-13,-0.0030303253768159187,-0.003030325376816061
2019-12-16,0.006389350613424399,0.0028369258347840415
2019-12-17,-0.0024973378816987944,0.008890699644727865
2019-12-18,0.0014019479094312059,0.0014019479094310714
2019-12-19,-0.0022000412597111847,-0.002200041259711038
2019-12-20,-0.005704955427552543,-0.005411946199154107
2019-12-23,0.0,0.016928707778719087
2019-12-24,-0.009478244193989158,0.0073325699046260275
2019-12-26,0.023214635000813784,0.02321463500081365
2019-12-27,-0.01980393307453788,-0.019803933074537653
2019-12-30,-0.004626765253272191,-0.0013730730490954855
2019-12-31,0.0,0.009428398839063027
2020-01-02,0.016197261660283187,0.017513191150953906
2020-01-03,-0.03289348024561758,-0.032893480245617626
2020-01-06,0.008183869606607804,0.010084955867062744
2020-01-07,0.0,-0.025058720786399567
2020-01-08,0.0,0.006923428231299384
2020-01-09,0.0,0.0
2020-01-10,0.0,0.0
2020-01-13,0.0,0.0
2020-01-14,0.001855876605556688,0.0018558766055567413
2020-01-15,-0.0051121345919948,-0.005112134591994804
2020-01-16,0.014624564749966179,0.014624564749966398
2020-01-17,-0.019478035387408946,-0.01947803538740908
2020-01-21,-0.017768052080288716,-0.020858094581883126
2020-01-22,0.0,0.013187228487009319
2020-01-23,-0.0046558352197565486,0.011101312121478909
2020-01-24,-0.007742686547493886,0.0
2020-01-27,-0.030479305857496652,0.0
2020-01-28,0.0,0.0
2020-01-29,0.010252237555545734,0.0
2020-01-30,0.008784436055641854,0.0
2020-01-31,-0.012353169130947098,0.0
2020-02-03,0.024092814262168805,0.0
2020-02-04,-0.00983053560660031,0.0
2020-02-05,-0.004703150497276167,-0.008323185186609287
2020-02-06,0.040559194030806114,0.04055919403080621
2020-02-07,-0.023273444711203104,-0.023273444711203215
2020-02-10,0.008188662605626743,0.009492490843332002
2020-02-11,-0.010002446743660099,0.0028784751815918797
2020-02-12,0.01990052509803875,0.01990052509803865
2020-02-13,-0.014071257336296189,-0.014071257336296224
2020-02-14,-0.0058520523880880235,0.006279708144779593
2020-02-18,0.0,-0.0020801494462482344
2020-02-19,0.0,0.010801528527606522
2020-02-20,0.0,-0.00731156966387529
2020-02-21,0.0,-0.023229491312163033
2020-02-24,0.0,-0.06593187270957468
2020-02-25,0.0,-0.03397614824518177
2020-02-26,0.0,0.0
2020-02-27,0.0,0.0
2020-02-28,0.0,0.0
2020-03-02,0.0,0.0
2020-03-03,0.0,0.0
2020-03-04,0.0,0.0
2020-03-05,0.0,0.0
2020-03-06,0.0,0.0
2020-03-09,0.0,0.0
2020-03-10,0.0,0.0
2020-03-11,0.0,0.0
2020-03-12,0.0,0.0
2020-03-13,0.0,0.0
2020-03-16,0.0,0.0
2020-03-17,0.0,0.0
2020-03-18,0.0,0.0
2020-03-19,0.0,0.0
2020-03-20,-0.016536340308585633,-0.016536340308585563
2020-03-23,0.04462905622478079,0.04462905622478108
2020-03-24,0.14466705170894592,0.14466705170894562
2020-03-25,0.012612576310116124,0.012612576310116235
2020-03-26,0.08134220507004489,0.08134220507004479
2020-03-27,-0.08909262413933632,-0.08909262413933627
2020-03-30,0.01720250045143818,0.027096681965809513
2020-03-31,0.0,-0.006281327686895733
2020-04-01,0.0,-0.07611210158663317
2020-04-02,0.0,0.0
2020-04-03,0.0,0.0
2020-04-06,0.0,0.0
2020-04-07,0.0,0.0
2020-04-08,0.0,-0.03202244134785809
2020-04-09,0.021011538818437307,0.02922238501251572
2020-04-13,-0.02646780146971216,-0.026467801469712064
2020-04-14,-0.01171594581414795,0.02174991357012706
2020-04-15,0.0,-0.021528792704091353
2020-04-16,0.0,0.04088103745556952
2020-04-17,0.027872736678992628,0.0
2020-04-20,-0.01324979654157401,0.0
2020-04-21,-0.06596983592588884,0.0
2020-04-22,0.0,0.0
2020-04-23,-0.011766010297457972,0.0
2020-04-24,0.020046214517997207,0.0
2020-04-27,0.012597661601850331,-0.020594390395065994
2020-04-28,0.016173140479771718,0.016173140479771763
2020-04-29,0.062438879115895296,0.06243887911589526
2020-04-30,-0.016132838569706986,-0.016132838569707073
2020-05-01,-0.07176458913903234,-0.06301238214990161
2020-05-04,0.0,0.013749975892007351
2020-05-05,0.0,0.0001318294027686977
2020-05-06,0.0,0.0
2020-05-07,-0.01641219908006515,0.0
2020-05-08,0.04550901657925684,0.007906525279975254
2020-05-11,-0.006414680354421734,-0.006414680354421605
2020-05-12,-0.024592679066714453,-0.02582437653853407
2020-05-13,0.0,-0.02887562738540058
2020-05-14,0.0,0.0020649293875452863
2020-05-15,-0.019273485255062225,0.0
2020-05-18,0.040152144464641805,0.0032551201402313203
2020-05-19,0.005938771089557034,0.0059387710895568305
2020-05-20,0.014078071847701521,0.014078071847701445
2020-05-21,-0.006045638856098792,-0.006045638856098679
2020-05-22,0.007676178896406904,-0.029736476052186652
2020-05-26,0.0,0.03227307875457074
2020-05-27,0.005520780852608684,0.024966276372333875
2020-05-28,0.00021941670171516815,0.00021941670171524936
2020-05-29,0.089074124284307,0.08907412428430703
2020-06-01,-0.0054391264283989455,-0.005439126428399056
2020-06-02,0.001530375811488809,-0.004456154884330089
2020-06-03,0.0,-0.006917624687258271
2020-06-04,0.0,0.011793112943145301
2020-06-05,-0.010500308975495197,-0.010500308975495117
2020-06-08,0.02256533809309964,0.022565338093099508
2020-06-09,-0.03155244770730802,-0.03155244770730798
2020-06-10,-0.04183065948310666,-0.012792318290642783
2020-06-11,0.0,-0.05669164773320805
2020-06-12,0.0,-0.01803769496203065
2020-06-15,-0.031156524626580584,0.0
2020-06-16,0.013174714949271922,0.0
2020-06-17,-0.00335570310886935,0.0
2020-06-18,0.016136954869363045,0.0
2020-06-19,0.0,0.0
2020-06-22,0.0,-0.01214551852462655
2020-06-23,0.0,0.014909951303630105
2020-06-24,0.011666008044333799,0.08345232980854969
2020-06-25,-0.028248583166269,-0.028248583166269024
2020-06-26,0.019613757263553543,0.012596870462601559
2020-06-29,-0.0022124316465794293,0.02889956717090395
2020-06-30,0.02194940275669698,0.021949402756697222
2020-07-01,-0.012013125029025289,-0.012013125029025393
2020-07-02,0.0029487070199257274,-0.009764211465984338
2020-07-06,0.0,0.00576746119056687
2020-07-07,0.0,-0.017175408349874244
2020-07-08,0.0,0.0
2020-07-09,0.0,0.0
2020-07-10,0.0,0.0
2020-07-13,0.0,0.0
2020-07-14,0.0,0.0
2020-07-15,-0.10231812144911381,0.0
2020-07-16,0.12186784957405768,0.0046809567294348944
2020-07-17,0.021489011841277834,0.021489011841277765
2020-07-20,0.017889687594652693,0.017889687594652794
2020-07-21,-0.00634660880056954,-0.006346608800569763
2020-07-22,0.011464135778874148,0.011464135778874401
2020-07-23,-0.0038860389347270463,-0.0038860389347272575
2020-07-24,-0.011978687303289957,-0.011703536269174841
2020-07-27,0.0,0.0026316397019224076
2020-07-28,0.0,-0.026170780283980687
2020-07-29,0.0,0.0
2020-07-30,0.0,0.0
2020-07-31,0.0,0.0
2020-08-03,-0.0006030926925262668,-0.0006030926925263666
2020-08-04,-0.0026455013286306272,-0.0026455013286308215
2020-08-05,0.004807623621733072,0.004807623621733259
2020-08-06,0.005609656240682775,0.0056096562406827265
2020-08-07,-0.0024610518174891325,-0.0024610518174891824
2020-08-10,0.016940832423326186,0.016940832423326186
2020-08-11,-0.004690273765257814,-0.004690273765257811
2020-08-12,0.004712376099248145,0.004712376099248143
2020-08-13,-0.03671355581143992,-0.03671355581143978
2020-08-14,0.009633742561373651,0.005876428203746717
2020-08-17,0.0,-0.003672180978767067
2020-08-18,0.0,0.009443037388234191
2020-08-19,0.0,0.0
2020-08-20,0.0,0.0
2020-08-21,0.0,0.0
2020-08-24,-0.0010988911098898475,-0.001098891109889968
2020-08-25,-0.014944777989907763,-0.014944777989907707
2020-08-26,0.024571256582029962,0.024571256582029927
2020-08-27,0.004828620905408854,0.004828620905408877
2020-08-28,0.060547776590287386,0.06054777659028745
2020-08-31,-0.0019633883545107007,-0.0019633883545107063
2020-09-01,0.004388614046047902,0.004388614046047918
2020-09-02,0.031640806795326507,0.03164080679532654
2020-09-03,-0.042792520957284814,-0.042792520957284835
2020-09-04,-0.039050172034786904,-0.013579440646475495
2020-09-08,0.0,-0.007733969966822194
2020-09-09,0.0,0.044524008828352835
2020-09-10,0.0,0.0
2020-09-11,0.0,0.0
2020-09-14,-0.010717972486535571,0.0
2020-09-15,0.003739780958742587,-0.009512816255829797
2020-09-16,0.0040237623282613,0.004023762328261257
2020-09-17,-0.012023133088545735,-0.012023133088545775
2020-09-18,-0.027963397059209284,-0.0028545130117576434
2020-09-21,0.0,-0.013108428204269931
2020-09-22,0.0,0.025130762724393043
2020-09-23,0.0,0.0
2020-09-24,0.0,0.0
2020-09-25,0.0,0.0
2020-09-28,-0.003763041793997583,-0.003763041793997659
2020-09-29,0.016193776068022258,0.016193776068022254
2020-09-30,-0.010380156806553936,-0.010380156806553896
2020-10-01,-0.027662442056297722,-0.002215889872863979
2020-10-02,0.0,-0.005626299554400239
2020-10-05,0.0,0.012732386726655942
2020-10-06,0.0,0.0
2020-10-07,0.0,0.0
2020-10-08,0.0,0.0
2020-10-09,0.0,-0.004882047832148397
2020-10-12,0.0,0.012574994354376154
2020-10-13,-0.004487308420539121,0.01819497097527643
2020-10-14,0.0019855129392977724,0.0019855129392978652
2020-10-15,-0.008634104264415285,-0.008634104264415216
2020-10-16,0.0040342970081926706,0.0015705068379640954
2020-10-19,0.0,-0.009265891374394177
2020-10-20,0.0,0.0020621453850564126
2020-10-21,0.0,0.0
2020-10-22,0.0,0.0
2020-10-23,0.0,0.0
2020-10-26,0.0,0.0
2020-10-27,0.0,0.0
2020-10-28,0.0,0.0
2020-10-29,0.0,0.0
2020-10-30,0.0,0.0
2020-11-02,0.0,0.0
2020-11-03,-0.012611782729138196,0.0
2020-11-04,0.007773275888127038,-0.01643010150632291
2020-11-05,0.036638246038466694,0.036638246038466646
2020-11-06,0.0012402048029643753,0.001240204802964425
2020-11-09,-0.005418796417299672,-0.005418796417299662
2020-11-10,0.005759615488257467,0.0057596154882575135
2020-11-11,0.004178950502606321,0.004178950502606255
2020-11-12,-0.007089987084015097,-0.0070899870840150725
2020-11-13,0.026233969311179193,0.026233969311179158
2020-11-16,0.01875668137185145,0.018756681371851453
2020-11-17,0.007572327173346475,0.00757232717334658
2020-11-18,-0.0038314091256190174,-0.0038314091256190837
2020-11-19,0.013313596950249978,0.013313596950250027
2020-11-20,-0.002335710539781122,-0.0023357105397812353
2020-11-23,0.015217992958401866,0.015217992958401818
2020-11-24,0.013692772173719753,0.013692772173719921
2020-11-25,-0.013934376405915579,-0.01393437640591567
2020-11-27,0.011719496914133265,0.006777231099488995
2020-11-30,0.0,-0.011314821398426633
2020-12-01,0.0,0.021584832852470984
2020-12-02,0.0,0.0
2020-12-03,0.0,0.005530386924303183
2020-12-04,-0.0028967673647739608,0.01678181810848491
2020-12-07,-0.023855757892591884,-0.023855757892591915
2020-12-08,0.023879740867890305,0.021170800784978204
2020-12-09,0.0,-0.004730728908624118
2020-12-10,0.0,0.008807452701174919
2020-12-11,0.0,-0.00720619200574742
2020-12-14,0.0,0.011027370074564197
2020-12-15,-0.003935446529282552,0.01808642253692075
2020-12-16,0.001762895819715961,0.0017628958197158807
2020-12-17,0.011371412199631812,0.011371412199631835
2020-12-18,-0.023959350402704017,-0.023959350402704034
2020-12-21,0.00958496418562866,0.0019198919633720947
2020-12-22,0.0,-0.004516868824858978
2020-12-23,0.0,0.013046528177766172
2020-12-24,0.0,0.0
2020-12-28,0.0,0.0
2020-12-29,0.0,0.0
2020-12-30,0.0,0.0
2020-12-31,-0.009210206048695838,0.0
2021-01-04,-0.010915484785667543,0.0
2021-01-05,0.013381081155723965,0.0008084286226648147
2021-01-06,0.008303832059484262,0.008303832059484192
2021-01-07,0.03064677741218921,0.03064677741218928
2021-01-08,0.011527297683212333,0.011527297683212347
2021-01-11,-0.020590478180658518,-0.020590478180658414
2021-01-12,-0.01272271567204359,0.01480888144774332
2021-01-13,0.0,-0.0719217693929291
2021-01-14,0.0,0.025825374094346546
2021-01-15,-0.005251454119674537,0.0
2021-01-19,0.00807967805747989,0.0
2021-01-20,0.029254624195368627,-0.007667267930158932
2021-01-21,-0.0019468021893661108,-0.0019468021893660288
2021-01-22,-0.008373998497588174,-0.012483739701729543
2021-01-25,0.0,-0.0034237478963946343
2021-01-26,0.0,-0.015222798838330987
2021-01-27,0.0,0.0
2021-01-28,0.0,0.0
2021-01-29,0.0,0.0
2021-02-01,0.0,0.0
2021-02-02,0.0043674486787396724,0.004367448678739728
2021-02-03,0.0075158644897297434,0.007515864489729862
2021-02-04,0.02006436013953898,0.020064360139538922
2021-02-05,0.003782558003366665,0.003782558003366586
2021-02-08,0.0041452385866255015,0.0041452385866255
2021-02-09,-0.004378284619664258,-0.004378284619664214
2021-02-10,0.0020377034037210337,-0.0001256763734091597
2021-02-11,0.0,-0.0010052536300589178
2021-02-12,0.0,0.006918226966240636
2021-02-16,0.0,-0.0076202310326781274
2021-02-17,0.0,-0.0022658777718299753
2021-02-18,0.0,0.00542525477797124
2021-02-19,0.0001393118782508618,0.013552426519401535
2021-02-22,0.0,0.0
2021-02-23,-0.002599901356382345,-0.0025999013563823433
2021-02-24,0.014026790836031752,0.01402679083603166
2021-02-25,-0.024605211926737584,-0.02460521192673742
2021-02-26,0.01645105907740418,0.017444750214844252
2021-03-01,-1.5737340678360453e-05,0.024916768177569135
2021-03-02,-0.004573357693655999,-0.004573357693655954
2021-03-03,0.010760446437045622,0.010760446437045532
2021-03-04,-0.009569328883875652,-0.009569328883875678
2021-03-05,0.030797055506000707,0.03079705550600074
2021-03-08,-0.002811883437215571,-0.0028118834372155804
2021-03-09,0.016214253038879124,0.016214253038879144
2021-03-10,0.01375880179119388,0.013758801791193888
2021-03-11,0.010720825143182238,0.01072082514318221
2021-03-12,0.0022568152670202277,0.0022568152670202645
2021-03-15,0.005404228239160226,0.005404228239160227
2021-03-16,-0.002463652050846447,-0.0024636520508465225
2021-03-17,0.02469694377380259,0.024696943773802594
2021-03-18,-0.034728289459580244,-0.03472828945958031
2021-03-19,-0.008809065269036964,-0.005447775804754731
2021-03-22,0.0,-0.0031952191098186225
2021-03-23,0.0,-0.0127642168324972
2021-03-24,0.0,0.0
2021-03-25,0.0,0.0
2021-03-26,0.0,0.0
2021-03-29,0.0,0.004939190608605384
2021-03-30,0.0,0.00430790501295139
2021-03-31,0.0,-0.004966708921767709
2021-04-01,0.0,0.01055019121234337
2021-04-05,-0.0018807158151484722,0.0031432934750236174
2021-04-06,0.0013428925994186517,0.0013428925994186762
2021-04-07,0.022686604274166085,0.022686604274166102
2021-04-08,0.011692687748092118,0.011692687748092113
2021-04-09,0.014041959383628904,0.014041959383628738
2021-04-12,-0.0045802955097118386,-0.0045802955097117804
2021-04-13,-0.009437490030942387,-0.009844882118254326
2021-04-14,0.0,0.0018372284115696815
2021-04-15,-0.009211879616519935,0.0670982017917374
2021-04-16,0.025272930822728367,0.02527293082272836
2021-04-19,0.01971994854562114,0.019719948545621164
2021-04-20,-0.018758429627488388,-0.018758429627488436
2021-04-21,-0.001985805314520863,-0.00068982089576588
2021-04-22,0.0,-0.00907205177057377
2021-04-23,0.0,0.008442777285093928
2021-04-26,0.0,0.0
2021-04-27,0.0,0.0
2021-04-28,0.0,0.0
2021-04-29,0.0,0.0
2021-04-30,0.0,0.0
2021-05-03,0.0,0.0
2021-05-04,0.0,0.0
2021-05-05,0.0,0.0
2021-05-06,-0.0033964306694015635,-0.0033964306694015942
2021-05-07,0.01292975887388129,0.01292975887388115
2021-05-10,-0.013655206374187271,-0.013655206374187111
2021-05-11,-0.02785619847083054,-0.018659697198410385
2021-05-12,0.0,-0.038131259078110935
2021-05-13,0.0,0.03637603399851837
2021-05-14,0.003284100325623742,0.0
2021-05-17,-0.0004064086398731155,0.0
2021-05-18,-0.021100206492789667,0.0
2021-05-19,0.0,0.0
2021-05-20,0.0,0.0
2021-05-21,0.0,-0.009547945828106072
2021-05-24,0.0,0.016959503439656277
2021-05-25,0.0,-0.006291238668878349
2021-05-26,0.0,0.0015073973653749499
2021-05-27,0.009226191226682555,0.00040139278387154047
2021-05-28,-0.01063192374800415,-0.00220197938903915
2021-06-01,0.04268049029324341,-0.0020691275237885998
2021-06-02,-0.020029145490059585,-0.0200291454900596
2021-06-03,0.011486665255366877,0.008631797420056417
2021-06-04,-0.0073311861451163226,0.0183946607146479
2021-06-07,-0.006664783795091318,-0.006664783795091159
2021-06-08,0.010404564375328409,0.010404564375328332
2021-06-09,0.0004811650292472857,0.00048116502924727277
2021-06-10,-0.0016352322283877735,-0.0016352322283877264
2021-06-11,0.0018305846282812752,0.00183058462828119
2021-06-14,-0.011925337670916471,-0.011925337670916454
2021-06-15,-0.0013915801952526063,0.001167932213486865
2021-06-16,0.0,-0.0010693982774310406
2021-06-17,0.0,-0.044944549106321674
2021-06-18,0.0,0.0
2021-06-21,0.0,0.0
2021-06-22,0.0,0.0
2021-06-23,0.0,0.0
2021-06-24,0.0,0.0
2021-06-25,0.0,0.0
2021-06-28,-0.0015993964620383489,0.0
2021-06-29,0.02456140906843796,0.007775838552748419
2021-06-30,-0.02475536813695809,-0.024755368136958104
2021-07-01,-0.006311366547250089,-0.009832418906594897
2021-07-02,0.0,0.006890211374400649
2021-07-06,0.0,-0.005221360848870388
2021-07-07,0.0,0.0
2021-07-08,0.0,0.0
2021-07-09,0.0,0.00029801908445561937
2021-07-12,0.0,-0.031122199044504105
2021-07-13,0.0,-0.03469574073919088
2021-07-14,0.0,-0.0038396186967725268
2021-07-15,0.0,0.007562921622527033
2021-07-16,0.0,0.0
2021-07-19,0.0,0.0
2021-07-20,-0.004543324597003405,0.0
2021-07-21,0.008807786921114731,-0.003894266110189607
2021-07-22,-0.002806381721735627,-0.0028063817217355925
2021-07-23,0.006358135091385962,0.006358135091386027
2021-07-26,-0.000932166381798991,-0.0009321663817989828
2021-07-27,-0.003274589720638619,-0.0037320664807357407
2021-07-28,0.0,-0.0021852397556998376
2021-07-29,0.0,0.009385745023484625
2021-07-30,0.0,-0.0017563668004917576
2021-08-02,0.0,-0.0034154670350878117
2021-08-03,0.0,0.022224563663952566
2021-08-04,0.0,-0.010565936456498977
2021-08-05,0.0,0.009754641285109139
2021-08-06,0.005842200890525416,0.002033749854201767
2021-08-09,-0.00040595497375045514,-0.0004059549737503691
2021-08-10,-0.0019111699717284155,-0.0008121632701090091
2021-08-11,0.0,0.019813039143614975
2021-08-12,-0.0010988911098897668,0.001394824384928628
2021-08-13,-0.004775604616630004,-0.004775604616629958
2021-08-16,-0.009787713207145941,-0.003798863177647677
2021-08-17,0.0,-0.01836425890928337
2021-08-18,0.0,-0.019685071672308242
2021-08-19,0.0,0.0
2021-08-20,0.0,0.0
2021-08-23,-0.00980220269916037,-0.009802202699160276
2021-08-24,0.006192589790559805,0.0061925897905597636
2021-08-25,0.013103059726531939,0.013103059726532007
2021-08-26,-0.004997023658522445,-0.004997023658522485
2021-08-27,-0.04034773937648825,-0.045297943429506944
2021-08-30,0.0,0.012377528155482077
2021-08-31,0.0,-0.007409758510438885
2021-09-01,0.0,0.0
2021-09-02,0.0,0.0
2021-09-03,0.0024096197988378483,0.0
2021-09-07,-0.01163267739623835,0.0
2021-09-08,-0.01649806676557364,0.0
2021-09-09,0.0,0.0
2021-09-10,0.0,0.0
2021-09-13,0.0,-0.0004924506793832934
2021-09-14,0.0,-0.014662737626842968
2021-09-15,0.0,0.03078817153728749
2021-09-16,-0.0011973436578924077,0.009557940296874684
2021-09-17,-0.008579870479160511,-0.008579870479160642
2021-09-20,0.013506475054855117,0.00338204990526308
2021-09-21,0.0,-0.015168075121014023
2021-09-22,0.0,0.013379859106225436
2021-09-23,0.0,0.0
2021-09-24,0.003247128551490061,0.003247128551489975
2021-09-27,0.009530224702233395,0.009530224702233558
2021-09-28,0.0040049161650325136,0.004004916165032446
2021-09-29,0.0008547883444554809,0.0008547883444554509
2021-09-30,-0.012715883984628296,-0.012715883984628314
2021-10-01,0.016724315516662883,0.016724315516662806
2021-10-04,-0.0051049013940842256,-0.005104901394084024
2021-10-05,0.006556419196891078,0.00655641919689104
2021-10-06,-0.004059267061149479,-0.004059267061149555
2021-10-07,0.014691956314076948,0.014691956314076918
2021-10-08,-0.01858946380270314,-0.018589463802703057
2021-10-11,-0.00043431815163528294,0.0013325578168260398
2021-10-12,0.0,-0.013783252620109375
2021-10-13,0.0,0.003617783342895679
2021-10-14,0.0,0.0
2021-10-15,-0.007914840877219446,-0.007914840877219505
2021-10-18,0.008727155538030608,0.008727155538030554
2021-10-19,0.019880357640007004,0.019880357640007163
2021-10-20,0.007400063316558289,0.007400063316558269
2021-10-21,0.012093477277230803,0.012093477277230756
2021-10-22,0.013807789069003089,0.013807789069002974
2021-10-25,-0.019643805710389706,-0.019643805710389702
2021-10-26,-0.023339178775276935,-0.01852349088655047
2021-10-27,0.0,-0.016513890783027386
2021-10-28,0.0,0.006549174280718277
2021-10-29,0.0,0.0
2021-11-01,0.0,0.0
2021-11-02,0.0,0.0
2021-11-03,0.0,0.002169056962532872
2021-11-04,0.0,-0.011413062670430352
2021-11-05,0.0,0.03184896252437041
2021-11-08,0.0,0.0
2021-11-09,0.0,0.0
2021-11-10,-0.0030357804549524707,0.0
2021-11-11,-0.007594495112814816,-0.004111935257069888
2021-11-12,0.003877758408556458,-0.003381360230513909
2021-11-15,0.0,0.012500013623918792
2021-11-16,0.0,0.0
2021-11-17,0.0,-0.012345692301947736
2021-11-18,0.0,-0.0017856870378767673
2021-11-19,0.0,-0.015742415815638847
2021-11-22,0.0,-0.002007647046240775
2021-11-23,0.0,0.0
2021-11-24,0.0,0.0
2021-11-26,0.0,-0.016331895657037486
2021-11-29,0.0,0.02474189003378099
2021-11-30,0.0,-0.01910714747181063
2021-12-01,0.0,-0.013635566515294677
2021-12-02,0.0,0.02603232931918065
2021-12-03,-0.005689593350927533,0.02327205565786673
2021-12-06,0.00461697092813182,0.004616970928131853
2021-12-07,0.002723401658078445,0.0027234016580784926
2021-12-08,-0.008657245337874531,-0.008657245337874563
2021-12-09,-0.013757224166217703,-0.012842465417875966
2021-12-10,0.0,-0.000867355601636291
2021-12-13,0.0,-0.05156516415944144
2021-12-14,0.0,0.0
2021-12-15,0.0,0.0
2021-12-16,0.0,0.0
2021-12-17,0.0,0.0
2021-12-20,0.0,0.0
2021-12-21,0.0,0.0
2021-12-22,0.0,0.0
2021-12-23,0.0,-0.0041285318196167394
2021-12-27,-0.00021570288677297167,0.012884706375152264
2021-12-28,0.006183786188234317,0.006183786188234436
2021-12-29,0.0017558994342660574,0.001755899434265878
2021-12-30,-0.009465397418911023,-0.00946539741891086
2021-12-31,-0.007286654931581429,-0.006016637102930792
2022-01-03,0.0,0.01442053408751653
2022-01-04,0.0009547473829003467,0.02650056420430797
2022-01-05,-0.008719475493163152,-0.00871947549316325
2022-01-06,0.0009674843740247765,0.0010348632936311966
2022-01-07,0.0,-0.0008614616862828312
2022-01-10,0.0,0.03259181470846974
2022-01-11,-0.004403787410264581,0.006179006768284451
2022-01-12,-0.004979240449137669,-0.00497924044913773
2022-01-13,-0.0006000537404809765,0.0036696814546474227
2022-01-14,0.0030438640705945093,0.005983058356437913
2022-01-18,-0.0173467579421078,-0.0173467579421078
2022-01-19,-0.02209225263297814,-0.025554816231703782
2022-01-20,0.0,-0.009661793779147474
2022-01-21,0.0,-0.04669434139354479
2022-01-24,0.0,0.0
2022-01-25,0.0,0.0
2022-01-26,0.0,0.0
2022-01-27,0.0,0.0
2022-01-28,-0.0007435286231475049,-0.0007435286231475557
2022-01-31,0.010135129406343146,0.01013512940634324
2022-02-01,0.030980430892238363,0.030980430892238273
2022-02-02,0.014171108679859339,0.014171108679859446
2022-02-03,-0.003367016124609353,-0.0033670161246093784
2022-02-04,-0.003124679451263564,-0.007770254705142292
2022-02-07,0.0,0.0037452740844320324
2022-02-08,-0.006732105976127913,0.01679107350474026
2022-02-09,0.013678059789636184,0.013678059789636234
2022-02-10,-0.000822761834522268,-0.0008227618345223506
2022-02-11,-0.026105311375757508,-0.019927583577803956
2022-02-14,0.0,-0.015291545506275562
2022-02-15,0.0,0.011855155113458509
2022-02-16,6.223096524282438e-05,0.0
2022-02-17,-0.017084136313702983,0.0
2022-02-18,-0.016439065783432696,0.0
2022-02-22,0.0,0.0
2022-02-23,0.0,0.0
2022-02-24,0.0,0.0
2022-02-25,0.0,0.0
2022-02-28,0.0,0.0
2022-03-01,0.0,0.0
2022-03-02,0.0,0.0
2022-03-03,0.0,0.0
2022-03-04,0.0,0.0
2022-03-07,0.0,0.0
2022-03-08,0.0,0.0
2022-03-09,0.01194460715558068,0.0
2022-03-10,-0.00019234939633037027,0.0
2022-03-11,0.0007696190088628746,0.001790288956961102
2022-03-14,-0.024418317324586495,-0.024418317324586398
2022-03-15,0.026409146792688562,0.02640914679268845
2022-03-16,-0.002112146821891483,-0.002112146821891436
2022-03-17,-0.03108422732689188,-0.02809318577788108
2022-03-18,0.0,0.026133509273128238
2022-03-21,-0.0033846857182876634,0.009453942628957147
2022-03-22,0.012805848385906217,0.012805848385906144
2022-03-23,-0.007359939460130063,-0.007359939460129998
2022-03-24,0.01730037782909491,0.017300377829094986
2022-03-25,0.023920811701447033,0.023920811701446866
2022-03-28,-0.008943268302226446,-0.00894326830222649
2022-03-29,0.01344382232952391,0.01344382232952397
2022-03-30,-0.012902037074726822,-0.012902037074726685
2022-03-31,-0.10683766891142499,-0.07603094792558979
2022-04-01,0.0,-0.02769474850929251
2022-04-04,0.0,0.00012828399011404802
2022-04-05,0.0,0.0
2022-04-06,0.0,0.0
2022-04-07,0.0,0.0
2022-04-08,0.0,0.0
2022-04-11,0.0,0.0
2022-04-12,0.0,0.0
2022-04-13,0.0020783075970748147,0.0
2022-04-14,-0.007820814539035761,0.0
2022-04-18,0.010651896349129905,0.00504487169434012
2022-04-19,0.011593656569967777,0.011593656569967862
2022-04-20,0.02104601554924288,0.021046015549242836
2022-04-21,-0.016122467663823324,-0.016122467663823272
2022-04-22,-0.03570187821278455,-0.027795066957789542
2022-04-25,0.0,0.008534276402698842
2022-04-26,0.0,-0.0171601116041685
2022-04-27,0.0,0.0
2022-04-28,0.006852086361181648,0.0
2022-04-29,-0.02306734486679444,0.00424168387271294
2022-05-02,0.012499319052267109,0.010423350265093483
2022-05-03,-0.0077347238305663585,0.007368388928865071
2022-05-04,0.02006275715325507,0.02006275715325522
2022-05-05,-0.03175584937815587,-0.03175584937815589
2022-05-06,-0.0495018977625904,-0.035547959165141425
2022-05-09,0.0,-0.008556454336954178
2022-05-10,0.0,0.0028789078845801886
2022-05-11,0.0,0.0
2022-05-12,0.0,0.0
2022-05-13,0.0,0.0
2022-05-16,0.0,0.0
2022-05-17,0.0,0.013689984447969658
2022-05-18,0.0,-0.07080024015978352
2022-05-19,0.0,-0.05197651411371883
2022-05-20,0.0,0.0
2022-05-23,0.0,0.0
2022-05-24,0.0,0.0
2022-05-25,0.0,0.020344842548001334
2022-05-26,-0.12915803631866005,0.014549678503828174
2022-05-27,0.12861373746025728,0.12861373746025734
2022-05-31,0.007260927437659303,0.007260927437659228
2022-06-01,0.014617532284951029,0.014617532284951032
2022-06-02,0.012038694146340276,0.012038694146340335
2022-06-03,-0.005070170197394224,-0.005070170197394159
2022-06-06,-0.025768975824935633,-0.019208144520649513
2022-06-07,0.0,0.02218226598807142
2022-06-08,0.0,-0.01603127410288248
2022-06-09,0.0,0.00039731059683904715
2022-06-10,0.0,-0.05089607974900261
2022-06-13,0.0,0.0
2022-06-14,0.0,0.0
2022-06-15,0.020630253731035008,0.0
2022-06-16,-0.042162397499418545,0.0
2022-06-17,0.06289593289999784,0.0
2022-06-21,0.010394554828172645,0.0
2022-06-22,-0.012593925201092815,-0.0013043072901854158
2022-06-23,0.013079069112637478,0.008845922645066007
2022-06-24,-0.003280776144183973,0.02467371659631319
2022-06-27,-0.00019897157280016157,-0.00019897157280013948
2022-06-28,-0.025953106275571593,-0.02587585605744518
2022-06-29,0.0,-0.03167141970892157
2022-06-30,0.0,-0.03461438263084357
2022-07-01,0.0,0.0
2022-07-05,0.0,0.0
2022-07-06,0.0,0.0
2022-07-07,0.0,0.0
2022-07-08,0.0,0.0
2022-07-11,0.0,0.0
2022-07-12,0.0,0.0
2022-07-13,0.011088557198441854,0.011088557198441725
2022-07-14,-0.010199319261338833,-0.010199319261338798
2022-07-15,0.017798555221404853,0.017798555221404732
2022-07-18,-0.012885355968491692,-0.012885355968491705
2022-07-19,0.026573411400947027,0.026573411400947156
2022-07-20,0.0029517995167011976,0.0029517995167011118
2022-07-21,0.010867180820285215,0.010867180820285094
2022-07-22,-0.029339335465235046,-0.029339335465235
2022-07-25,0.010654538684489252,0.011767381627541349
2022-07-26,0.0,-0.009578065759641399
2022-07-27,0.0,0.017300268369431583
2022-07-28,-0.001323275177361885,-0.0013232751773618776
2022-07-29,0.012584300523393684,0.01258430052339363
2022-08-01,0.007989276180263885,0.007989276180263908
2022-08-02,-0.025539407621667946,-0.02553940762166798
2022-08-03,0.004091026004385503,0.0042928705063644415
2022-08-04,0.0,-0.005624296866344262
2022-08-05,0.0,0.03144342007671682
2022-08-08,0.0017664710254069534,0.00176647102540665
2022-08-09,-0.007920805375323822,-0.007920805375323775
2022-08-10,0.04746062059007586,0.047460620590075935
2022-08-11,0.007833981271879642,0.007833981271879672
2022-08-12,0.013025268202878481,0.013025268202878366
2022-08-15,0.0016590214502746636,0.001659021450274799
2022-08-16,0.006004159836607804,0.00600415983660784
2022-08-17,-0.01564104381861633,-0.01564104381861642
2022-08-18,0.023207124255922574,0.02320712425592266
2022-08-19,-0.025950153114033148,-0.025950153114033137
2022-08-22,-0.023521188928350985,-0.017411328891095455
2022-08-23,0.0,0.0021348948291061848
2022-08-24,0.0,0.008476278531128659
2022-08-25,0.0,0.0
2022-08-26,0.0,0.0
2022-08-29,0.0,0.0
2022-08-30,0.0,0.0
2022-08-31,0.0,0.0
2022-09-01,0.0,0.0
2022-09-02,0.0,0.0
2022-09-06,0.0,0.0
2022-09-07,0.0,0.0
2022-09-08,-0.0106073128619849,-0.010607312861985149
2022-09-09,0.03350651728642448,0.03350651728642456
2022-09-12,0.012817248298533838,0.012817248298533859
2022-09-13,-0.04962779250280397,-0.049627792502804
2022-09-14,-0.013618740738667055,-0.004438594577850985
2022-09-15,0.0,-0.012588500623927587
2022-09-16,0.0,-0.008263338866657055
2022-09-19,0.0,0.0
2022-09-20,0.0,0.0
2022-09-21,0.0,0.0
2022-09-22,0.0,0.0
2022-09-23,0.0,0.0
2022-09-26,0.0,0.0
2022-09-27,0.0,0.0
2022-09-28,0.01647118618947152,0.0
2022-09-29,-0.031170367250808455,0.0
2022-09-30,0.008541482722466603,0.0
2022-10-03,0.0,0.0
2022-10-04,0.012688331580036896,0.012688331580036905
2022-10-05,0.010678097588227293,0.010678097588227312
2022-10-06,-0.010037006391683301,-0.010037006391683222
2022-10-07,-0.06959437661457216,-0.07684101129376368
2022-10-10,0.0,-0.0034681773750514563
2022-10-11,0.0,-0.021958638425430544
2022-10-12,0.0,0.0
2022-10-13,0.0,0.0
2022-10-14,0.0,-0.006319637672324427
2022-10-17,0.0,0.0061296821207936225
2022-10-18,0.014458564013425261,0.002610970391664336
2022-10-19,-0.0020254540521609343,-0.002025454052160755
2022-10-20,0.010727715682187644,0.010727715682187475
2022-10-21,0.05708542251656195,0.05708542251656217
2022-10-24,0.011668936851592069,0.01166893685159205
2022-10-25,0.012339133965459806,0.012339133965459735
2022-10-26,0.0013248339914376105,0.0013248339914377117
2022-10-27,-0.0007939294328466524,-0.0007939294328467509
2022-10-28,0.03707631324444558,0.037076313244445644
2022-10-31,-0.019407515947256194,-0.01940751594725625
2022-11-01,0.01476796031162289,0.019531249223897876
2022-11-02,0.0,-0.03780340483397637
2022-11-03,0.0,0.014545208576243916
2022-11-04,0.0,0.0
2022-11-07,-0.008558925569080672,-0.00855892556908062
2022-11-08,0.013794814441810882,0.013794814441810833
2022-11-09,-0.026966758715196406,-0.02696675871519633
2022-11-10,0.060767843335346954,0.0607678433353469
2022-11-11,0.02301052388263745,0.023010523882637433
2022-11-14,-0.010074983648105383,-0.010074983648105358
2022-11-15,-0.007483414420359242,0.0023668277898483063
2022-11-16,0.0,-0.02762687629517311
2022-11-17,0.0,0.014909665534099458
2022-11-18,0.010437972681331188,0.0
2022-11-21,-0.023073292092742486,0.0
2022-11-22,0.06768928171302659,-0.0010988911098898505
2022-11-23,0.017331862318740954,0.017331862318741103
2022-11-25,0.00044834022618317547,0.00044834022618298535
2022-11-28,-0.023526758053579733,-0.02352675805357962
2022-11-29,-0.004079663067560808,-0.001376809792794928
2022-11-30,0.0,0.029181995505634613
2022-12-01,0.012887591458968516,0.002455918912773016
2022-12-02,-0.008017830693036278,-0.008017830693036238
2022-12-05,-0.03541331968401731,-0.03300406803967214
2022-12-06,0.0,-0.01393077497962463
2022-12-07,0.0,-0.01097840274080646
2022-12-08,0.0,0.0
2022-12-09,0.0,0.0
2022-12-12,0.0,0.0
2022-12-13,0.0,0.0049990804974970006
2022-12-14,0.0,-0.027304508999035883
2022-12-15,0.0,-0.05518232294194416
2022-12-16,0.0,-0.002114550011086619
2022-12-19,0.0,0.0
2022-12-20,0.0,0.0
2022-12-21,0.0,0.0
2022-12-22,-0.002627856343277991,0.0
2022-12-23,-0.0005109979068872022,0.0
2022-12-27,0.00741311154001538,-0.00033795121420117624
2022-12-28,-0.01649331460024322,-0.01649331460024324
2022-12-29,0.027347817832647663,0.027347817832647704
2022-12-30,0.010045241811764593,0.010045241811764572
2023-01-03,0.01690701851161937,0.016907018511619396
2023-01-04,0.0009779241891904188,0.000977924189190313
2023-01-05,-0.0017098118508132004,-0.0017098118508129766
2023-01-06,0.037925110779763585,0.03792511077976347
2023-01-09,-0.003300315787164041,-0.003300315787164062
2023-01-10,0.004966956131341072,0.004966956131341211
2023-01-11,-0.040480140097871334,-0.040480140097871424
2023-01-12,-0.035646109780866624,-0.02060338835311281
2023-01-13,0.0,0.006260956626328737
2023-01-17,0.0,0.0011375604464223463
2023-01-18,0.0,0.0
2023-01-19,0.0,0.0
2023-01-20,0.0,0.0
2023-01-23,0.019773672769796666,0.019773672769796607
2023-01-24,-0.010964930626236763,-0.010964930626236805
2023-01-25,0.007759539377393169,-0.0017245551751926048
2023-01-26,0.0,0.011599240261436546
2023-01-27,0.0,-0.026200403830462033
2023-01-30,0.0,0.0
2023-01-31,0.0,0.0
2023-02-01,-0.007597776812564016,-0.007597776812563933
2023-02-02,0.028862445789987014,0.02886244578998712
2023-02-03,-0.0042431989214531335,-0.004243198921453257
2023-02-06,-0.03373444427472576,-0.030303090509739877
2023-02-07,0.0,0.025146548267004267
2023-02-08,0.0,0.013411313046491152
2023-02-09,0.0,0.0
2023-02-10,-0.0031988969341459218,-0.0031988969341460727
2023-02-13,0.015917609685044513,0.01591760968504468
2023-02-14,-0.008525408607679499,-0.008525408607679589
2023-02-15,-0.014099705557702909,-0.0053450975775297
2023-02-16,0.0,-0.0018691125650337206
2023-02-17,0.0,-0.02003975088156822
2023-02-21,0.0,0.0
2023-02-22,0.0,0.0
2023-02-23,0.0,0.0
2023-02-24,0.0,0.0
2023-02-27,0.0,0.0
2023-02-28,0.0,0.0
2023-03-01,0.0,0.0
2023-03-02,0.0,0.0
2023-03-03,0.0,0.0
2023-03-06,0.0,0.0
2023-03-07,0.0,0.0
2023-03-08,0.0,0.0
2023-03-09,0.0,0.0
2023-03-10,0.0,0.0
2023-03-13,0.0,0.0
2023-03-14,0.0,0.0
2023-03-15,0.0,0.0
2023-03-16,0.0,0.003914046973774806
2023-03-17,0.0,-0.02181335172141091
2023-03-20,0.0,0.03573342215845021
2023-03-21,-0.002881725648532546,0.015564262015381391
2023-03-22,-0.027330770194655754,-0.02733077019465574
2023-03-23,-0.012904148568436764,-0.0068277868626160755
2023-03-24,0.0,-0.0116340198376363
2023-03-27,0.0,0.012261524176791456
2023-03-28,-0.016249322563557073,-0.0162493225635572
2023-03-29,0.021143240134636733,0.02114324013463671
2023-03-30,0.018916198841295327,0.0189161988412954
2023-03-31,0.008780694148564569,0.008780694148564487
2023-04-03,0.018900824509691373,0.01890082450969139
2023-04-04,-0.002440866142025465,-0.002440866142025557
2023-04-05,-0.007943325885713256,-0.0017127403145002068
2023-04-06,0.0,-0.013970581016738332
2023-04-10,0.0,0.02982850550817447
2023-04-11,-0.005878340572222955,0.0041032625559520985
2023-04-12,0.006490395857385406,0.006490395857385335
2023-04-13,0.018629152469362757,0.018629152469362885
2023-04-14,0.014771330149559397,0.01477133014955938
2023-04-17,0.015018519967931191,0.015018519967931087
2023-04-18,0.035738667969898635,0.03573866796989864
2023-04-19,-0.03670325646033652,-0.036703256460336606
2023-04-20,-0.026169312511919285,-0.02076211782096286
2023-04-21,0.0,0.004426897705315575
2023-04-24,0.0,-0.012917139101557848
2023-04-25,0.0,0.0
2023-04-26,0.0,0.0
2023-04-27,0.0,0.0
2023-04-28,-0.0010988911098900496,-0.0010988911098899965
2023-05-01,0.007587905348847501,0.007587905348847429
2023-05-02,0.021451360868448528,0.021451360868448732
2023-05-03,0.008936584916860363,0.008936584916860304
2023-05-04,-0.021700609954552228,-0.021700609954552263
2023-05-05,0.027387937440346843,0.027387937440346743
2023-05-08,0.013879732905634472,0.01387973290563458
2023-05-09,-0.0008692071953379186,-0.0008692071953379126
2023-05-10,-0.008920792763383222,-0.0032622382051973476
2023-05-11,0.0,-0.02465636096373748
2023-05-12,0.0,0.0011347417023380639
2023-05-15,0.0009060431433303895,0.0
2023-05-16,0.010015596703381605,0.0
2023-05-17,0.010356928050759565,0.0006470146460467448
2023-05-18,0.027699029444471796,0.027699029444471987
2023-05-19,0.013370141816555403,0.013370141816555306
2023-05-22,-0.0043978865858148525,-0.004397886585814795
2023-05-23,-0.032197326635870334,-0.025031603249666256
2023-05-24,0.0,-0.009492958817564023
2023-05-25,0.0,0.04726643412883613
2023-05-26,-0.00683151862340649,0.00894335428666272
2023-05-30,-0.024530997070365847,-0.02453099707036592
2023-05-31,-0.049862804008068265,-0.053043075606945496
2023-06-01,0.0,0.014505639171193322
2023-06-02,-0.0008874830411906934,0.03845178178861311
2023-06-05,-0.0378675882841747,0.0
2023-06-06,0.029209757405784388,0.0
2023-06-07,-0.0079678051221226,0.0
2023-06-08,0.004825840179871949,-0.0052532055878519055
2023-06-09,-0.005846706679169383,-0.005846706679169278
2023-06-12,0.009661816395201507,0.009661816395201552
2023-06-13,0.015186177384455631,0.015186177384455692
2023-06-14,0.011885283609066467,0.0118852836090663
2023-06-15,0.01660590678588897,0.016605906785889087
2023-06-16,-0.010557820437035122,-0.010557820437035214
2023-06-20,0.0031234123558331953,-0.006845104699504437
2023-06-21,0.0,0.014798287353331809
2023-06-22,0.012525152995138667,0.024370702607626693
2023-06-23,-0.007995317027535524,-0.007995317027535512
2023-06-26,0.008846093422215514,0.008846093422215488
2023-06-27,0.0013639847085049669,0.0013639847085049554
2023-06-28,0.007394455587243541,0.007394455587243685
2023-06-29,0.02569051583150944,0.025690515831509286
2023-06-30,0.01902075640779355,0.01902075640779363
2023-07-03,0.009240436044355604,0.009240436044355663
2023-07-05,-0.007324693671640016,-0.007324693671640205
2023-07-06,-0.006443599472655663,-0.007563177538026226
2023-07-07,0.0,-0.0050185959403821374
2023-07-10,0.0,0.02503269536979977
2023-07-11,0.0032207114622897306,0.015855709194783248
2023-07-12,-0.028166549376477664,-0.02816654937647773
2023-07-13,0.02490070636311513,0.027136815034006286
2023-07-14,0.0,-0.003954011917981069
2023-07-17,0.0,-0.009030515062086917
2023-07-18,0.0,0.0
2023-07-19,0.0,0.0
2023-07-20,0.0,0.0
2023-07-21,0.0,0.0
2023-07-24,0.0,0.0
2023-07-25,0.0012951796233974173,0.001295179623397551
2023-07-26,-0.008276637332717529,-0.008276637332717567
2023-07-27,0.002975753724466138,-0.0038946419066016053
2023-07-28,0.0,-0.020480329414846392
2023-07-31,0.0,0.0021278359055169134
2023-08-01,0.004926519909929739,0.0
2023-08-02,-0.007869555505919265,0.0
2023-08-03,0.010575968848440545,-0.0025901006177502304
2023-08-04,-0.005045723257998237,-0.005045723257998317
2023-08-07,0.024981179083909517,0.02498117908390963
2023-08-08,0.055158551458008506,0.05515855145800842
2023-08-09,-0.017540849324630244,-0.017540849324630344
2023-08-10,-0.009928785499281691,-0.010076006680204518
2023-08-11,0.0,0.01500000272478376
2023-08-14,0.0,-0.0014074917459522504
2023-08-15,0.0,-0.02010642146654411
2023-08-16,0.0,0.0
2023-08-17,0.0,0.0
2023-08-18,0.0,0.0
2023-08-21,-0.007825516774730153,0.0
2023-08-22,-0.004460303361336976,-0.0085613677745491
2023-08-23,0.018458828101740182,0.01845882810174036
2023-08-24,-0.0021116090571099127,-0.002111609057110051
2023-08-25,-0.007264835927412747,-0.008816787305096227
2023-08-28,0.0,0.017434612314502607
2023-08-29,0.0,-0.012065022613704639
2023-08-30,0.0,-0.014336307491876407
2023-08-31,0.0,0.00987615488095975
2023-09-01,0.0009561498789750947,0.2124822262854746
2023-09-05,-0.001319899751616693,-0.001319899751616745
2023-09-06,0.03480180322592312,0.03480180322592326
2023-09-07,-0.021143718432798705,-0.021143718432798914
2023-09-08,0.022035322834086563,0.022035322834086678
2023-09-11,0.02354615123559404,0.023546151235593872
2023-09-12,-0.01981707639417251,-0.01981707639417227
2023-09-13,-0.004771837615642306,-0.003958806664809198
2023-09-14,0.0,0.010078165289188121
2023-09-15,0.0,-0.03128029107190411
2023-09-18,0.0,0.0
2023-09-19,0.0,0.0
2023-09-20,0.0,0.0
2023-09-21,0.0,0.0
2023-09-22,0.0,0.0
2023-09-25,0.0,0.0021925555553546023
2023-09-26,0.0,-0.015707532390337318
2023-09-27,0.0,-0.014217370558462296
2023-09-28,0.0,0.01580571723020537
2023-09-29,0.0031232664986571112,0.0
2023-10-02,-0.017416611771568738,0.0
2023-10-03,-0.006854264060276028,0.0
2023-10-04,0.0,0.0
2023-10-05,0.0,0.0
2023-10-06,0.0,0.0
2023-10-09,-0.0034722237975685,0.0
2023-10-10,0.011908351415952242,-0.004904706017771627
2023-10-11,0.0347159880026149,0.034715988002614884
2023-10-12,-0.018339399392858932,-0.018339399392858932
2023-10-13,-0.018025589461392447,-0.014627112115743194
2023-10-16,0.0,-0.004115208341112314
2023-10-17,0.0,-0.008618217131345692
2023-10-18,0.0,0.0
2023-10-19,0.0,0.0
2023-10-20,0.0,0.0
2023-10-23,0.0,0.0
2023-10-24,0.0,0.0
2023-10-25,0.0,0.0
2023-10-26,0.0,0.0
2023-10-27,0.0,0.0
2023-10-30,0.004952327656503052,0.0
2023-10-31,0.007225701561470481,-0.006739843296692641
2023-11-01,0.026303906897446532,0.0263039068974466
2023-11-02,-0.0002911991204252893,-0.0002911991204252056
2023-11-03,0.01252732106680827,0.012527321066808185
2023-11-06,0.03539057702302148,0.03539057702302162
2023-11-07,-0.005002092597547408,-0.005002092597547565
2023-11-08,0.012149179432575832,0.01214917943257584
2023-11-09,-0.003311333913467647,-0.0033113339134676
2023-11-10,0.017441890552192224,0.017441890552192325
2023-11-13,0.003673423715189197,0.0036734237151890953
2023-11-14,0.0016267148169013131,0.001626714816901319
2023-11-15,-0.012856908324393344,-0.012856908324393275
2023-11-16,-0.0030171662412796217,-0.005483980154788611
2023-11-17,0.0,0.01461259367542748
2023-11-20,0.0,-0.003260840607950809
2023-11-21,0.0,0.003544194848245173
2023-11-22,-0.0004296146032974645,0.014398227642594932
2023-11-24,-0.003615380851139172,-0.003615380851139152
2023-11-27,-0.006603900523117516,0.0006718911423563914
2023-11-28,0.0,-0.005774916874333597
2023-11-29,0.0,0.013913262140765017
2023-11-30,0.05464276692671338,0.010791436375360685
2023-12-01,-0.05193096479206003,-0.051930964792060136
2023-12-04,-0.038872866492883164,-0.03628528568439003
2023-12-05,0.0,-0.00043275792598000765
2023-12-06,0.0,-0.025895821037078107
2023-12-07,0.0,0.0
2023-12-08,0.0005030878597176747,0.0
2023-12-11,0.007860275684352238,0.0
2023-12-12,0.010831889415647241,-0.001098891109889836
2023-12-13,-0.001714460935133365,-0.0017144609351333103
2023-12-14,0.0366394369251543,0.03663943692515431
2023-12-15,-0.011183177622268517,-0.011183177622268612
2023-12-18,0.024434514561415783,0.024434514561415828
2023-12-19,0.0021806736639694785,0.002180673663969604
2023-12-20,-0.015095887784294229,-0.015095887784294397
2023-12-21,0.040044208771085874,0.04004420877108595
2023-12-22,0.005177899511797776,0.0051778995117977185
2023-12-26,0.017038712602387412,0.01703871260238745
2023-12-27,0.003376651119876169,0.003376651119876194
2023-12-28,-0.007507142311903885,-0.00750714231190391
2023-12-29,-0.01712298908909033,-0.002347421810894632
2024-01-02,0.0,-0.02235292920879297
2024-01-03,0.0,0.024009465175165397
2024-01-04,0.0,0.0
2024-01-05,0.0,0.0
2024-01-08,0.0,0.0
2024-01-09,0.0,-0.010339672310483777
2024-01-10,0.0,0.014784066666125834
2024-01-11,-0.003972929154332364,0.018658135264826226
2024-01-12,-0.005018210142682391,-0.005018210142682386
2024-01-16,-0.011301724072448048,0.0026478261371463228
2024-01-17,0.0,-0.023390254772089662
2024-01-18,0.0,0.017679306318672965
2024-01-19,-0.007659567624080111,0.0
2024-01-22,-0.024642420863032245,0.0006275971069466905
2024-01-23,0.027953647737406065,0.015898458531316263
2024-01-24,0.0,0.015528312198932488
