,Exit Trade Id,Column,Size,Entry Timestamp,Avg Entry Price,Entry Fees,Exit Timestamp,Avg Exit Price,Exit Fees,PnL,Return,Direction,Status,Position Id
0,0,0,3.393425238600212,2000-03-29,29.46875,0.0,2000-03-31,28.375,0.0,-3.711558854718973,-0.03711558854718973,Long,Closed,0
1,1,0,3.163480612575968,2000-04-03,30.4375,0.0,2000-04-06,31.6875,0.0,3.9543507657199655,0.04106776180698157,Long,Closed,1
2,2,0,3.1356494048406955,2000-04-07,31.968750000000004,0.0,2000-04-17,34.28125,0.0,7.251189248694104,0.07233626588465293,Long,Closed,2
3,3,0,3.5280075867797365,2000-04-27,30.46875,0.0,2000-04-28,29.90625,0.0,-1.984504267563608,-0.01846153846153852,Long,Closed,3
4,4,0,3.4843170903490273,2000-05-03,30.281250000000004,0.0,2000-05-15,32.4375,0.0,7.513058726065083,0.0712074303405572,Long,Closed,4
5,5,0,4.1052453345996485,2000-07-07,27.53125,0.0,2000-07-12,27.625,0.0,0.38486675011871796,0.0034052213393870683,Long,Closed,5
6,6,0,4.036748471397207,2000-07-17,28.09375,0.0,2000-07-27,29.96875,0.0,7.568903383869767,0.06674082313681873,Long,Closed,6
7,7,0,4.149240926119958,2000-08-11,29.15625,0.0,2000-08-25,31.375,0.0,9.206128304828653,0.0760986066452304,Long,Closed,7
8,8,0,4.116440602593318,2000-09-21,31.625,0.0,2000-09-26,30.8125,0.0,-3.34460798960707,-0.025691699604743073,Long,Closed,8
9,9,0,3.786203763206168,2000-09-28,33.5,0.0,2000-10-10,36.125,0.0,9.9387848784162,0.07835820895522395,Long,Closed,9
10,10,0,4.0081058152622075,2000-11-03,34.125,0.0,2000-11-21,37.0,0.0,11.523304218878849,0.08424908424908427,Long,Closed,10
11,11,0,4.148249375236411,2000-12-13,35.75,0.0,2000-12-18,36.34375,0.0,2.46302306654664,0.01660839160839175,Long,Closed,11
12,12,0,4.155395368992202,2000-12-20,36.28125,0.0,2000-12-26,37.1875,0.0,3.765827053149195,0.024978466838932036,Long,Closed,12
13,13,0,4.462924629152274,2001-01-24,34.625,0.0,2001-01-29,34.75,0.0,0.5578655786440265,0.003610108303249047,Long,Closed,13
14,14,0,4.30796196841782,2001-01-31,36.0,0.0,2001-02-09,37.494998931884766,0.0,6.4403985413848375,0.04152774810791018,Long,Closed,14
15,15,0,5.579517276255355,2001-04-18,28.950000762939453,0.0,2001-04-19,29.354999542236328,0.0,2.2596976859492486,0.013989594771110954,Long,Closed,15
16,16,0,5.647818175530194,2001-04-20,29.0,0.0,2001-04-23,28.5,0.0,-2.823909087765088,-0.017241379310344775,Long,Closed,16
17,17,0,5.540888889155706,2001-04-25,29.049999237060547,0.0,2001-05-11,32.994998931884766,0.0,21.858804976774167,0.13580033729540977,Long,Closed,17
18,18,0,5.8502919353403104,2001-06-19,31.25,0.0,2001-06-28,32.02000045776367,0.0,4.504727468263155,0.024640014648437493,Long,Closed,18
19,19,0,5.8539484514889955,2001-06-29,32.0,0.0,2001-07-19,34.54999923706055,0.0,14.927564085088704,0.07968747615814208,Long,Closed,19
20,20,0,5.935551284057823,2001-07-20,34.07500076293945,0.0,2001-07-23,33.875,0.0,-1.1871147852777995,-0.005869427981259935,Long,Closed,20
21,21,0,5.905913072742211,2001-07-24,34.04499816894531,0.0,2001-08-03,35.20000076293945,0.0,6.82134491892117,0.03392576460901962,Long,Closed,21
22,22,0,5.960950384699066,2001-08-06,34.875,0.0,2001-08-08,34.7599983215332,0.0,-0.6855192994976846,-0.003297539167506689,Long,Closed,22
23,23,0,5.763633406664226,2001-08-10,35.95000076293945,0.0,2001-08-22,37.72499847412109,0.0,10.230436104919022,0.04937406602259288,Long,Closed,23
24,24,0,6.0650786813494255,2001-09-25,35.849998474121094,0.0,2001-10-04,35.650001525878906,0.0,-1.2129972271186205,-0.005578715669585203,Long,Closed,24
25,25,0,6.02704011831868,2001-10-19,35.875,0.0,2001-10-24,35.349998474121094,0.0,-3.1642052586506964,-0.014634188874673371,Long,Closed,25
26,26,0,5.897740041135832,2001-10-25,36.125,0.0,2001-11-09,38.32500076293945,0.0,12.975032590117394,0.06089967509866998,Long,Closed,26
27,27,0,5.909304354932009,2001-12-03,38.25,0.0,2001-12-04,38.25,0.0,0.0,0.0,Long,Closed,27
28,28,0,5.913169407427858,2001-12-05,38.22499847412109,0.0,2001-12-07,37.73500061035156,0.0,-2.8974403777469604,-0.012818780466433805,Long,Closed,28
29,29,0,5.631128105953373,2001-12-11,39.625,0.0,2001-12-17,40.125,0.0,2.815564052976697,0.012618296529968502,Long,Closed,29
30,30,0,5.749338922080828,2002-01-25,39.29999923706055,0.0,2002-01-30,40.25,0.0,5.461876362374284,0.024173047872316177,Long,Closed,30
31,31,0,5.66628038073329,2002-01-31,40.84000015258789,0.0,2002-02-06,41.125,0.0,1.6148890439032186,0.006978448735241992,Long,Closed,31
32,32,0,5.680091943705644,2002-02-07,41.025001525878906,0.0,2002-02-08,41.04499816894531,0.0,0.11358277118267779,0.00048742577264249067,Long,Closed,32
33,33,0,5.584176369553035,2002-02-13,41.75,0.0,2002-02-27,42.5,0.0,4.188132277164755,0.017964071856287334,Long,Closed,33
34,34,0,5.588778873265606,2002-03-06,42.46500015258789,0.0,2002-03-07,42.244998931884766,0.0,-1.2295381743582539,-0.005180765805077127,Long,Closed,34
35,35,0,5.537006587972943,2002-03-12,42.63999938964844,0.0,2002-03-14,42.68999862670898,0.0,0.2768461049978157,0.0011725900041329594,Long,Closed,35
36,36,0,5.402852654551851,2002-03-15,43.75,0.0,2002-03-25,44.67499923706055,0.0,4.997634583411013,0.021142839704241075,Long,Closed,36
37,37,0,5.4308120120915016,2002-04-22,44.44499969482422,0.0,2002-05-06,46.25,0.0,9.80261733917746,0.04061199949532186,Long,Closed,37
38,38,0,5.646921271227233,2002-06-03,44.47999954223633,0.0,2002-06-07,44.47499847412109,0.0,-0.02824063791882736,-0.00011243408648183885,Long,Closed,38
39,39,0,5.574846152598961,2002-06-10,45.04999923706055,0.0,2002-06-11,45.25,0.0,1.1149734837898677,0.004439528664296222,Long,Closed,39
40,40,0,5.470869335631085,2002-06-13,46.11000061035156,0.0,2002-06-14,45.775001525878906,0.0,-1.8327362187059464,-0.0072652153554179436,Long,Closed,40
41,41,0,6.413036032756856,2002-07-23,39.04999923706055,0.0,2002-08-06,44.095001220703125,0.0,32.353779506429646,0.12919339519101952,Long,Closed,41
42,42,0,6.218424215093767,2002-09-05,45.47499847412109,0.0,2002-09-18,45.75,0.0,1.7100761477132096,0.006047312481723723,Long,Closed,42
43,43,0,6.4379478769340555,2002-09-27,44.18999862670898,0.0,2002-09-30,44.75,0.0,3.6052596522591216,0.012672581821547175,Long,Closed,43
44,44,0,6.509222286902677,2002-10-04,44.2599983215332,0.0,2002-10-08,44.650001525878906,0.0,2.538617549690514,0.008811640739623818,Long,Closed,44
45,45,0,6.501941388856866,2002-10-10,44.70000076293945,0.0,2002-10-11,45.0,0.0,1.9505774560694817,0.006711392213426521,Long,Closed,45
46,46,0,6.9243250527175935,2002-11-27,42.255001068115234,0.0,2002-11-29,41.81499862670898,0.0,-3.0467199282862794,-0.010413026394129667,Long,Closed,46
47,47,0,6.729590524154155,2002-12-04,43.025001525878906,0.0,2002-12-06,43.0,0.0,-0.1682500316440496,-0.0005810929690232162,Long,Closed,47
48,48,0,7.219869743479349,2003-03-06,40.08000183105469,0.0,2003-03-07,40.380001068115234,0.0,2.1659554147203153,0.007485010562751522,Long,Closed,48
49,49,0,7.046244059295444,2003-03-12,41.375,0.0,2003-03-25,44.01499938964844,0.0,18.602080015853915,0.06380663177398041,Long,Closed,49
50,50,0,6.986718455362862,2003-03-27,44.38999938964844,0.0,2003-04-08,44.59999847412109,0.0,1.4672044790943914,0.004730774664566097,Long,Closed,50
51,51,0,7.173288266558695,2003-08-25,43.43999862670898,0.0,2003-08-28,43.48500061035156,0.0,0.32281220123525145,0.0010359572989240347,Long,Closed,51
52,52,0,7.157651022108355,2003-08-29,43.58000183105469,0.0,2003-09-10,45.57500076293945,0.0,14.279506143910055,0.04577785332866018,Long,Closed,52
53,53,0,7.149807140678194,2003-09-11,45.625,0.0,2003-09-22,46.0,0.0,2.681177677754306,0.00821917808219173,Long,Closed,53
54,54,0,7.086643601649061,2003-09-30,46.40999984741211,0.0,2003-10-09,47.400001525878906,0.0,7.015789060328586,0.021331645803097432,Long,Closed,54
55,55,0,7.05242305267111,2003-10-22,47.630001068115234,0.0,2003-10-23,47.345001220703125,0.0,-2.0099394938969226,-0.005983620428740608,Long,Closed,55
56,56,0,6.893001393553376,2003-12-10,48.43999862670898,0.0,2003-12-12,48.560001373291016,0.0,0.8271790994202206,0.002477348265568913,Long,Closed,56
57,57,0,6.782657902463292,2003-12-15,49.34999847412109,0.0,2003-12-22,49.125,0.0,-1.526087678539568,-0.0045592397381546915,Long,Closed,57
58,58,0,6.698794897764463,2004-01-22,49.7400016784668,0.0,2004-01-28,49.400001525878906,0.0,-2.2775912873948982,-0.006835547670177934,Long,Closed,58
59,59,0,6.585482152658992,2004-01-29,50.25,0.0,2004-02-06,50.93000030517578,0.0,4.478129873537796,0.01353234438160765,Long,Closed,59
60,60,0,6.573220931204566,2004-03-08,51.025001525878906,0.0,2004-03-12,51.650001525878906,0.0,4.10826308200285,0.012248897232918481,Long,Closed,60
61,61,0,6.584694765010721,2004-03-15,51.560001373291016,0.0,2004-03-16,51.54499816894531,0.0,-0.0987915211135828,-0.0002909853364255714,Long,Closed,61
62,62,0,6.580226203117242,2004-03-23,51.58000183105469,0.0,2004-03-24,51.97499847412109,0.0,2.5991672608488443,0.007657941625519302,Long,Closed,62
63,63,0,6.54872679481004,2004-03-25,52.22499847412109,0.0,2004-04-08,53.43999862670898,0.0,7.956704054950592,0.02326472356317931,Long,Closed,63
64,64,0,6.650146335797451,2004-04-26,52.625,0.0,2004-05-10,53.09999847412109,0.0,3.158809362185764,0.009026099270709598,Long,Closed,64
65,65,0,6.719108709599797,2004-05-19,52.55500030517578,0.0,2004-06-04,54.130001068115234,0.0,10.582601343892804,0.029968618662234926,Long,Closed,65
66,66,0,6.652132907226228,2004-06-07,54.67499923706055,0.0,2004-06-14,55.29999923706055,0.0,4.15758306701639,0.011431184430202124,Long,Closed,66
67,67,0,6.969741439985238,2004-07-29,52.77999877929688,0.0,2004-07-30,52.7599983215332,0.0,-0.13939801929421947,-0.00037894009523033097,Long,Closed,67
68,68,0,6.8592341445364164,2004-08-03,53.61000061035156,0.0,2004-08-06,53.09999847412109,0.0,-3.4982240666186044,-0.009513190270921228,Long,Closed,68
69,69,0,6.8669931433183065,2004-08-09,53.040000915527344,0.0,2004-08-13,54.709999084472656,0.0,11.467865975501581,0.031485636125930444,Long,Closed,69
70,70,0,6.908664604721857,2004-08-19,54.380001068115234,0.0,2004-08-20,54.7599983215332,0.0,2.6252735745802056,0.0069878125405328124,Long,Closed,70
71,71,0,6.916242356159609,2004-08-23,54.70000076293945,0.0,2004-08-31,55.970001220703125,0.0,8.783630958327251,0.023217558319014408,Long,Closed,71
72,72,0,7.324543127593149,2004-11-09,52.84999847412109,0.0,2004-11-16,54.47999954223633,0.0,11.939013121432993,0.03084202677722689,Long,Closed,72
73,73,0,7.3420628784078,2004-12-01,54.34999847412109,0.0,2004-12-06,54.209999084472656,0.0,-1.0278843217374742,-0.002575885806419836,Long,Closed,73
74,74,0,7.3542725382822995,2004-12-07,54.119998931884766,0.0,2004-12-08,55.06999969482422,0.0,6.986564522232868,0.017553599070375493,Long,Closed,74
75,75,0,7.347601492869113,2005-01-03,55.119998931884766,0.0,2005-01-04,55.27999877929688,0.0,1.175615117704126,0.0029027549077031414,Long,Closed,75
76,76,0,7.364920948659782,2005-01-06,55.150001525878906,0.0,2005-01-14,55.47999954223633,0.0,2.430409303686986,0.005983644736665629,Long,Closed,76
77,77,0,7.7963329908391055,2005-02-11,52.40999984741211,0.0,2005-02-17,53.33000183105469,0.0,7.1726418167100405,0.017553939826771524,Long,Closed,77
78,78,0,7.912054399874025,2005-03-24,52.54999923706055,0.0,2005-03-28,52.400001525878906,0.0,-1.1867900507257332,-0.0028543808441362593,Long,Closed,78
79,79,0,7.807752816194372,2005-03-31,53.09999847412109,0.0,2005-04-01,53.18000030517578,0.0,0.6246345217180078,0.0015066258635334175,Long,Closed,79
80,80,0,7.692039656707857,2005-04-04,53.97999954223633,0.0,2005-04-14,55.0,0.0,7.845883970978321,0.01889589600617868,Long,Closed,80
81,81,0,7.815669181062199,2005-04-22,54.130001068115234,0.0,2005-04-25,53.65999984741211,0.0,-3.673374055711008,-0.008682823045055738,Long,Closed,81
82,82,0,7.737800759404938,2005-04-28,54.20000076293945,0.0,2005-05-06,54.75,0.0,4.255784514199263,0.01014758725679992,Long,Closed,82
83,83,0,7.61950725186809,2005-05-11,55.59999847412109,0.0,2005-05-13,54.91999816894531,0.0,-5.181267256559352,-0.012230221651755663,Long,Closed,83
84,84,0,7.895534421148321,2005-06-30,53.0,0.0,2005-07-01,52.400001525878906,0.0,-4.737308605059582,-0.011320725926813126,Long,Closed,84
85,85,0,7.630505466639978,2005-07-11,54.220001220703125,0.0,2005-07-18,54.77000045776367,0.0,4.196772185038299,0.01014384405529181,Long,Closed,85
86,86,0,7.641667551564695,2005-07-19,54.68999862670898,0.0,2005-07-25,55.0,0.0,2.3689274352184952,0.0056683375585170745,Long,Closed,86
87,87,0,7.855919912823518,2005-08-16,53.5,0.0,2005-08-17,53.54999923706055,0.0,0.3927900020499351,0.0009345651787018137,Long,Closed,87
88,88,0,7.737438175511932,2005-08-18,54.369998931884766,0.0,2005-08-25,55.0,0.0,4.874594315048114,0.011587292265804645,Long,Closed,88
89,89,0,7.748709283347901,2005-08-26,54.91999816894531,0.0,2005-08-29,55.650001525878906,0.0,5.656583788746445,0.013292122747126626,Long,Closed,89
90,90,0,7.73481046532561,2005-09-01,55.75,0.0,2005-09-08,56.150001525878906,0.0,3.0939359885143745,0.0071749152624019,Long,Closed,90
91,91,0,7.791704455548976,2005-09-15,55.7400016784668,0.0,2005-10-04,57.79999923706055,0.0,16.050892155714962,0.036957256845393346,Long,Closed,91
92,92,0,8.188372937929675,2005-10-26,55.0,0.0,2005-10-27,55.47999954223633,0.0,3.9304152618665853,0.008727264404296884,Long,Closed,92
93,93,0,8.204640339741738,2005-11-07,55.369998931884766,0.0,2005-11-08,55.880001068115234,0.0,4.184384100270961,0.009210802710288367,Long,Closed,93
94,94,0,8.187059124076244,2005-11-09,56.0,0.0,2005-11-15,56.18000030517578,0.0,1.4736731408258947,0.0032142911638532506,Long,Closed,94
95,95,0,8.090571617138579,2005-11-16,56.84999847412109,0.0,2005-11-23,57.20000076293945,0.0,2.831718583847419,0.006156592756597749,Long,Closed,95
96,96,0,7.877118343369243,2006-01-25,58.75,0.0,2006-01-31,59.09999847412109,0.0,2.7569794006504935,0.005957420836103682,Long,Closed,96
97,97,0,7.837334513716668,2006-02-07,59.400001525878906,0.0,2006-02-08,59.459999084472656,0.0,0.4702209367055161,0.0010100598830390325,Long,Closed,97
98,98,0,7.814990686952681,2006-02-09,59.630001068115234,0.0,2006-02-24,61.68000030517578,0.0,16.020724945888276,0.034378655045114566,Long,Closed,98
99,99,0,8.035149432729717,2006-03-01,59.9900016784668,0.0,2006-03-02,59.29999923706055,0.0,-5.544272725647545,-0.011501957361236805,Long,Closed,99
100,100,0,8.557549436404146,2006-04-18,55.68000030517578,0.0,2006-05-01,57.65999984741211,0.0,16.94394396674494,0.03556033641135367,Long,Closed,100
101,101,0,9.042116583410658,2006-06-09,54.56999969482422,0.0,2006-06-12,54.31999969482422,0.0,-2.2605291458526153,-0.004581271786660945,Long,Closed,101
102,102,0,9.095699445396889,2006-06-13,54.0,0.0,2006-06-28,56.2400016784668,0.0,20.374382024518525,0.0414815125641999,Long,Closed,102
103,103,0,9.192131860734419,2006-07-17,55.650001525878906,0.0,2006-07-19,56.40999984741211,0.0,6.986004785470072,0.01365675293251852,Long,Closed,103
104,104,0,9.120988052400069,2006-07-20,56.84999847412109,0.0,2006-07-21,56.34999847412109,0.0,-4.560494026200104,-0.008795074994199244,Long,Closed,104
105,105,0,9.080701001612557,2006-07-24,56.59999847412108,0.0,2006-07-26,56.84999847412109,0.0,2.270175250403213,0.004416961249819013,Long,Closed,105
106,106,0,9.077507434173514,2006-07-27,56.86999893188476,0.0,2006-08-01,57.97999954223633,0.0,10.076038792403438,0.019518210501129937,Long,Closed,106
107,107,0,8.808600449841459,2006-08-07,59.75,0.0,2006-08-17,60.34999847412109,0.0,5.285146829047221,0.010041815466461755,Long,Closed,107
108,108,0,8.754924456849649,2006-08-21,60.72000122070313,0.0,2006-08-28,61.0,0.0,2.451368160754214,0.004611310501775837,Long,Closed,108
109,109,0,8.740595829867749,2006-09-14,61.09999847412109,0.0,2006-09-29,61.9900016784668,0.0,7.779158296473042,0.014566337587106005,Long,Closed,109
110,110,0,8.69849963397957,2006-10-18,62.290000915527344,0.0,2006-10-25,63.09999847412109,0.0,7.045763466952053,0.013003653021167879,Long,Closed,110
111,111,0,8.63418776571022,2006-12-05,63.56999969482422,0.0,2006-12-12,63.72999954223633,0.0,1.3814687250411453,0.0025169081041404714,Long,Closed,111
112,112,0,8.680498306585433,2007-01-08,63.38999938964843,0.0,2007-01-09,63.27000045776367,0.0,-1.041650525017758,-0.0018930262350556224,Long,Closed,112
113,113,0,8.560085730724857,2007-01-10,64.16000366210938,0.0,2007-01-23,65.55000305175781,0.0,11.898513941045849,0.02166457777915187,Long,Closed,113
114,114,0,9.029830242737269,2007-03-15,62.13999938964844,0.0,2007-03-28,63.4900016784668,0.0,12.19029149533651,0.021725173834540524,Long,Closed,114
115,115,0,9.065526914159923,2007-04-09,63.24000167846679,0.0,2007-04-11,63.02999877929688,0.0,-1.903786934476443,-0.003320728867744752,Long,Closed,115
116,116,0,9.257941332339357,2007-05-14,61.720001220703125,0.0,2007-05-22,63.02999877929688,0.0,12.127880542968796,0.021224846608628015,Long,Closed,116
117,117,0,9.542567723881422,2007-06-26,61.150001525878906,0.0,2007-06-29,61.34999847412109,0.0,1.9084844231706484,0.0032705959648675485,Long,Closed,117
118,118,0,9.527038373161416,2007-07-02,61.45000076293945,0.0,2007-07-06,61.47999954223633,0.0,0.28579952150937515,0.00048818191903053973,Long,Closed,118
119,119,0,9.517749530501655,2007-07-09,61.540000915527344,0.0,2007-07-10,61.060001373291016,0.0,-4.568515417760864,-0.007799797450364068,Long,Closed,119
120,120,0,9.438911844788018,2007-07-11,61.56999969482421,0.0,2007-07-18,62.47999954223633,0.0,8.589408338493513,0.014779922883264428,Long,Closed,120
121,121,0,9.458592176010118,2007-07-26,62.34999847412108,0.0,2007-08-01,63.04999923706055,0.0,6.621021739540311,0.011226957178355083,Long,Closed,121
122,122,0,9.428683470056992,2007-08-02,63.25,0.0,2007-08-09,64.30999755859375,0.0,9.994381459013653,0.0167588546813241,Long,Closed,122
123,123,0,9.342967591431144,2007-08-16,64.9000015258789,0.0,2007-08-21,64.87999725341797,0.0,-0.18689926929266676,-0.00030823223406177406,Long,Closed,123
124,124,0,9.341527467598114,2007-08-28,64.88999938964844,0.0,2007-09-10,66.29000091552734,0.0,13.078152708677067,0.021574996749071325,Long,Closed,124
125,125,0,9.256350526987037,2007-09-11,66.9000015258789,0.0,2007-09-28,70.44000244140625,0.0,32.76748933997612,0.052914810684390884,Long,Closed,125
126,126,0,9.419493531075899,2007-10-31,69.22000122070312,0.0,2007-11-01,69.05000305175781,0.0,-1.6012966526751597,-0.0024559110942990246,Long,Closed,126
127,127,0,9.373340002706968,2007-11-02,69.38999938964844,0.0,2007-11-12,71.26000213623047,0.0,17.528171549709214,0.026949167935300385,Long,Closed,127
128,128,0,9.279580403800747,2007-11-13,71.9800033569336,0.0,2007-11-23,73.0,0.0,9.465140860941574,0.014170555647357495,Long,Closed,128
129,129,0,9.280852024982785,2007-11-27,72.98999786376953,0.0,2007-12-03,73.2300033569336,0.0,2.2274554672387694,0.0032881970158709227,Long,Closed,129
130,130,0,9.261881308029574,2007-12-19,73.37999725341797,0.0,2007-12-20,73.41000366210938,0.0,0.277915795780018,0.0004089180950467684,Long,Closed,130
131,131,0,10.278378307738665,2008-01-31,66.1500015258789,0.0,2008-02-06,65.08000183105469,0.0,-10.997861652568304,-0.016175354045995363,Long,Closed,131
132,132,0,10.069499864743904,2008-02-11,66.43000030517578,0.0,2008-02-14,66.62999725341797,0.0,2.0138692432738026,0.0030106419889116775,Long,Closed,132
133,133,0,10.147167581082135,2008-03-06,66.12000274658203,0.0,2008-03-07,65.75,0.0,-3.754479875028551,-0.005595927574294594,Long,Closed,133
134,134,0,9.981692175496692,2008-03-12,66.83999633789062,0.0,2008-03-17,67.80000305175781,0.0,9.582491504232394,0.014362758325331824,Long,Closed,134
135,135,0,9.845196115682146,2008-03-18,68.73999786376953,0.0,2008-03-26,69.69000244140625,0.0,9.352981377629249,0.013820259050916118,Long,Closed,135
136,136,0,10.494214899988286,2008-05-23,65.37999725341797,0.0,2008-05-27,65.31999969482422,0.0,-0.6296272733574142,-0.0009176745352434206,Long,Closed,136
137,137,0,11.3209268819461,2008-06-30,60.54999923706055,0.0,2008-07-08,63.93000030517578,0.0,38.26474495303228,0.055821653355966554,Long,Closed,137
138,138,0,11.3209268819461,2008-07-18,63.93000030517578,0.0,2008-07-25,64.38999938964844,0.0,5.207616001077099,0.007195355580741574,Long,Closed,138
139,139,0,11.398818863520804,2008-07-28,63.95000076293945,0.0,2008-08-01,65.12000274658203,0.0,13.336640681501763,0.018295574193653814,Long,Closed,139
140,140,0,11.211163358471415,2008-08-04,66.20999908447266,0.0,2008-08-07,67.01000213623047,0.0,8.968964900532455,0.012082813212807046,Long,Closed,140
141,141,0,10.853222585267776,2008-08-11,69.22000122070312,0.0,2008-08-14,70.48999786376953,0.0,13.78355624974256,0.01834724964850996,Long,Closed,141
142,142,0,10.918276583167323,2008-08-21,70.06999969482422,0.0,2008-08-22,71.33000183105469,0.0,13.757051818745936,0.017982048547426216,Long,Closed,142
143,143,0,11.120958192841282,2008-08-25,70.02999877929688,0.0,2008-08-26,69.68000030517578,0.0,-3.892318398258908,-0.004997836359017088,Long,Closed,143
144,144,0,11.015044592447078,2008-08-27,70.3499984741211,0.0,2008-08-28,70.70999908447266,0.0,3.9654227763306835,0.005117279575833926,Long,Closed,144
145,145,0,11.0604063234815,2008-09-02,70.41999816894531,0.0,2008-09-03,71.16000366210938,0.0,8.184761436002873,0.010508456580596761,Long,Closed,145
146,146,0,11.1813973761606,2008-09-04,70.38999938964844,0.0,2008-09-05,71.33000183105469,0.0,10.510540831924459,0.013354204426154492,Long,Closed,146
147,147,0,13.312787470316406,2008-10-15,59.90999984741211,0.0,2008-10-16,60.650001525878906,0.0,9.851485073105891,0.012351889172951864,Long,Closed,147
148,148,0,14.190167991843824,2008-10-23,56.900001525878906,0.0,2008-10-24,58.02999877929688,0.0,16.034850856323146,0.01985935365755718,Long,Closed,148
149,149,0,13.211221034080644,2008-10-29,62.33000183105469,0.0,2008-10-30,62.959999084472656,0.0,8.323032965768448,0.010107448017177514,Long,Closed,149
150,150,0,13.361903039525835,2008-11-17,62.25,0.0,2008-11-18,63.880001068115234,0.0,21.779916226479372,0.02618475611430103,Long,Closed,150
151,151,0,13.840739513217343,2008-11-19,61.66999816894531,0.0,2008-11-20,60.04999923706055,0.0,-22.42198322790739,-0.026268833792515624,Long,Closed,151
152,152,0,13.875398598278416,2008-12-15,59.900001525878906,0.0,2008-12-18,60.79999923706055,0.0,12.487826980183513,0.015025003142826458,Long,Closed,152
153,153,0,13.87996448062775,2008-12-26,60.77999877929688,0.0,2009-01-06,61.33000183105469,0.0,7.634022822635188,0.009049079677592036,Long,Closed,153
154,154,0,18.79157309820544,2009-03-06,45.29999923706055,0.0,2009-03-09,44.5099983215332,0.0,-14.845359951781234,-0.017439314102262272,Long,Closed,154
155,155,0,17.968053722204722,2009-03-19,46.54999923706055,0.0,2009-03-20,46.11000061035156,0.0,-7.905918962403348,-0.009452172586904846,Long,Closed,155
156,156,0,17.36911855023278,2009-03-24,47.70000076293945,0.0,2009-03-30,47.560001373291016,0.0,-2.4316659957639786,-0.002934997639606165,Long,Closed,156
157,157,0,17.6700599380091,2009-03-31,46.75,0.0,2009-04-01,48.720001220703125,0.0,34.810039647775284,0.042139063544451835,Long,Closed,157
158,158,0,17.508346020102497,2009-04-08,49.16999816894531,0.0,2009-04-09,48.880001068115234,0.0,-5.077369586159534,-0.005897846484225261,Long,Closed,158
159,159,0,17.440553851354714,2009-04-24,49.06999969482422,0.0,2009-04-27,49.75,0.0,11.859581941355827,0.013857760534029604,Long,Closed,159
160,160,0,17.384643493439853,2009-04-28,49.90999984741211,0.0,2009-05-01,49.970001220703125,0.0,1.0431024837811265,0.0012021914140343897,Long,Closed,160
161,161,0,17.374213131773562,2009-05-05,50.0,0.0,2009-05-06,51.0,0.0,17.37421313177356,0.019999999999999993,Long,Closed,161
162,162,0,17.58104847011708,2009-05-11,50.400001525878906,0.0,2009-05-12,50.52999877929688,0.0,2.2854880133235156,0.0025793105056003914,Long,Closed,162
163,163,0,17.412198152942054,2009-05-13,51.02000045776367,0.0,2009-05-15,50.97999954223633,0.0,-0.6965038674611606,-0.0007840242094951655,Long,Closed,163
164,164,0,17.63707175783571,2009-06-19,50.33000183105469,0.0,2009-06-22,50.52000045776367,0.0,3.351019413156564,0.003775057019603549,Long,Closed,164
165,165,0,17.311537830721242,2009-06-30,51.470001220703125,0.0,2009-07-01,51.790000915527344,0.0,5.539686822768772,0.006217207834366757,Long,Closed,165
166,166,0,17.666296750783044,2009-07-02,50.75,0.0,2009-07-10,52.060001373291016,0.0,23.142873004492344,0.025812834941694833,Long,Closed,166
167,167,0,17.330081748548203,2009-07-13,53.06999969482422,0.0,2009-07-21,55.15999984741211,0.0,36.21987349882636,0.039381951471760095,Long,Closed,167
168,168,0,18.344411733045824,2009-08-10,52.11000061035156,0.0,2009-08-12,52.290000915527344,0.0,3.3019997102185243,0.0034542372494240506,Long,Closed,168
169,169,0,18.253650242477768,2009-08-13,52.54999923706055,0.0,2009-08-25,53.40999984741211,0.0,15.698150349674847,0.016365378170073382,Long,Closed,169
170,170,0,18.356758528739885,2009-08-27,53.11000061035156,0.0,2009-08-31,53.84999847412109,0.0,13.583962097000494,0.013933305503018426,Long,Closed,170
171,171,0,18.725353317273708,2009-09-03,52.790000915527344,0.0,2009-09-14,55.560001373291016,0.0,51.86923726063469,0.05247206686349804,Long,Closed,171
172,172,0,18.888537063128947,2009-09-15,55.08000183105469,0.0,2009-09-22,57.34000015258789,0.0,42.68806205888927,0.041031195468461304,Long,Closed,172
173,173,0,19.0714685793542,2009-10-02,56.790000915527344,0.0,2009-10-06,57.0099983215332,0.0,4.195673616180102,0.003873875725642126,Long,Closed,173
174,174,0,18.9517938284967,2009-10-07,57.369998931884766,0.0,2009-10-12,57.369998931884766,0.0,0.0,0.0,Long,Closed,174
175,175,0,18.91552540634997,2009-10-21,57.47999954223633,0.0,2009-10-26,56.880001068115234,0.0,-11.349286381008824,-0.010438386898041252,Long,Closed,175
176,176,0,18.882329132341024,2009-10-27,56.97999954223633,0.0,2009-11-02,58.45000076293945,0.0,27.75704687425946,0.025798547429146394,Long,Closed,176
177,177,0,18.72535082977202,2009-11-03,58.939998626708984,0.0,2009-11-13,62.0,0.0,57.2995992544586,0.05191722844568184,Long,Closed,177
178,178,0,19.17060312283765,2010-01-20,60.56000137329102,0.0,2010-01-21,59.75,0.0,-15.528214856315572,-0.013375187498728416,Long,Closed,178
179,179,0,18.830240047843997,2010-01-22,60.83000183105469,0.0,2010-02-04,61.09000015258789,0.0,4.895830806506638,0.004274179084447508,Long,Closed,179
180,180,0,18.631994430237647,2010-02-09,61.7400016784668,0.0,2010-02-23,63.220001220703125,0.0,27.575343227701524,0.02397148529318085,Long,Closed,180
181,181,0,18.640840896076234,2010-03-12,63.18999862670898,0.0,2010-03-19,63.52000045776367,0.0,6.151511628104345,0.005222374398267637,Long,Closed,181
182,182,0,18.923864919721392,2010-04-08,62.56999969482422,0.0,2010-04-16,62.81999969482422,0.0,4.730966229930345,0.003995525031474147,Long,Closed,182
183,183,0,19.685332016836657,2010-08-06,60.38999938964844,0.0,2010-08-12,59.7400016784668,0.0,-12.795420754794577,-0.010763333627273757,Long,Closed,183
184,184,0,19.685332016836654,2010-09-01,59.740001678466804,0.0,2010-09-24,61.45000076293945,0.0,33.66189972633083,0.028624021366390705,Long,Closed,184
185,185,0,19.833802822806188,2010-10-06,60.99000167846679,0.0,2010-10-27,63.130001068115234,0.0,42.44432593521287,0.035087708325215496,Long,Closed,185
186,186,0,19.802435591544793,2010-10-28,63.22999954223633,0.0,2010-11-09,64.66999816894531,0.0,28.515480057317518,0.022773978129591636,Long,Closed,186
187,187,0,20.506380429155044,2010-12-02,62.45000076293945,0.0,2010-12-06,62.18999862670898,0.0,-5.331702717935059,-0.004163364820721808,Long,Closed,187
188,188,0,20.47674688060297,2010-12-07,62.279998779296875,0.0,2010-12-22,64.76000213623047,0.0,50.78240100297489,0.03982022166895094,Long,Closed,188
189,189,0,20.59441193198836,2010-12-31,64.38999938964844,0.0,2011-01-03,64.41000366210938,0.0,0.41197622746039997,0.00031067359295796807,Long,Closed,189
190,190,0,20.597610505107145,2011-01-07,64.4000015258789,0.0,2011-01-10,64.5,0.0,2.059729621051474,0.0015527713004931676,Long,Closed,190
191,191,0,20.7747593702819,2011-02-04,63.950000762939446,0.0,2011-02-10,64.08000183105469,0.0,2.7007409079737954,0.0020328548329053577,Long,Closed,191
192,192,0,21.83803540814802,2011-03-18,60.959999084472656,0.0,2011-03-23,61.22999954223633,0.0,5.8962795568593265,0.004429141434033398,Long,Closed,192
193,193,0,21.608643745373666,2011-03-31,61.880001068115234,0.0,2011-04-06,61.619998931884766,0.0,-5.618293534840404,-0.004201715121890064,Long,Closed,193
194,194,0,21.4071477198882,2011-04-07,62.20000076293945,0.0,2011-04-19,64.26000213623047,0.0,44.098753701213354,0.033118992733492454,Long,Closed,194
195,195,0,21.680430916781102,2011-04-25,63.45000076293945,0.0,2011-05-06,64.93000030517578,0.0,32.08702783232252,0.02332544561765851,Long,Closed,195
196,196,0,21.397026393880175,2011-05-10,65.79000091552734,0.0,2011-05-23,66.9800033569336,0.0,25.462513647551305,0.01808789215452632,Long,Closed,196
197,197,0,22.709125112184136,2011-06-27,63.11000061035156,0.0,2011-06-28,62.869998931884766,0.0,-5.450228143436561,-0.0038029104127028897,Long,Closed,197
198,198,0,23.076170942218585,2011-08-12,61.86999893188477,0.0,2011-08-17,60.81999969482422,0.0,-24.22996188360844,-0.01697105633081619,Long,Closed,198
199,199,0,23.194393465451416,2011-08-18,60.5099983215332,0.0,2011-08-26,62.77999877929688,0.0,52.65128378412578,0.037514469025458234,Long,Closed,199
200,200,0,23.440824508774522,2011-09-13,62.119998931884766,0.0,2011-09-20,64.37000274658203,0.0,52.741944564391815,0.03622028096240661,Long,Closed,200
201,201,0,24.467098797025447,2011-09-23,61.66999816894531,0.0,2011-10-03,62.29999923706055,0.0,15.414298375806993,0.010215681641328132,Long,Closed,201
202,202,0,24.17222015845667,2011-10-05,63.060001373291016,0.0,2011-10-25,64.9000015258789,0.0,44.47688877994847,0.02917856188577923,Long,Closed,202
203,203,0,24.944778826408072,2011-11-03,62.88999938964844,0.0,2011-11-10,63.75,0.0,21.4525250157958,0.013674679896612018,Long,Closed,203
204,204,0,25.14992348088306,2011-11-29,63.22999954223633,0.0,2011-12-09,64.58000183105469,0.0,33.95245426279871,0.02135066105633268,Long,Closed,204
205,205,0,25.192835019285575,2011-12-13,64.47000122070312,0.0,2011-12-15,65.43000030517578,0.0,24.185098553784883,0.0148906323296978,Long,Closed,205
206,206,0,25.223676227825152,2011-12-16,65.3499984741211,0.0,2012-01-03,66.62999725341797,0.0,32.286274780995655,0.019586821869686116,Long,Closed,206
207,207,0,26.5254649872354,2012-02-02,63.36000061035156,0.0,2012-02-21,64.23999786376953,0.0,23.34233633440158,0.01388884540626401,Long,Closed,207
208,208,0,26.480122059377702,2012-02-22,64.3499984741211,0.0,2012-02-23,66.73999786376953,0.0,63.28747555972882,0.037140628536449706,Long,Closed,208
209,209,0,26.53977154027287,2012-02-27,66.58999633789062,0.0,2012-03-02,66.61000061035156,0.0,0.5309088209426136,0.0003004095744266214,Long,Closed,209
210,210,0,29.14780138532814,2012-06-28,60.650001525878906,0.0,2012-07-06,61.119998931884766,0.0,13.699391041878243,0.007749338733409854,Long,Closed,210
211,211,0,28.869123577516078,2012-07-09,61.709999084472656,0.0,2012-07-23,64.4800033569336,0.0,79.96759565192224,0.04488744633862614,Long,Closed,211
212,212,0,28.68671910462246,2012-07-27,64.88999938964844,0.0,2012-08-01,63.65999984741211,0.0,-35.28465136694763,-0.01895514800131959,Long,Closed,212
213,213,0,27.99626613278267,2012-08-03,65.2300033569336,0.0,2012-08-14,66.86000061035156,0.0,45.63383690239425,0.024988458830804413,Long,Closed,213
214,214,0,27.966985838795267,2012-08-24,66.93000030517578,0.0,2012-08-29,66.63999938964844,0.0,-8.110451497791018,-0.004332898762962091,Long,Closed,214
215,215,0,27.758712186032117,2012-08-30,67.13999938964844,0.0,2012-09-11,68.3499984741211,0.0,33.588016331238805,0.018022030018951887,Long,Closed,215
216,216,0,27.946795590163973,2012-09-12,67.88999938964844,0.0,2012-09-26,69.41000366210938,0.0,42.47924869864164,0.022389222066964663,Long,Closed,216
217,217,0,27.810568949928363,2012-10-24,69.75,0.0,2012-10-25,69.73999786376953,0.0,-0.2781650992840241,-0.0001433998025873637,Long,Closed,217
218,218,0,29.047612949964464,2012-11-12,66.7699966430664,0.0,2012-11-14,66.76000213623047,0.0,-0.29031656619599744,-0.00014968559740031518,Long,Closed,218
219,219,0,28.59782882186907,2012-11-19,67.80999755859375,0.0,2012-11-27,69.0,0.0,34.03148611694223,0.017549070701233765,Long,Closed,219
220,220,0,28.428901953597713,2012-11-28,69.41000366210938,0.0,2012-12-04,69.4800033569336,0.0,1.990014460939392,0.001008495766186342,Long,Closed,220
221,221,0,28.7224123831487,2013-01-08,68.7699966430664,0.0,2013-02-05,75.31999969482422,0.0,188.13188876347044,0.09524506865623361,Long,Closed,221
222,222,0,28.472913876700375,2013-02-06,75.9800033569336,0.0,2013-02-11,75.95999908447266,0.0,-0.5695799269460622,-0.0002632833847999937,Long,Closed,222
223,223,0,28.47666358012258,2013-02-26,75.94999694824219,0.0,2013-02-27,76.66000366210938,0.0,20.218622330424296,0.009348344205346564,Long,Closed,223
224,224,0,28.837796860539306,2013-02-28,75.69999694824219,0.0,2013-03-01,76.25,0.0,15.860876279268268,0.0072655624033096675,Long,Closed,224
225,225,0,28.549495020188015,2013-03-25,77.0199966430664,0.0,2013-03-26,76.9800033569336,0.0,-1.1417881232896434,-0.0005192584767064045,Long,Closed,225
226,226,0,28.560627805756354,2013-03-27,76.94999694824219,0.0,2013-03-28,76.8499984741211,0.0,-2.85601920051613,-0.0012995253812466657,Long,Closed,226
227,227,0,28.19738317772633,2013-04-01,77.83999633789062,0.0,2013-04-04,77.87999725341797,0.0,1.127921142584455,0.0005138864004272201,Long,Closed,227
228,228,0,28.110753292708793,2013-04-05,78.12000274658203,0.0,2013-04-18,80.37000274658203,0.0,63.249194908594745,0.028801842305342756,Long,Closed,228
229,229,0,29.129208231817,2013-04-26,77.55999755859375,0.0,2013-05-01,77.38999938964844,0.0,-4.951912062235351,-0.0021918279305885237,Long,Closed,229
230,230,0,28.864397584184832,2013-05-02,78.0999984741211,0.0,2013-05-07,77.9000015258789,0.0,-5.7727914296860945,-0.002560780437255146,Long,Closed,230
231,231,0,28.618259190342034,2013-05-08,78.56999969482422,0.0,2013-05-17,79.9800033569336,0.0,40.35185026157751,0.01794582751159483,Long,Closed,231
232,232,0,29.454233600299933,2013-06-03,77.70999908447266,0.0,2013-06-04,77.08000183105469,0.0,-18.556086269720254,-0.008107029479348571,Long,Closed,232
233,233,0,29.446594355063144,2013-06-24,77.0999984741211,0.0,2013-07-16,80.48999786376953,0.0,99.8239368908894,0.04396886454915185,Long,Closed,233
234,234,0,29.62325026187015,2013-07-24,80.01000213623047,0.0,2013-07-29,80.48999786376953,0.0,14.219033561518245,0.005999196534475708,Long,Closed,234
235,235,0,29.21312509261939,2013-07-31,81.62000274658203,0.0,2013-08-05,81.30000305175781,0.0,-9.348191114499969,-0.003920603823278118,Long,Closed,235
236,236,0,30.633654025228118,2013-08-29,77.52999877929688,0.0,2013-09-04,77.58000183105469,0.0,1.5317761877545308,0.0006449510195422469,Long,Closed,236
237,237,0,30.27463611935151,2013-09-09,78.5,0.0,2013-09-20,79.19999694824219,0.0,21.192152892688682,0.008917158576333567,Long,Closed,237
238,238,0,31.310407820980846,2013-10-08,76.58000183105469,0.0,2013-10-21,79.30999755859375,0.0,85.47727957878351,0.03564893787234151,Long,Closed,238
239,239,0,30.908992793535948,2013-10-22,80.33999633789062,0.0,2013-10-25,80.11000061035156,0.0,-7.108936285048912,-0.0028627799106656056,Long,Closed,239
240,240,0,30.396752509017613,2013-10-28,81.45999908447266,0.0,2013-10-31,80.68000030517578,0.0,-23.7094298516231,-0.009575236779563843,Long,Closed,240
241,241,0,30.10569640641397,2013-11-01,81.45999908447266,0.0,2013-11-08,82.3499984741211,0.0,26.79405142664973,0.010925600290340388,Long,Closed,241
242,242,0,30.14962850444172,2013-11-11,82.2300033569336,0.0,2013-11-19,84.30999755859375,0.0,62.71105247144669,0.02529483298974932,Long,Closed,242
243,243,0,33.21462362664556,2014-02-05,76.52999877929688,0.0,2014-02-13,77.69000244140625,0.0,38.529085042493534,0.015157502686687432,Long,Closed,243
244,244,0,33.065660691593635,2014-03-05,78.04000091552734,0.0,2014-03-06,78.41000366210938,0.0,12.23438527343933,0.004741193519238139,Long,Closed,244
245,245,0,33.116343665844994,2014-03-07,78.29000091552734,0.0,2014-03-14,79.0199966430664,0.0,24.174789387781857,0.009324252382200101,Long,Closed,245
246,246,0,32.70249281536868,2014-04-04,80.0199966430664,0.0,2014-04-11,81.0,0.0,32.04855273915837,0.012246980730391214,Long,Closed,246
247,247,0,33.004010061558574,2014-04-23,80.26000213623047,0.0,2014-04-30,82.38999938964844,0.0,70.29845078289873,0.026538714138115593,Long,Closed,247
248,248,0,34.316007598872574,2014-06-25,79.23999786376953,0.0,2014-06-26,78.5999984741211,0.0,-21.96222391844958,-0.008076721439956785,Long,Closed,248
249,249,0,33.745003560755094,2014-07-02,79.93000030517578,0.0,2014-07-11,81.36000061035156,0.0,48.25536539003724,0.017890658072262915,Long,Closed,249
250,250,0,34.757483030122096,2014-08-04,78.98999786376953,0.0,2014-08-05,79.4000015258789,0.0,14.250695328054462,0.005190576948951033,Long,Closed,250
251,251,0,34.06250703496641,2014-08-06,81.0199966430664,0.0,2014-08-08,81.2300033569336,0.0,7.153355168491089,0.0025920355784803013,Long,Closed,251
252,252,0,33.94966332264902,2014-08-11,81.5,0.0,2014-08-27,83.0199966430664,0.0,51.603374283661196,0.018650265559097004,Long,Closed,252
253,253,0,33.876214404586044,2014-09-09,83.19999694824219,0.0,2014-09-10,83.61000061035156,0.0,13.889371964282873,0.004927928811877731,Long,Closed,253
254,254,0,34.051338021786435,2014-09-12,83.18000030517578,0.0,2014-09-15,83.58000183105469,0.0,13.620587166932637,0.004808866607493943,Long,Closed,254
255,255,0,34.149400279213,2014-10-07,83.33999633789062,0.0,2014-10-08,84.20999908447266,0.0,29.710072037044483,0.010439198281875653,Long,Closed,255
256,256,0,34.27149136863147,2014-10-13,83.91000366210938,0.0,2014-10-14,82.58999633789062,0.0,-45.238619618492976,-0.015731227107725763,Long,Closed,256
257,257,0,33.999787947499385,2014-10-17,83.25,0.0,2014-11-13,88.69999694824219,0.0,185.2987405547533,0.06546542880771401,Long,Closed,257
258,258,0,34.177030373913084,2014-11-18,88.23999786376953,0.0,2014-11-21,88.87999725341797,0.0,21.873278579300404,0.007252939768159407,Long,Closed,258
259,259,0,34.378161439346,2014-11-24,88.36000061035156,0.0,2014-12-04,90.31999969482422,0.0,67.38116494697124,0.02218197228309022,Long,Closed,259
260,260,0,34.49656101563986,2014-12-11,90.01000213623047,0.0,2014-12-12,89.69999694824219,0.0,-10.69411288260244,-0.0034441193270841296,Long,Closed,260
261,261,0,34.00001478074803,2014-12-17,91.01000213623048,0.0,2014-12-30,92.04000091552734,0.0,35.019973720245616,0.011317423965720606,Long,Closed,261
262,262,0,36.77707752062137,2015-01-29,85.08999633789062,0.0,2015-01-30,84.58000183105469,0.0,-18.756107512996095,-0.005993589479199802,Long,Closed,262
263,263,0,36.216152126435915,2015-02-03,85.88999938964844,0.0,2015-02-09,85.33000183105469,0.0,-20.280956772463924,-0.006519939021692909,Long,Closed,263
264,264,0,37.65014934604105,2015-03-13,82.08000183105469,0.0,2015-03-25,82.58000183105469,0.0,18.82507467302048,0.00609161779783033,Long,Closed,264
265,265,0,37.627369058238024,2015-03-27,82.62999725341797,0.0,2015-03-30,82.76000213623047,0.0,4.891741704958804,0.0015733376150768202,Long,Closed,265
266,266,0,37.897544274467414,2015-04-01,82.16999816894531,0.0,2015-04-08,82.62999725341797,0.0,17.432835670017084,0.005598139159342319,Long,Closed,266
267,267,0,39.52384004331215,2015-06-09,79.2300033569336,0.0,2015-06-12,78.33000183105469,0.0,-35.57151634757474,-0.011359352363325945,Long,Closed,267
268,268,0,38.89324776770527,2015-06-15,79.5999984741211,0.0,2015-06-16,79.19999694824219,0.0,-15.557358453468623,-0.0050251448938024215,Long,Closed,268
269,269,0,38.692941601472015,2015-07-02,79.61000061035156,0.0,2015-07-09,81.2300033569336,0.0,62.68267166772284,0.020349236705964627,Long,Closed,269
270,270,0,46.065185718004365,2015-09-11,68.2300033569336,0.0,2015-09-14,68.0199966430664,0.0,-9.673998276319708,-0.003077923252745151,Long,Closed,270
271,271,0,44.762196827155535,2015-09-16,70.0,0.0,2015-09-23,69.81999969482422,0.0,-8.05720908922649,-0.002571432931082623,Long,Closed,271
272,272,0,43.17304317118933,2015-09-24,72.38999938964844,0.0,2015-09-29,72.86000061035156,0.0,20.29138299192755,0.006492626394058657,Long,Closed,272
273,273,0,43.834836373498824,2015-09-30,71.76000213623047,0.0,2015-10-13,74.20999908447266,0.0,107.39521534176765,0.03414153951098088,Long,Closed,273
274,274,0,43.58230431063617,2015-10-14,74.63999938964844,0.0,2015-10-21,73.86000061035156,0.0,-33.994144161241366,-0.010450144502614443,Long,Closed,274
275,275,0,41.93575994527966,2015-10-22,76.76000213623047,0.0,2015-10-28,76.75,0.0,-0.4194471839009566,-0.00013030401188262344,Long,Closed,275
276,276,0,42.92570594427141,2015-11-17,74.9800033569336,0.0,2015-11-23,75.62000274658203,0.0,27.472425604561977,0.008535600973526156,Long,Closed,276
277,277,0,42.86335478034254,2015-12-01,75.7300033569336,0.0,2015-12-03,75.9800033569336,0.0,10.715838695085495,0.0033012014910614356,Long,Closed,277
278,278,0,42.00100337434608,2015-12-04,77.54000091552734,0.0,2015-12-09,77.91000366210938,0.0,15.540486607709227,0.004771766084773656,Long,Closed,278
279,279,0,42.21775559954477,2015-12-10,77.51000213623047,0.0,2015-12-18,78.62999725341797,0.0,47.283680130105495,0.0144496850254115,Long,Closed,279
280,280,0,43.6672211710818,2016-01-20,76.0199966430664,0.0,2016-02-02,80.4800033569336,0.0,194.75609959894837,0.0586688622838025,Long,Closed,280
281,281,0,43.078426422624055,2016-03-01,81.58000183105469,0.0,2016-03-08,83.30000305175781,0.0,74.0949460328834,0.021083613411349376,Long,Closed,281
282,282,0,44.14359714669502,2016-03-16,81.29000091552734,0.0,2016-03-23,82.45999908447266,0.0,51.64792783229268,0.014392891570528064,Long,Closed,282
283,283,0,44.98370072502988,2016-04-22,80.91999816894531,0.0,2016-04-25,81.5,0.0,26.090628788133472,0.007167595701667681,Long,Closed,283
284,284,0,46.12696847313494,2016-04-27,79.4800033569336,0.0,2016-04-28,79.66999816894531,0.0,8.763884703723761,0.0023904731251517294,Long,Closed,284
285,285,0,45.48187320537125,2016-05-02,80.80000305175781,0.0,2016-05-12,82.41999816894531,0.0,73.68041251324212,0.02004944376239414,Long,Closed,285
286,286,0,46.233544914291464,2016-05-24,81.08000183105469,0.0,2016-05-27,81.58000183105469,0.0,23.116772457145544,0.006166748750719557,Long,Closed,286
287,287,0,46.59336406369005,2016-05-31,80.94999694824219,0.0,2016-06-08,82.58000183105469,0.0,75.94741093047514,0.020135947427579154,Long,Closed,287
288,288,0,46.080001074185894,2016-06-21,83.5,0.0,2016-06-27,81.44000244140625,0.0,-94.92468971282005,-0.02467062944423646,Long,Closed,288
289,289,0,45.23572132830571,2016-06-28,82.95999908447266,0.0,2016-07-07,84.9800033569336,0.0,91.37635035102994,0.02434913566481724,Long,Closed,289
290,290,0,45.09774573758693,2016-07-26,85.23999786376953,0.0,2016-07-27,84.41999816894531,0.0,-36.98013774208175,-0.009619893422976698,Long,Closed,290
291,291,0,44.848057956929345,2016-07-28,84.88999938964844,0.0,2016-07-29,85.44000244140625,0.0,24.66656874172213,0.006479008784453763,Long,Closed,291
292,292,0,44.75900191582345,2016-08-05,85.61000061035156,0.0,2016-08-08,85.86000061035156,0.0,11.18975047895583,0.002920219579694413,Long,Closed,292
293,293,0,44.55144721353083,2016-08-09,86.26000213623047,0.0,2016-08-16,86.44999694824219,0.0,8.464543838184909,0.002202582973643593,Long,Closed,293
294,294,0,44.19867457684465,2016-08-19,87.13999938964844,0.0,2016-08-22,87.12999725341797,0.0,-0.4420811643235538,-0.00011478237664128735,Long,Closed,294
295,295,0,44.20374509958652,2016-09-13,87.12000274658203,0.0,2016-09-14,86.75,0.0,-16.355507096059227,-0.004247047003181508,Long,Closed,295
296,296,0,43.54616163641837,2016-09-26,88.05999755859375,0.0,2016-09-27,88.9800033569336,0.0,40.062721200949,0.010447488347108881,Long,Closed,296
297,297,0,46.37072429152531,2016-11-11,83.55999755859375,0.0,2016-11-15,83.9800033569336,0.0,19.475973075658658,0.005026397924979875,Long,Closed,297
298,298,0,47.16828605647633,2016-12-02,82.55999755859375,0.0,2016-12-15,84.9000015258789,0.0,110.37397650219555,0.028343072147312326,Long,Closed,298
299,299,0,47.48147654790483,2017-01-09,84.33999633789062,0.0,2017-01-10,83.38999938964844,0.0,-45.10725781854262,-0.011263896010099684,Long,Closed,299
300,300,0,47.29996826727756,2017-01-11,83.70999908447266,0.0,2017-01-26,86.44999694824219,0.0,129.60181200870693,0.03273202596746615,Long,Closed,300
301,301,0,47.20168812191396,2017-01-30,86.62999725341797,0.0,2017-02-06,87.63999938964844,0.0,47.67380583681734,0.011658803742956567,Long,Closed,301
302,302,0,46.971226666621966,2017-02-07,88.06999969482422,0.0,2017-02-13,88.0,0.0,-3.2879715321823824,-0.0007948188380466735,Long,Closed,302
303,303,0,47.54938378179929,2017-05-25,86.93000030517578,0.0,2017-06-08,87.8499984741211,0.0,43.74534601373307,0.010583206783798108,Long,Closed,303
304,304,0,47.38218147864944,2017-06-09,88.16000366210938,0.0,2017-06-21,89.2699966430664,0.0,52.5938888637329,0.012590663961531735,Long,Closed,304
305,305,0,48.279958361744676,2017-07-17,87.61000061035156,0.0,2017-08-03,90.69000244140624,0.0,148.7023601574174,0.03515582478709359,Long,Closed,305
306,306,0,48.29061023624533,2017-08-04,90.66999816894533,0.0,2017-08-11,91.54000091552734,0.0,42.012963539655175,0.009595265955128213,Long,Closed,306
307,307,0,47.95533185726259,2017-09-01,92.18000030517578,0.0,2017-09-13,93.2300033569336,0.0,50.35324479818428,0.011390790282942258,Long,Closed,307
308,308,0,48.9905286585623,2017-09-29,91.26000213623048,0.0,2017-10-06,92.4000015258789,0.0,55.849172769314464,0.012491774742089748,Long,Closed,308
309,309,0,52.085200000725706,2017-10-27,86.91000366210938,0.0,2017-10-30,86.48999786376953,0.0,-21.876086007995582,-0.004832651946175935,Long,Closed,309
310,310,0,52.18172988821005,2017-10-31,86.33000183105469,0.0,2017-11-03,86.55000305175781,0.0,11.480044273806925,0.002548375026490333,Long,Closed,310
311,311,0,51.70382323943166,2017-11-08,87.3499984741211,0.0,2017-11-15,89.83999633789062,0.0,128.7424094149028,0.028505986345348882,Long,Closed,311
312,312,0,52.5282288188979,2017-11-17,88.43000030517578,0.0,2017-11-20,88.18000030517578,0.0,-13.132057204724333,-0.0028270948675476245,Long,Closed,312
313,313,0,52.33829642125153,2017-11-21,88.5,0.0,2017-11-24,88.33000183105469,0.0,-8.897414557329284,-0.0019208832649186822,Long,Closed,313
314,314,0,51.66564199022465,2017-11-27,89.4800033569336,0.0,2017-12-06,91.0500030517578,0.0,81.1150421575494,0.017545816226241243,Long,Closed,314
315,315,0,52.25679889250815,2017-12-07,90.0199966430664,0.0,2017-12-12,90.0199966430664,0.0,0.0,0.0,Long,Closed,315
316,316,0,51.37224938908536,2017-12-14,91.56999969482422,0.0,2017-12-19,91.8000030517578,0.0,11.815789812718322,0.0025117763208485984,Long,Closed,316
317,317,0,60.09139206130079,2018-03-01,78.4800033569336,0.0,2018-03-02,79.27999877929688,0.0,48.07283857247785,0.010193621153720335,Long,Closed,317
318,318,0,61.116686026677364,2018-03-27,77.94999694824219,0.0,2018-04-03,77.81999969482422,0.0,-7.945001321476411,-0.0016677005581447982,Long,Closed,318
319,319,0,66.01110737674931,2018-04-30,72.05000305175781,0.0,2018-05-01,71.94000244140625,0.0,-7.261262101425018,-0.0015267259638079888,Long,Closed,319
320,320,0,65.348002552622,2018-05-04,72.66999816894531,0.0,2018-05-08,71.7699966430664,0.0,-58.813302010498774,-0.01238477430240966,Long,Closed,320
321,321,0,64.29977744517271,2018-05-09,72.94000244140625,0.0,2018-05-15,72.9800033569336,0.0,2.5720499660110363,0.0005484084753009444,Long,Closed,321
322,322,0,63.4992946807382,2018-05-24,73.9000015258789,0.0,2018-06-01,73.54000091552734,0.0,-22.85978484195948,-0.0048714560611408724,Long,Closed,322
323,323,0,62.866697168799156,2018-06-04,74.27999877929688,0.0,2018-06-13,76.55999755859375,0.0,143.3359928032878,0.03069465289130216,Long,Closed,323
324,324,0,63.196874347771136,2018-06-14,76.16000366210938,0.0,2018-06-15,76.86000061035156,0.0,44.23761918188484,0.009191135958288384,Long,Closed,324
325,325,0,63.619016345997586,2018-06-19,76.3499984741211,0.0,2018-06-21,76.79000091552734,0.0,27.992522512103278,0.0057629659489173745,Long,Closed,325
326,326,0,63.21563665400659,2018-06-22,77.27999877929688,0.0,2018-07-12,79.08000183105469,0.0,113.78833889602538,0.02329196532337468,Long,Closed,326
327,327,0,63.829068971261684,2018-07-19,78.31999969482422,0.0,2018-07-23,77.54000091552734,0.0,-49.78659588123992,-0.00995912643432272,Long,Closed,327
328,328,0,62.87228137348195,2018-07-24,78.72000122070312,0.0,2018-08-09,81.30000305175781,0.0,162.21060106616915,0.032774412996022136,Long,Closed,328
329,329,0,62.56446583190521,2018-08-10,81.69999694824219,0.0,2018-08-23,83.22000122070312,0.0,95.09825536873177,0.01860470415223967,Long,Closed,329
330,330,0,63.6427707894102,2018-10-09,81.80999755859375,0.0,2018-10-10,81.63999938964844,0.0,-10.81915450080578,-0.002077963256551305,Long,Closed,330
331,331,0,65.02059229496263,2018-10-15,79.91000366210938,0.0,2018-10-23,87.27999877929688,0.0,479.2014477305138,0.09222869202147344,Long,Closed,331
332,332,0,64.27678284388205,2018-10-26,88.29000091552734,0.0,2018-10-30,88.7699966430664,0.0,30.85258114501903,0.005436580842243933,Long,Closed,332
333,333,0,64.2478319348449,2018-10-31,88.80999755859375,0.0,2018-11-08,91.3499984741211,0.0,163.18955193515285,0.028600393934833043,Long,Closed,333
334,334,0,64.3888014367982,2018-11-23,91.1500015258789,0.0,2018-12-04,92.6999969482422,0.0,99.80234747849681,0.01700488641158425,Long,Closed,334
335,335,0,65.70719878158427,2019-01-03,90.83999633789062,0.0,2019-01-04,91.91000366210938,0.0,70.30718395019267,0.011779033106064072,Long,Closed,335
336,336,0,66.44459149738056,2019-01-09,90.88999938964844,0.0,2019-01-11,91.5,0.0,40.53124136796214,0.0067114161563195315,Long,Closed,336
337,337,0,66.2707680791362,2019-01-15,91.73999786376952,0.0,2019-01-17,91.37000274658205,0.0,-24.51986060154377,-0.004033083996109318,Long,Closed,337
338,338,0,66.25626766438772,2019-01-18,91.38999938964844,0.0,2019-01-25,93.31999969482422,0.0,127.87461681207697,0.021118287756487227,Long,Closed,338
339,339,0,65.92424371324668,2019-01-28,93.79000091552734,0.0,2019-02-06,97.5199966430664,0.0,245.89714739165447,0.039769652320384534,Long,Closed,339
340,340,0,66.27081624618874,2019-02-07,97.01000213623048,0.0,2019-02-08,97.48999786376952,0.0,31.809708658694944,0.004947899360572928,Long,Closed,340
341,341,0,65.67129411102663,2019-02-11,98.37999725341795,0.0,2019-02-14,98.9499969482422,0.0,37.43261760199857,0.005793857600503686,Long,Closed,341
342,342,0,65.73107739990022,2019-03-05,98.86000061035156,0.0,2019-03-07,98.81999969482422,0.0,-2.629303274594349,-0.00040462184180029134,Long,Closed,342
343,343,0,65.09866835101978,2019-03-11,99.77999877929688,0.0,2019-03-19,101.7300033569336,0.0,126.94270128254357,0.019543040704479615,Long,Closed,343
344,344,0,64.62224368607112,2019-03-21,102.4800033569336,0.0,2019-03-25,102.44000244140624,0.0,-2.5849489108750277,-0.00039032898338262973,Long,Closed,344
345,345,0,64.4210068446103,2019-03-26,102.76000213623048,0.0,2019-04-02,103.58000183105467,0.0,52.82520595284768,0.007979755525278277,Long,Closed,345
346,346,0,64.48326044121664,2019-04-03,103.4800033569336,0.0,2019-04-04,103.61000061035156,0.0,8.382646748794286,0.0012562548241284647,Long,Closed,346
347,347,0,64.28471696385814,2019-04-05,103.93000030517578,0.0,2019-04-08,104.5500030517578,0.0,39.85670108084014,0.005965580147805969,Long,Closed,347
348,348,0,65.18882108848693,2019-04-24,103.0999984741211,0.0,2019-04-26,105.56999969482422,0.0,161.01646766476097,0.023957335181950798,Long,Closed,348
349,349,0,65.63020963532344,2019-04-29,104.86000061035156,0.0,2019-05-02,105.98999786376952,0.0,74.16195662916016,0.010776246870500257,Long,Closed,349
350,350,0,66.87958500313881,2019-06-03,104.01000213623048,0.0,2019-06-18,109.5,0.0,367.16877879702315,0.05278336459005935,Long,Closed,350
351,351,0,65.4685724824321,2019-06-27,111.86000061035156,0.0,2019-06-28,109.91999816894533,0.0,-127.00919045129922,-0.017343129186669297,Long,Closed,351
352,352,0,65.0601693127459,2019-07-01,110.61000061035156,0.0,2019-07-08,113.9000015258789,0.0,214.0480166032985,0.029744154211852097,Long,Closed,352
353,353,0,65.31247526697562,2019-07-09,113.45999908447266,0.0,2019-07-10,113.66000366210938,0.0,13.062794030180157,0.0017627761259526652,Long,Closed,353
354,354,0,65.57208937425067,2019-07-25,113.20999908447266,0.0,2019-08-01,116.51000213623048,0.0,216.38809504516394,0.029149395622691386,Long,Closed,354
355,355,0,67.16311448853662,2019-08-06,113.75,0.0,2019-08-12,116.51000213623048,0.0,185.37033946425345,0.02426375504378445,Long,Closed,355
356,356,0,67.19195152027616,2019-08-13,116.45999908447266,0.0,2019-08-21,119.08000183105467,0.0,176.0430975313293,0.022497018437048367,Long,Closed,356
357,357,0,66.68237230198798,2019-08-26,119.98999786376952,0.0,2019-08-27,120.45999908447266,0.0,31.340796381316068,0.0039170033258668965,Long,Closed,357
358,358,0,67.05533387642495,2019-08-30,119.79000091552734,0.0,2019-09-03,121.8499984741211,0.0,138.13382407612426,0.01719674048626484,Long,Closed,358
359,359,0,66.61795539236142,2019-09-11,122.6500015258789,0.0,2019-09-12,121.81999969482422,0.0,-55.293024956779846,-0.006767238652496586,Long,Closed,359
360,360,0,66.92009178043692,2019-09-17,121.2699966430664,0.0,2019-10-01,123.1999969482422,0.0,129.15579755863564,0.015914903591993667,Long,Closed,360
361,361,0,66.48834760585416,2019-10-21,124.00000000000001,0.0,2019-10-28,123.1999969482422,0.0,-53.190880991017366,-0.006451637514175881,Long,Closed,361
362,362,0,68.06850981726132,2019-11-06,120.33999633789062,0.0,2019-11-08,119.4800033569336,0.0,-58.538440667050054,-0.007146360371678516,Long,Closed,362
363,363,0,67.2189926858675,2019-11-14,120.98999786376952,0.0,2019-11-15,120.25,0.0,-49.74191099228028,-0.006116190402802732,Long,Closed,363
364,364,0,66.95174062555306,2019-11-25,120.7300033569336,0.0,2019-11-29,121.94000244140624,0.0,81.01154486076939,0.010022356090683873,Long,Closed,364
365,365,0,66.74920757336497,2019-12-02,122.30999755859376,0.0,2019-12-11,124.77999877929688,0.0,164.87062418717687,0.020194597907009476,Long,Closed,365
366,366,0,67.78130066479832,2020-01-06,122.87999725341797,0.0,2020-01-07,122.19000244140624,0.0,-46.76874581011725,-0.005615192280552606,Long,Closed,366
367,367,0,66.84582075637425,2020-01-09,123.9000015258789,0.0,2020-01-22,124.3000030517578,0.0,26.738430301176777,0.0032284222837184262,Long,Closed,367
368,368,0,66.60469518248156,2020-01-24,124.75,0.0,2020-01-27,125.93000030517578,0.0,78.59356064146777,0.009458920281970148,Long,Closed,368
369,369,0,67.21315188012312,2020-01-29,124.79000091552734,0.0,2020-01-30,125.98999786376952,0.0,80.65557713788621,0.009616130614939935,Long,Closed,369
370,370,0,75.98192098404978,2020-03-16,111.44999694824222,0.0,2020-03-19,109.19000244140624,0.0,-171.71872404279748,-0.020278102904619396,Long,Closed,370
371,371,0,79.8658678967009,2020-03-25,103.87999725341795,0.0,2020-04-01,107.69000244140624,0.0,304.28937102961754,0.03667698583677933,Long,Closed,371
372,372,0,75.1880020515068,2020-04-07,114.38999938964844,0.0,2020-04-08,115.26000213623048,0.0,65.4137682948276,0.007605583977831352,Long,Closed,372
373,373,0,76.27998618535311,2020-04-09,113.61000061035158,0.0,2020-04-21,119.98999786376952,0.0,486.66610235331245,0.05615700395337066,Long,Closed,373
374,374,0,81.14215542378265,2020-05-20,112.8000030517578,0.0,2020-05-21,112.29000091552734,0.0,-41.382672604471736,-0.004521295411636028,Long,Closed,374
375,375,0,79.81999636468478,2020-05-22,114.1500015258789,0.0,2020-05-27,115.52999877929688,0.0,110.15137575109657,0.012089331887613698,Long,Closed,375
376,376,0,79.49658691875443,2020-05-29,116.0,0.0,2020-06-05,117.44000244140624,0.0,114.47527924646965,0.012413814150053784,Long,Closed,376
377,377,0,80.07616137807398,2020-06-11,116.58999633789062,0.0,2020-06-12,114.5500030517578,0.0,-163.35483159055912,-0.017497155418211827,Long,Closed,377
378,378,0,77.38736711970324,2020-06-15,118.52999877929688,0.0,2020-06-22,118.66999816894533,0.0,10.834184163259124,0.0011811304403126757,Long,Closed,378
379,379,0,78.09812909599944,2020-06-25,117.58999633789062,0.0,2020-06-29,117.97000122070312,0.0,29.67767039500177,0.003231608934833049,Long,Closed,379
380,380,0,77.00155676802869,2020-06-30,119.65000152587892,0.0,2020-07-16,125.08999633789062,0.0,418.88806933490196,0.04546589839227968,Long,Closed,380
381,381,0,76.76834590271162,2020-07-17,125.47000122070314,0.0,2020-07-21,125.5,0.0,2.302956665720558,0.0002390912489439861,Long,Closed,381
382,382,0,76.39095465410945,2020-07-22,126.12000274658203,0.0,2020-08-03,130.77000427246094,0.0,355.21805570495417,0.03686965925002655,Long,Closed,382
383,383,0,75.17228920443063,2020-08-06,132.88999938964844,0.0,2020-08-07,133.6999969482422,0.0,60.88937072949193,0.00609524841834594,Long,Closed,383
384,384,0,74.85316539374044,2020-08-10,134.27000427246094,0.0,2020-08-17,135.80999755859375,0.0,115.27337215214902,0.011469376905714937,Long,Closed,384
385,385,0,75.00227765185357,2020-08-18,135.5399932861328,0.0,2020-08-27,138.32000732421875,0.0,208.50738476057268,0.020510654978543295,Long,Closed,385
386,386,0,75.34545290281514,2020-09-10,137.69000244140625,0.0,2020-09-11,138.44000244140625,0.0,56.50908967711075,0.005447018568535164,Long,Closed,386
387,387,0,76.75932541515022,2020-09-24,135.88999938964844,0.0,2020-10-14,143.05999755859375,0.0,550.3642226761058,0.05276325116748446,Long,Closed,387
388,388,0,77.09343385477607,2020-11-04,142.44000244140625,0.0,2020-11-10,141.85000610351562,0.0,-45.484843649730465,-0.0041420691363250805,Long,Closed,388
389,389,0,79.81100366261543,2020-12-11,137.02000427246094,0.0,2020-12-22,137.38999938964844,0.0,29.529681653000807,0.0027002999974497623,Long,Closed,389
390,390,0,84.60828108091049,2021-02-01,129.60000610351562,0.0,2021-02-03,129.3800048828125,0.0,-18.61392511939266,-0.0016975402032573523,Long,Closed,390
391,391,0,88.37183802901484,2021-03-01,123.87000274658205,0.0,2021-03-02,123.7699966430664,0.0,-8.837723181795809,-0.0008073472293386679,Long,Closed,391
392,392,0,86.70457363370666,2021-03-09,126.1500015258789,0.0,2021-03-18,129.10000610351562,0.0,255.77888912147318,0.02338489529888374,Long,Closed,392
393,393,0,85.83360686283407,2021-03-22,130.41000366210938,0.0,2021-03-31,135.0500030517578,0.0,398.2678834548733,0.035580087871714246,Long,Closed,393
394,394,0,85.89084389529789,2021-04-01,134.9600067138672,0.0,2021-04-05,136.0,0.0,89.32590099139088,0.007705936828661615,Long,Closed,394
395,395,0,87.99363291721667,2021-04-29,132.75,0.0,2021-05-05,134.00999450683594,0.0,110.87149411223072,0.009491484043961846,Long,Closed,395
396,396,0,87.29661018676248,2021-05-06,135.0800018310547,0.0,2021-05-12,135.88999938964844,0.0,70.71004112478658,0.005996428395128418,Long,Closed,396
397,397,0,89.03953077696801,2021-06-02,133.22999572753906,0.0,2021-06-03,135.6999969482422,0.0,219.9277497099447,0.018539377767108723,Long,Closed,397
398,398,0,90.88126613053846,2021-06-22,132.9499969482422,0.0,2021-06-24,133.25999450683594,0.0,28.172970622375942,0.0023316853381684143,Long,Closed,398
399,399,0,89.77640899393303,2021-06-25,134.89999389648438,0.0,2021-06-30,135.42999267578125,0.0,47.58138717644215,0.003928827303754938,Long,Closed,399
400,400,0,89.66384856372855,2021-07-01,135.60000610351562,0.0,2021-07-20,139.9499969482422,0.0,390.03692035516724,0.03207957705699375,Long,Closed,400
401,401,0,91.40109218818745,2021-07-21,137.2899932861328,0.0,2021-07-22,137.47999572753906,0.0,17.36643066295437,0.0013839496736682614,Long,Closed,401
402,402,0,90.00015902433975,2021-07-23,139.6199951171875,0.0,2021-07-29,142.0,0.0,214.2008179318309,0.01704630401121913,Long,Closed,402
403,403,0,90.05723523118033,2021-08-09,141.91000366210938,0.0,2021-08-13,133.32769775390625,0.0,-772.898742000998,-0.06047710299999552,Long,Open,403
