Date,entry_signal,exit_signal,max_combs,max_probs
2000-01-07,False,True,,
2000-01-10,False,True,,
2000-01-11,False,True,,
2000-01-12,False,True,,
2000-01-13,False,True,"(1, 1, 2, 2)",0.15322100004086917
2000-01-14,False,True,"(1, 1, 2, 2)",0.1845054298951131
2000-01-18,False,True,,
2000-01-19,False,True,"(2, 1, 2, 2)",0.188408970803428
2000-01-20,False,True,,
2000-01-21,False,True,,
2000-01-24,False,True,,
2000-01-25,False,True,,
2000-01-26,False,True,,
2000-01-27,True,False,"(1, 1, 2, 3)",0.6027268700504724
2000-01-28,True,False,"(2, 1, 2, 3)",0.5843919165466893
2000-01-31,True,False,"(2, 1, 2, 4)",0.18085373207270874
2000-02-01,True,False,"(3, 2, 2, 4)",0.16606641781819279
2000-02-02,True,False,"(2, 1, 2, 4)",0.09910442345486838
2000-02-03,True,False,,
2000-02-04,True,False,,
2000-02-07,True,False,,
2000-02-08,True,False,,
2000-02-09,True,False,"(2, 1, 2, 4)",0.07473466628920009
2000-02-10,True,False,,
2000-02-11,True,False,,
2000-02-14,True,False,,
2000-02-15,True,False,"(1, 1, 2, 4)",0.12526387027247526
2000-02-16,True,False,"(2, 1, 6, 4)",0.07479864785742778
2000-02-17,True,False,,
2000-02-18,True,False,,
2000-02-22,True,False,,
2000-02-23,True,False,,
2000-02-24,True,False,,
2000-02-25,True,False,,
2000-02-28,True,False,,
2000-02-29,True,False,,
2000-03-01,True,False,,
2000-03-02,True,False,,
2000-03-03,True,False,,
2000-03-06,True,False,,
2000-03-07,True,False,,
2000-03-08,True,False,,
2000-03-09,True,False,"(1, 1, 2, 4)",0.7458451236822179
2000-03-10,True,False,"(2, 1, 6, 4)",0.7369016474106852
2000-03-13,True,False,,
2000-03-14,True,False,,
2000-03-15,True,False,,
2000-03-16,True,False,"(1, 1, 2, 4)",0.3353402954378566
2000-03-17,True,False,"(2, 2, 2, 4)",0.1807472300570515
2000-03-20,True,False,"(3, 2, 2, 4)",0.3068441982586074
2000-03-21,True,False,"(4, 2, 2, 4)",0.40459462774043636
2000-03-22,True,False,"(4, 2, 2, 4)",0.3798202617554129
2000-03-23,True,False,"(5, 2, 2, 4)",0.4061194918731534
2000-03-24,True,False,,
2000-03-27,True,False,,
2000-03-28,True,False,"(5, 1, 2, 4)",0.8717165480429977
2000-03-29,True,False,"(1, 1, 2, 4)",0.9017800482249775
2000-03-30,True,False,"(1, 1, 2, 4)",0.8598090672633512
2000-03-31,True,False,"(2, 2, 2, 4)",0.8162448401926891
2000-04-03,True,False,"(3, 2, 2, 4)",0.370202278804221
2000-04-04,True,False,"(3, 2, 2, 4)",0.5137775840081816
2000-04-05,True,False,"(2, 2, 2, 4)",0.24353917385742158
2000-04-06,True,False,"(4, 2, 2, 4)",0.407563332649347
2000-04-07,True,False,"(5, 2, 2, 4)",0.7297545277120064
2000-04-10,True,False,"(5, 2, 2, 4)",0.3928800257365888
2000-04-11,True,False,"(1, 1, 2, 3)",0.35639332664739415
2000-04-12,True,False,"(2, 2, 2, 4)",0.3757035002718483
2000-04-13,True,False,"(2, 2, 2, 4)",0.18383618762976386
2000-04-14,True,False,,
2000-04-17,True,False,"(4, 2, 2, 4)",0.5992692860766976
2000-04-18,True,False,"(1, 1, 2, 4)",0.2523325658947463
2000-04-19,True,False,"(1, 1, 2, 3)",0.2504850805929525
2000-04-20,True,False,"(2, 2, 2, 4)",0.3177679074831566
2000-04-24,True,False,"(2, 1, 2, 3)",0.21070853390866318
2000-04-25,True,False,"(3, 2, 2, 4)",0.15916971210211162
2000-04-26,True,False,"(3, 1, 2, 3)",0.21961032372541756
2000-04-27,True,False,"(4, 1, 2, 3)",0.24117059070765592
2000-04-28,True,False,,
2000-05-01,True,False,"(5, 1, 2, 4)",0.7696184413046031
2000-05-02,True,False,"(1, 1, 2, 4)",0.7625692054439868
2000-05-03,True,False,"(2, 1, 2, 4)",0.7396270450589879
2000-05-04,True,False,,
2000-05-05,True,False,,
2000-05-08,True,False,"(1, 1, 2, 3)",0.24638929930970346
2000-05-09,True,False,"(2, 2, 2, 4)",0.4135646417657426
2000-05-10,True,False,"(3, 2, 2, 4)",0.43481217736149075
2000-05-11,True,False,"(4, 2, 2, 4)",0.5106544766948424
2000-05-12,True,False,"(5, 2, 2, 4)",0.5521756873195838
2000-05-15,True,False,"(5, 2, 2, 4)",0.32644947171447153
2000-05-16,True,False,"(2, 1, 2, 3)",0.4746107618411262
2000-05-17,True,False,"(2, 1, 2, 3)",0.5179984201685945
2000-05-18,True,False,"(3, 1, 2, 3)",0.4652668440801978
2000-05-19,True,False,"(4, 1, 2, 3)",0.2884012284557638
2000-05-22,True,False,"(5, 2, 2, 4)",0.25813424446858746
2000-05-23,True,False,,
2000-05-24,True,False,"(3, 1, 2, 3)",0.15430029407070645
2000-05-25,True,False,"(4, 2, 2, 4)",0.12952254704792368
2000-05-26,True,False,"(5, 2, 2, 4)",0.18770211484680668
2000-05-30,True,False,"(4, 2, 2, 4)",0.10265029818704186
2000-05-31,True,False,"(5, 2, 2, 4)",0.14865794994908244
2000-06-01,True,False,"(5, 2, 2, 4)",0.2101901053167273
2000-06-02,True,False,,
2000-06-05,True,False,,
2000-06-06,True,False,,
2000-06-07,True,False,"(1, 1, 2, 4)",0.7994560377799025
2000-06-08,True,False,"(2, 2, 2, 4)",0.7839703401276251
2000-06-09,True,False,"(2, 1, 2, 4)",0.6047925764292863
2000-06-12,True,False,"(3, 2, 2, 4)",0.5568349121708476
2000-06-13,True,False,"(2, 1, 2, 4)",0.4088012987539575
2000-06-14,True,False,"(3, 2, 2, 4)",0.19860099560825284
2000-06-15,True,False,"(2, 2, 2, 4)",0.16549738317242368
2000-06-16,True,False,"(3, 1, 2, 3)",0.48121027483940865
2000-06-19,True,False,"(3, 2, 2, 4)",0.3797685923402226
2000-06-20,True,False,,
2000-06-21,True,False,"(5, 2, 2, 4)",0.5099147624431565
2000-06-22,True,False,,
2000-06-23,True,False,"(2, 1, 2, 4)",0.8614526711998546
2000-06-26,True,False,"(1, 1, 2, 4)",0.7818355151976557
2000-06-27,True,False,"(1, 1, 2, 3)",0.5778980430416923
2000-06-28,True,False,"(2, 1, 2, 3)",0.49612918695242725
2000-06-29,True,False,"(3, 2, 2, 4)",0.23297061453508824
2000-06-30,True,False,"(3, 2, 2, 4)",0.13933216145842514
2000-07-03,True,False,"(2, 2, 2, 4)",0.11792762744728143
2000-07-05,True,False,"(2, 2, 2, 4)",0.13352718673172373
2000-07-06,True,False,"(2, 2, 2, 4)",0.10076735895689194
2000-07-07,True,False,"(5, 2, 2, 4)",0.07733861472223609
2000-07-10,True,False,"(3, 2, 2, 4)",0.10609332632028336
2000-07-11,True,False,"(3, 2, 2, 4)",0.13617015402622507
2000-07-12,True,False,,
2000-07-13,True,False,,
2000-07-14,True,False,,
2000-07-17,True,False,"(5, 2, 6, 4)",0.5283870877405332
2000-07-18,True,False,"(1, 1, 6, 4)",0.4353343785814165
2000-07-19,True,False,"(1, 1, 6, 4)",0.5014921150425085
2000-07-20,True,False,,
2000-07-21,True,False,"(2, 1, 6, 4)",0.8689316984786408
2000-07-24,True,False,"(1, 1, 2, 4)",0.3068529348288596
2000-07-25,True,False,"(2, 1, 6, 4)",0.5096567849166945
2000-07-26,True,False,"(2, 1, 2, 4)",0.5702868103164642
2000-07-27,True,False,"(1, 1, 2, 4)",0.41230626997674596
2000-07-28,True,False,"(1, 1, 2, 4)",0.294326070047309
2000-07-31,True,False,"(3, 1, 2, 4)",0.41510847061731665
2000-08-01,True,False,"(2, 1, 2, 4)",0.10652961605710248
2000-08-02,True,False,"(3, 2, 2, 4)",0.08870725454370906
2000-08-03,True,False,"(2, 1, 2, 3)",0.15929828464581092
2000-08-04,True,False,"(4, 2, 2, 4)",0.12135619098102501
2000-08-07,True,False,"(5, 2, 2, 4)",0.14838082329744898
2000-08-08,True,False,"(5, 2, 2, 4)",0.1043808019131525
2000-08-09,True,False,,
2000-08-10,True,False,"(5, 1, 2, 4)",0.6425280929246147
2000-08-11,True,False,"(1, 1, 2, 4)",0.36081140032817577
2000-08-14,True,False,"(1, 1, 2, 3)",0.2557193524433226
2000-08-15,True,False,"(2, 2, 2, 4)",0.24057749874060802
2000-08-16,True,False,"(2, 1, 2, 3)",0.16607918624600457
2000-08-17,True,False,"(3, 2, 2, 4)",0.12066375468647378
2000-08-18,True,False,,
2000-08-21,True,False,"(3, 1, 2, 4)",0.13921701452464394
2000-08-22,True,False,"(4, 1, 2, 3)",0.14748119825451103
2000-08-23,True,False,"(5, 1, 2, 3)",0.09144019490397891
2000-08-24,True,False,"(4, 1, 2, 3)",0.06123562146974977
2000-08-25,True,False,"(2, 1, 2, 3)",0.08416640341312652
2000-08-28,True,False,"(3, 1, 2, 3)",0.09829083161679202
2000-08-29,True,False,,
2000-08-30,True,False,,
2000-08-31,True,False,,
2000-09-01,True,False,,
2000-09-05,True,False,,
2000-09-06,True,False,,
2000-09-07,True,False,,
2000-09-08,True,False,,
2000-09-11,True,False,,
2000-09-12,True,False,"(1, 1, 2, 4)",0.24372280885805542
2000-09-13,True,False,"(2, 2, 2, 4)",0.3998612175028351
2000-09-14,True,False,"(4, 2, 2, 4)",0.4936150287988526
2000-09-15,True,False,"(5, 1, 2, 4)",0.7052086860332766
2000-09-18,True,False,"(4, 1, 2, 4)",0.8626485538830289
2000-09-19,True,False,"(1, 1, 2, 4)",0.8393243715377395
2000-09-20,True,False,,
2000-09-21,True,False,"(2, 1, 2, 4)",0.9521513953769475
2000-09-22,True,False,"(3, 2, 2, 4)",0.7126005230935969
2000-09-25,True,False,"(2, 2, 2, 4)",0.7130566553502019
2000-09-26,True,False,"(3, 2, 2, 4)",0.6714663623932169
2000-09-27,True,False,"(4, 2, 2, 4)",0.7600595669873734
2000-09-28,True,False,"(5, 2, 2, 4)",0.8156852023175248
2000-09-29,True,False,"(1, 1, 2, 4)",0.8044795691612199
2000-10-02,True,False,"(2, 2, 2, 4)",0.7862622565030717
2000-10-03,True,False,"(3, 2, 2, 4)",0.7587611590789095
2000-10-04,True,False,"(5, 1, 2, 3)",0.7645611036065342
2000-10-05,True,False,"(4, 1, 2, 4)",0.6409633371432709
2000-10-06,True,False,"(2, 1, 2, 3)",0.5905066744211848
2000-10-09,True,False,"(3, 1, 2, 4)",0.5776023143335978
2000-10-10,True,False,"(3, 1, 2, 3)",0.5923328763361704
2000-10-11,True,False,"(2, 1, 2, 3)",0.6864115226604154
2000-10-12,True,False,"(5, 2, 2, 4)",0.6415908827318232
2000-10-13,True,False,"(4, 2, 2, 4)",0.729439552467947
2000-10-16,True,False,"(4, 2, 2, 4)",0.7283736554424617
2000-10-17,True,False,"(3, 2, 2, 4)",0.7364930915830598
2000-10-18,True,False,"(2, 2, 2, 4)",0.6399202721215244
2000-10-19,True,False,"(4, 2, 2, 4)",0.7379880724314072
2000-10-20,True,False,"(4, 2, 2, 4)",0.8305296928226036
2000-10-23,True,False,"(5, 2, 2, 4)",0.7702915994893742
2000-10-24,True,False,"(1, 1, 2, 4)",0.8259166184646013
2000-10-25,True,False,"(2, 2, 2, 4)",0.6315332171746773
2000-10-26,True,False,"(2, 2, 2, 4)",0.6371883132867108
2000-10-27,True,False,"(3, 2, 2, 4)",0.554275448156182
2000-10-30,True,False,"(3, 2, 2, 4)",0.38493886980006176
2000-10-31,True,False,"(3, 2, 2, 4)",0.3565442303816467
2000-11-01,True,False,"(3, 1, 2, 3)",0.38322206477623433
2000-11-02,True,False,"(5, 2, 2, 4)",0.35426594962260827
2000-11-03,True,False,"(5, 1, 2, 4)",0.5304073342515694
2000-11-06,True,False,"(5, 1, 2, 3)",0.4162778577381108
2000-11-07,True,False,"(2, 1, 2, 3)",0.40556312231398545
2000-11-08,True,False,"(2, 1, 2, 3)",0.22641065361218174
2000-11-09,True,False,"(3, 2, 2, 4)",0.15422684914415766
2000-11-10,True,False,"(2, 2, 2, 4)",0.3397439179076232
2000-11-13,True,False,,
2000-11-14,True,False,"(3, 2, 2, 4)",0.5753255944318807
2000-11-15,True,False,"(4, 2, 2, 4)",0.5594757241622763
2000-11-16,True,False,"(5, 2, 2, 4)",0.6097097715247071
2000-11-17,True,False,"(2, 2, 2, 4)",0.6760288685121477
2000-11-20,True,False,,
2000-11-21,True,False,"(3, 1, 2, 3)",0.3156581521155059
2000-11-22,True,False,"(2, 1, 2, 3)",0.3155017102296807
2000-11-24,True,False,"(3, 1, 2, 4)",0.39608279151394865
2000-11-27,True,False,"(3, 1, 2, 4)",0.11382035072096637
2000-11-28,True,False,"(4, 2, 2, 4)",0.14387744571468383
2000-11-29,True,False,"(2, 2, 2, 4)",0.1530034314819985
2000-11-30,True,False,"(3, 2, 2, 4)",0.12859474605455226
2000-12-01,True,False,"(5, 2, 2, 4)",0.21529570075139498
2000-12-04,True,False,"(4, 2, 2, 4)",0.17700312772850102
2000-12-05,True,False,"(5, 2, 2, 4)",0.12294133438331216
2000-12-06,True,False,,
2000-12-07,True,False,,
2000-12-08,True,False,,
2000-12-11,True,False,,
2000-12-12,True,False,,
2000-12-13,True,False,"(1, 1, 2, 4)",0.2919328778104189
2000-12-14,True,False,"(2, 1, 2, 4)",0.5624939819585656
2000-12-15,True,False,"(3, 1, 2, 4)",0.5829160579042837
2000-12-18,True,False,"(3, 1, 2, 4)",0.28476583587991844
2000-12-19,True,False,"(1, 1, 2, 4)",0.16736932260329804
2000-12-20,True,False,"(2, 2, 2, 4)",0.08786184519296786
2000-12-21,True,False,"(3, 2, 2, 4)",0.1145534853739303
2000-12-22,True,False,"(4, 2, 2, 4)",0.11229155718542404
2000-12-26,True,False,"(4, 2, 2, 4)",0.09259012688340978
2000-12-27,True,False,"(4, 2, 2, 4)",0.07519046439316003
2000-12-28,True,False,"(2, 2, 2, 4)",0.11038246180389795
2000-12-29,True,False,"(2, 2, 2, 4)",0.19499091510721692
2001-01-02,True,False,"(4, 2, 2, 4)",0.07722036883844048
2001-01-03,True,False,,
2001-01-04,True,False,,
2001-01-05,True,False,"(5, 1, 6, 4)",0.5455928071879923
2001-01-08,True,False,"(1, 1, 6, 4)",0.4857754915155596
2001-01-09,True,False,"(1, 1, 6, 4)",0.22381635965736305
2001-01-10,True,False,"(2, 2, 6, 4)",0.21146882564722486
2001-01-11,True,False,,
2001-01-12,True,False,,
2001-01-16,True,False,,
2001-01-17,True,False,"(2, 1, 6, 4)",0.41653541425365476
2001-01-18,True,False,"(2, 1, 6, 4)",0.5085604226086172
2001-01-19,True,False,,
2001-01-22,True,False,,
2001-01-23,True,False,"(1, 1, 2, 4)",0.5967432240893397
2001-01-24,True,False,"(2, 1, 2, 4)",0.4133417727387058
2001-01-25,True,False,"(2, 1, 2, 4)",0.22092224755157802
2001-01-26,True,False,"(3, 2, 2, 4)",0.36973100595846614
2001-01-29,True,False,"(4, 2, 2, 4)",0.49765697533254893
2001-01-30,True,False,"(5, 2, 2, 4)",0.4894352691008534
2001-01-31,True,False,"(1, 1, 2, 4)",0.3931857684591251
2001-02-01,True,False,"(2, 2, 2, 4)",0.3823997425753316
2001-02-02,True,False,"(2, 2, 2, 4)",0.3689809582239138
2001-02-05,True,False,"(2, 2, 2, 4)",0.25167349790035537
2001-02-06,True,False,"(3, 2, 2, 4)",0.20860087155035
2001-02-07,True,False,"(3, 2, 2, 4)",0.21396009418781098
2001-02-08,True,False,"(3, 2, 2, 4)",0.12185504737810873
2001-02-09,True,False,"(3, 2, 2, 4)",0.09072636598078793
2001-02-12,True,False,"(3, 2, 2, 4)",0.13196805308389611
2001-02-13,True,False,"(3, 2, 2, 4)",0.06708838454289298
2001-02-14,True,False,,
2001-02-15,True,False,,
2001-02-16,True,False,"(5, 2, 2, 4)",0.18806911143772448
2001-02-20,True,False,"(1, 1, 2, 4)",0.14732070723708138
2001-02-21,True,False,"(2, 1, 2, 3)",0.11475827324594012
2001-02-22,True,False,,
2001-02-23,True,False,,
2001-02-26,True,False,,
2001-02-27,True,False,"(1, 1, 2, 4)",0.08226250756330501
2001-02-28,True,False,"(2, 2, 2, 4)",0.09247263365255166
2001-03-01,True,False,"(4, 1, 2, 4)",0.14526749440450606
2001-03-02,True,False,"(3, 2, 2, 4)",0.06146361832883399
2001-03-05,True,False,"(3, 1, 2, 4)",0.04270797402317588
2001-03-06,True,False,,
2001-03-07,True,False,,
2001-03-08,True,False,,
2001-03-09,True,False,"(1, 1, 2, 3)",0.049305415602559056
2001-03-12,True,False,,
2001-03-13,True,False,,
2001-03-14,True,False,,
2001-03-15,True,False,,
2001-03-16,True,False,,
2001-03-19,True,False,,
2001-03-20,True,False,,
2001-03-21,True,False,,
2001-03-22,True,False,,
2001-03-23,True,False,,
2001-03-26,True,False,"(1, 1, 6, 4)",0.909298532215016
2001-03-27,True,False,"(2, 2, 2, 4)",0.22977297964446278
2001-03-28,True,False,"(2, 2, 2, 4)",0.2173585188762945
2001-03-29,True,False,"(2, 2, 2, 4)",0.2790576166465126
2001-03-30,True,False,"(2, 2, 2, 4)",0.4189148636596693
2001-04-02,True,False,"(5, 2, 2, 4)",0.32288699139879634
2001-04-03,True,False,,
2001-04-04,True,False,"(4, 2, 2, 4)",0.5435865260659115
2001-04-05,True,False,"(5, 2, 2, 4)",0.42925216674156846
2001-04-06,True,False,"(2, 1, 2, 4)",0.2980556033769233
2001-04-09,True,False,"(2, 1, 2, 4)",0.4046729465056943
2001-04-10,True,False,"(3, 2, 2, 4)",0.3628827112874698
2001-04-11,True,False,,
2001-04-12,True,False,"(3, 1, 2, 4)",0.2308929113354325
2001-04-16,True,False,"(4, 1, 2, 4)",0.28964821826567233
2001-04-17,True,False,"(5, 1, 2, 4)",0.2222549284225257
2001-04-18,True,False,"(2, 1, 2, 3)",0.24406501332109007
2001-04-19,True,False,"(3, 1, 2, 4)",0.37050456450825414
2001-04-20,True,False,,
2001-04-23,True,False,"(4, 1, 2, 4)",0.6608041950188599
2001-04-24,True,False,,
2001-04-25,True,False,,
2001-04-26,True,False,"(1, 1, 2, 3)",0.5513469002136533
2001-04-27,True,False,"(2, 2, 2, 4)",0.5887921312085198
2001-04-30,True,False,"(2, 2, 2, 4)",0.330233686116196
2001-05-01,True,False,"(2, 2, 2, 4)",0.4029038590636715
2001-05-02,True,False,"(2, 2, 2, 4)",0.43804924898065617
2001-05-03,True,False,"(4, 2, 2, 4)",0.3273476664300701
2001-05-04,True,False,"(4, 2, 2, 4)",0.2755626539495525
2001-05-07,True,False,"(2, 1, 2, 3)",0.39952903421609476
2001-05-08,True,False,"(5, 1, 2, 4)",0.25434758015387515
2001-05-09,True,False,,
2001-05-10,True,False,"(5, 1, 2, 3)",0.4876911319053408
2001-05-11,True,False,,
2001-05-14,True,False,"(3, 1, 2, 3)",0.46378112774461566
2001-05-15,True,False,"(2, 1, 2, 3)",0.4327897596642095
2001-05-16,True,False,"(2, 1, 2, 3)",0.17221580825659405
2001-05-17,True,False,"(1, 1, 2, 3)",0.12426802092890014
2001-05-18,True,False,"(3, 2, 2, 4)",0.23921518453937313
2001-05-21,True,False,"(4, 2, 2, 4)",0.23373056657704738
2001-05-22,True,False,"(5, 2, 2, 4)",0.314863320932447
2001-05-23,True,False,,
2001-05-24,True,False,"(5, 1, 2, 3)",0.2958397091446546
2001-05-25,True,False,,
2001-05-29,True,False,,
2001-05-30,True,False,"(1, 1, 2, 3)",0.4155638237421109
2001-05-31,True,False,"(3, 1, 2, 3)",0.26788450972617833
2001-06-01,True,False,"(2, 1, 2, 3)",0.1188512138056133
2001-06-04,True,False,"(3, 2, 2, 4)",0.11777448695393301
2001-06-05,True,False,"(2, 2, 2, 4)",0.11914980081824995
2001-06-06,True,False,"(4, 2, 2, 4)",0.14547196995645176
2001-06-07,True,False,"(3, 2, 2, 4)",0.09113183499646847
2001-06-08,True,False,"(4, 2, 2, 4)",0.10157490609575341
2001-06-11,True,False,,
2001-06-12,True,False,"(5, 1, 2, 3)",0.15358971491523157
2001-06-13,True,False,,
2001-06-14,True,False,,
2001-06-15,True,False,,
2001-06-18,True,False,,
2001-06-19,True,False,"(1, 1, 2, 3)",0.07220320040993505
2001-06-20,True,False,"(1, 1, 2, 3)",0.11943571322147586
2001-06-21,True,False,"(2, 2, 2, 4)",0.15038615024616467
2001-06-22,True,False,,
2001-06-25,True,False,,
2001-06-26,True,False,,
2001-06-27,True,False,,
2001-06-28,True,False,"(5, 1, 6, 4)",0.14128009092920707
2001-06-29,True,False,,
2001-07-02,True,False,,
2001-07-03,True,False,,
2001-07-05,True,False,,
2001-07-06,True,False,,
2001-07-09,True,False,,
2001-07-10,True,False,"(2, 1, 6, 4)",0.38905541301295515
2001-07-11,True,False,,
2001-07-12,True,False,,
2001-07-13,True,False,,
2001-07-16,True,False,,
2001-07-17,True,False,"(2, 1, 2, 4)",0.5435299870868374
2001-07-18,True,False,"(1, 1, 2, 4)",0.24959375747124926
2001-07-19,True,False,"(2, 2, 2, 4)",0.35609594417394846
2001-07-20,True,False,"(3, 2, 2, 4)",0.46110011998763095
2001-07-23,True,False,"(4, 2, 2, 4)",0.28933165575888914
2001-07-24,True,False,"(5, 2, 2, 4)",0.45327235606808897
2001-07-25,True,False,"(5, 2, 2, 4)",0.4279470053629097
2001-07-26,True,False,"(1, 1, 2, 3)",0.4816386435810916
2001-07-27,True,False,"(2, 1, 2, 3)",0.6548917695796037
2001-07-30,True,False,"(2, 1, 2, 3)",0.33686418071500707
2001-07-31,True,False,"(1, 1, 2, 3)",0.4013457169673758
2001-08-01,True,False,"(2, 2, 2, 4)",0.3867843264630004
2001-08-02,True,False,"(4, 2, 2, 4)",0.4049335450936755
2001-08-03,True,False,"(4, 2, 2, 4)",0.34336295385965415
2001-08-06,True,False,"(4, 2, 2, 4)",0.4016502438617204
2001-08-07,True,False,"(5, 2, 2, 4)",0.4738497380822983
2001-08-08,True,False,,
2001-08-09,True,False,"(4, 1, 2, 4)",0.7994275057732508
2001-08-10,True,False,"(1, 1, 2, 4)",0.870690757507002
2001-08-13,True,False,"(1, 1, 2, 3)",0.7299235509115416
2001-08-14,True,False,"(2, 2, 2, 4)",0.7439152512568152
2001-08-15,True,False,"(3, 2, 2, 4)",0.6613363884939943
2001-08-16,True,False,"(4, 2, 2, 4)",0.33906968999190595
2001-08-17,True,False,"(4, 2, 2, 4)",0.2352698420981166
2001-08-20,True,False,"(3, 2, 2, 4)",0.4451535230578621
2001-08-21,True,False,"(3, 2, 2, 4)",0.23616051902097754
2001-08-22,True,False,"(3, 2, 2, 4)",0.16323716883120745
2001-08-23,True,False,"(2, 2, 2, 4)",0.17255834796678893
2001-08-24,True,False,"(3, 2, 2, 4)",0.18757157543335712
2001-08-27,True,False,"(3, 2, 2, 4)",0.11229909079859239
2001-08-28,True,False,,
2001-08-29,True,False,,
2001-08-30,True,False,"(4, 1, 2, 3)",0.11344106901507538
2001-08-31,True,False,,
2001-09-04,True,False,,
2001-09-05,True,False,"(1, 1, 2, 4)",0.3040128054997492
2001-09-06,True,False,"(2, 1, 2, 4)",0.0672688799096426
2001-09-07,True,False,,
2001-09-10,True,False,"(3, 1, 2, 4)",0.09583992933525173
2001-09-17,True,False,"(2, 1, 2, 3)",0.09418481238965991
2001-09-18,True,False,"(5, 1, 2, 3)",0.09325543327612659
2001-09-19,True,False,,
2001-09-20,True,False,,
2001-09-21,True,False,,
2001-09-24,True,False,,
2001-09-25,True,False,"(1, 1, 6, 4)",0.8335299623278318
2001-09-26,True,False,"(1, 1, 2, 4)",0.831642210608548
2001-09-27,True,False,"(2, 2, 2, 4)",0.895443397679686
2001-09-28,True,False,"(2, 2, 2, 4)",0.7671384415202256
2001-10-01,True,False,"(2, 2, 2, 4)",0.6280485620588595
2001-10-02,True,False,"(2, 2, 2, 4)",0.4804714269451151
2001-10-03,True,False,"(3, 2, 2, 4)",0.3767849024286786
2001-10-04,True,False,"(4, 2, 2, 4)",0.47956638330319296
2001-10-05,True,False,"(4, 2, 2, 4)",0.43603093587200104
2001-10-08,True,False,"(5, 2, 2, 4)",0.4750198942663656
2001-10-09,True,False,"(5, 1, 2, 4)",0.3920394374822326
2001-10-10,True,False,,
2001-10-11,True,False,"(2, 1, 2, 3)",0.33560372457911086
2001-10-12,True,False,"(3, 1, 2, 3)",0.35125571603483274
2001-10-15,True,False,"(3, 1, 2, 3)",0.28359885576350424
2001-10-16,True,False,"(5, 1, 2, 3)",0.1783110893006739
2001-10-17,True,False,,
2001-10-18,True,False,,
2001-10-19,True,False,"(1, 1, 2, 4)",0.19442009403186114
2001-10-22,True,False,"(1, 1, 2, 3)",0.1734776892967845
2001-10-23,True,False,"(3, 2, 2, 4)",0.24202750115762312
2001-10-24,True,False,"(4, 2, 2, 4)",0.30572745896971815
2001-10-25,True,False,"(4, 2, 2, 4)",0.11954416170974883
2001-10-26,True,False,"(5, 2, 2, 4)",0.11055580112417707
2001-10-29,True,False,,
2001-10-30,True,False,,
2001-10-31,True,False,,
2001-11-01,True,False,,
2001-11-02,True,False,"(2, 1, 2, 4)",0.36390505948924906
2001-11-05,True,False,"(2, 1, 2, 4)",0.49001771081420525
2001-11-06,True,False,"(3, 2, 2, 4)",0.3826961338611686
2001-11-07,True,False,"(2, 2, 2, 4)",0.37371756088478253
2001-11-08,True,False,,
2001-11-09,True,False,"(3, 2, 2, 4)",0.6150016186990539
2001-11-12,True,False,"(4, 2, 2, 4)",0.5065637217995844
2001-11-13,True,False,"(5, 2, 2, 4)",0.5316288271632896
2001-11-14,True,False,,
2001-11-15,True,False,,
2001-11-16,True,False,"(1, 1, 2, 4)",0.7045246205652885
2001-11-19,True,False,"(2, 2, 2, 4)",0.65926013044177
2001-11-20,True,False,"(2, 2, 2, 4)",0.5559612956538974
2001-11-21,True,False,"(3, 2, 2, 4)",0.3998154106562984
2001-11-23,True,False,"(3, 2, 2, 4)",0.2321880306414389
2001-11-26,True,False,"(2, 2, 2, 4)",0.6587081457384543
2001-11-27,True,False,"(4, 2, 2, 4)",0.41518912918796247
2001-11-28,True,False,,
2001-11-29,True,False,"(4, 2, 2, 4)",0.16218708240217755
2001-11-30,True,False,"(5, 2, 2, 4)",0.11594075767385062
2001-12-03,True,False,"(5, 1, 2, 4)",0.08500013515983484
2001-12-04,True,False,,
2001-12-05,True,False,,
2001-12-06,True,False,,
2001-12-07,True,False,,
2001-12-10,True,False,,
2001-12-11,True,False,,
2001-12-12,True,False,,
2001-12-13,True,False,,
2001-12-14,True,False,,
2001-12-17,True,False,,
2001-12-18,True,False,"(2, 1, 2, 4)",0.5493203620610426
2001-12-19,True,False,"(2, 1, 2, 4)",0.23321337610813417
2001-12-20,True,False,"(3, 2, 2, 4)",0.15968808853145763
2001-12-21,True,False,"(2, 2, 2, 4)",0.11663536519868786
2001-12-24,True,False,"(2, 2, 2, 4)",0.15367614781150368
2001-12-26,True,False,"(3, 2, 2, 4)",0.14195660633332297
2001-12-27,True,False,"(4, 2, 2, 4)",0.08761299183365451
2001-12-28,True,False,"(5, 2, 2, 4)",0.09681013984978096
2001-12-31,True,False,,
2002-01-02,True,False,,
2002-01-03,True,False,,
2002-01-04,True,False,,
2002-01-07,True,False,,
2002-01-08,True,False,,
2002-01-09,True,False,,
2002-01-10,True,False,"(1, 1, 6, 4)",0.4798431780442744
2002-01-11,True,False,"(1, 1, 2, 4)",0.3967721281212167
2002-01-14,True,False,"(2, 2, 2, 4)",0.2810276317402121
2002-01-15,True,False,"(2, 2, 2, 4)",0.3255857174364668
2002-01-16,True,False,"(4, 2, 2, 4)",0.44109738981407376
2002-01-17,True,False,"(3, 2, 2, 4)",0.3206059498616143
2002-01-18,True,False,"(4, 2, 2, 4)",0.35977303381646886
2002-01-22,True,False,"(5, 2, 2, 4)",0.16596513394026177
2002-01-23,True,False,"(5, 2, 2, 4)",0.16899778656390482
2002-01-24,True,False,"(5, 2, 2, 4)",0.19716840048107293
2002-01-25,True,False,,
2002-01-28,True,False,,
2002-01-29,True,False,,
2002-01-30,True,False,"(5, 1, 2, 4)",0.3598531268641747
2002-01-31,True,False,"(1, 1, 2, 4)",0.38761442968330767
2002-02-01,True,False,"(1, 1, 2, 4)",0.3880806329831764
2002-02-04,True,False,"(4, 2, 2, 4)",0.3468299991545266
2002-02-05,True,False,"(3, 2, 2, 4)",0.3955539864155405
2002-02-06,True,False,"(3, 2, 2, 4)",0.32261778307261146
2002-02-07,True,False,,
2002-02-08,True,False,"(5, 2, 2, 4)",0.8716037558736933
2002-02-11,True,False,"(1, 1, 2, 4)",0.6841602631078555
2002-02-12,True,False,"(5, 2, 2, 4)",0.7054978207208348
2002-02-13,True,False,"(2, 1, 2, 4)",0.6966195238515125
2002-02-14,True,False,"(3, 2, 2, 4)",0.8001368932026406
2002-02-15,True,False,"(4, 2, 2, 4)",0.7825028631369019
2002-02-19,True,False,,
2002-02-20,True,False,"(4, 2, 2, 4)",0.5817673481511398
2002-02-21,True,False,"(2, 1, 2, 3)",0.7404213889797786
2002-02-22,True,False,"(4, 2, 2, 4)",0.5074196258750703
2002-02-25,True,False,"(1, 1, 2, 3)",0.4377630546215791
2002-02-26,True,False,"(2, 1, 2, 3)",0.5689471539910027
2002-02-27,True,False,"(2, 1, 2, 3)",0.3369095606620675
2002-02-28,True,False,"(5, 2, 2, 4)",0.2774548246038787
2002-03-01,True,False,"(4, 2, 2, 4)",0.2753227116779213
2002-03-04,True,False,"(3, 2, 2, 4)",0.3343827375085975
2002-03-05,True,False,"(3, 2, 2, 4)",0.5164791376272043
2002-03-06,True,False,"(3, 2, 2, 4)",0.4166028976758228
2002-03-07,True,False,"(4, 2, 2, 4)",0.19453105265374915
2002-03-08,True,False,"(5, 2, 2, 4)",0.1901703368318861
2002-03-11,True,False,"(5, 1, 2, 3)",0.255675679585092
2002-03-12,True,False,,
2002-03-13,True,False,,
2002-03-14,True,False,"(2, 1, 2, 3)",0.26199812929029276
2002-03-15,True,False,"(2, 1, 2, 4)",0.17019377058801544
2002-03-18,True,False,"(3, 2, 2, 4)",0.1170396587275197
2002-03-19,True,False,"(4, 2, 2, 4)",0.13533770128793254
2002-03-20,True,False,,
2002-03-21,True,False,"(4, 2, 2, 4)",0.19202945911818214
2002-03-22,True,False,"(5, 2, 2, 4)",0.12269482454447939
2002-03-25,True,False,,
2002-03-26,True,False,"(2, 1, 2, 4)",0.10460216896088023
2002-03-27,True,False,,
2002-03-28,True,False,,
2002-04-01,True,False,,
2002-04-02,True,False,,
2002-04-03,True,False,,
2002-04-04,True,False,,
2002-04-05,True,False,,
2002-04-08,True,False,,
2002-04-09,True,False,,
2002-04-10,True,False,,
2002-04-11,True,False,"(2, 1, 6, 4)",0.30262409590260175
2002-04-12,True,False,"(2, 1, 2, 4)",0.1796714219273665
2002-04-15,True,False,"(3, 1, 2, 4)",0.14070467791863753
2002-04-16,True,False,"(4, 1, 2, 4)",0.10211233914074545
2002-04-17,True,False,"(4, 1, 2, 4)",0.18422336911156886
2002-04-18,True,False,"(2, 1, 2, 4)",0.06374965630528572
2002-04-19,True,False,"(1, 1, 2, 4)",0.06052828170278099
2002-04-22,True,False,"(4, 1, 2, 4)",0.06299164212190843
2002-04-23,True,False,,
2002-04-24,True,False,,
2002-04-25,True,False,,
2002-04-26,True,False,,
2002-04-29,True,False,,
2002-04-30,True,False,,
2002-05-01,True,False,"(1, 1, 2, 4)",0.06519158657831667
2002-05-02,True,False,"(2, 1, 2, 4)",0.1033268268172546
2002-05-03,True,False,"(3, 1, 2, 4)",0.12379941557564068
2002-05-06,True,False,"(5, 1, 6, 4)",0.13297992154648777
2002-05-07,True,False,,
2002-05-08,True,False,"(5, 1, 2, 4)",0.1891324368871908
2002-05-09,True,False,"(2, 1, 6, 4)",0.26254532756601007
2002-05-10,True,False,,
2002-05-13,True,False,,
2002-05-14,True,False,"(1, 1, 2, 4)",0.10530151150984891
2002-05-15,True,False,,
2002-05-16,True,False,"(2, 1, 2, 4)",0.26008538943973813
2002-05-17,True,False,"(1, 1, 2, 4)",0.08712170296976476
2002-05-20,True,False,"(2, 1, 2, 4)",0.08655062666049078
2002-05-21,True,False,,
2002-05-22,True,False,,
2002-05-23,True,False,"(1, 1, 2, 4)",0.06993182310296153
2002-05-24,True,False,"(3, 1, 2, 4)",0.08287296614922242
2002-05-28,True,False,,
2002-05-29,True,False,"(3, 1, 2, 4)",0.05859003503174154
2002-05-30,True,False,,
2002-05-31,True,False,,
2002-06-03,True,False,,
2002-06-04,True,False,,
2002-06-05,True,False,"(3, 1, 2, 4)",0.06443530534216489
2002-06-06,True,False,,
2002-06-07,True,False,,
2002-06-10,True,False,,
2002-06-11,True,False,,
2002-06-12,True,False,,
2002-06-13,True,False,,
2002-06-14,True,False,,
2002-06-17,True,False,"(1, 1, 2, 4)",0.1712957452515688
2002-06-18,True,False,"(2, 2, 2, 4)",0.0963158549783747
2002-06-19,True,False,"(3, 2, 2, 4)",0.07219961645276839
2002-06-20,True,False,"(4, 1, 2, 4)",0.06629279641841793
2002-06-21,True,False,,
2002-06-24,True,False,,
2002-06-25,True,False,,
2002-06-26,True,False,,
2002-06-27,True,False,,
2002-06-28,True,False,,
2002-07-01,True,False,"(2, 1, 6, 4)",0.11047041520187606
2002-07-02,True,False,"(2, 1, 6, 4)",0.03737528486415751
2002-07-03,True,False,,
2002-07-05,True,False,"(3, 1, 6, 4)",0.0618394128928665
2002-07-08,True,False,"(2, 1, 2, 4)",0.035377979664405826
2002-07-09,True,False,,
2002-07-10,True,False,,
2002-07-11,True,False,,
2002-07-12,True,False,,
2002-07-15,True,False,,
2002-07-16,True,False,,
2002-07-17,True,False,,
2002-07-18,True,False,,
2002-07-19,True,False,,
2002-07-22,True,False,,
2002-07-23,True,False,"(1, 1, 6, 2)",0.8977539097146262
2002-07-24,True,False,"(1, 1, 2, 2)",0.9128026027977524
2002-07-25,True,False,"(2, 2, 2, 4)",0.8429850044288807
2002-07-26,True,False,"(2, 2, 2, 4)",0.7488800790867941
2002-07-29,True,False,"(2, 2, 2, 4)",0.6436607258788193
2002-07-30,True,False,"(2, 2, 2, 4)",0.6237332878283827
2002-07-31,True,False,"(3, 2, 2, 4)",0.6204606391101014
2002-08-01,True,False,"(3, 2, 2, 4)",0.6220815102717385
2002-08-02,True,False,"(4, 2, 2, 4)",0.5663059190936651
2002-08-05,True,False,,
2002-08-06,True,False,"(4, 1, 2, 4)",0.8303093872414038
2002-08-07,True,False,"(1, 1, 2, 4)",0.8529459324873943
2002-08-08,True,False,"(1, 1, 2, 4)",0.7540729576955792
2002-08-09,True,False,"(2, 2, 2, 4)",0.5963702849832059
2002-08-12,True,False,"(2, 2, 2, 4)",0.3881859915813516
2002-08-13,True,False,"(4, 2, 2, 4)",0.38889466921905247
2002-08-14,True,False,"(4, 2, 2, 4)",0.30616998827365716
2002-08-15,True,False,"(4, 2, 2, 4)",0.20371349339910166
2002-08-16,True,False,"(5, 2, 2, 4)",0.16418441530760966
2002-08-19,True,False,"(3, 1, 2, 3)",0.1517408631319129
2002-08-20,True,False,"(2, 1, 2, 3)",0.11399831408524616
2002-08-21,True,False,"(5, 1, 2, 3)",0.10826355379715283
2002-08-22,True,False,,
2002-08-23,True,False,,
2002-08-26,True,False,"(2, 1, 2, 3)",0.12545474662847375
2002-08-27,True,False,,
2002-08-28,True,False,,
2002-08-29,True,False,,
2002-08-30,True,False,,
2002-09-03,True,False,,
2002-09-04,True,False,,
2002-09-05,True,False,,
2002-09-06,True,False,,
2002-09-09,True,False,,
2002-09-10,True,False,"(2, 1, 2, 4)",0.07230092000445498
2002-09-11,True,False,"(3, 1, 2, 4)",0.06535774209044025
2002-09-12,True,False,"(4, 1, 2, 4)",0.057174279684986756
2002-09-13,True,False,"(4, 1, 2, 4)",0.05764427160012488
2002-09-16,True,False,"(1, 1, 2, 4)",0.07534784573505543
2002-09-17,True,False,,
2002-09-18,True,False,"(2, 1, 2, 4)",0.0631921166832759
2002-09-19,True,False,,
2002-09-20,True,False,"(4, 1, 6, 4)",0.21093282635617336
2002-09-23,True,False,,
2002-09-24,True,False,,
2002-09-25,True,False,,
2002-09-26,True,False,"(1, 1, 2, 4)",0.18096522037159876
2002-09-27,True,False,"(3, 1, 6, 4)",0.34994702336000827
2002-09-30,True,False,,
2002-10-01,True,False,"(3, 1, 2, 4)",0.2583427642266684
2002-10-02,True,False,"(2, 1, 2, 4)",0.265201718497552
2002-10-03,True,False,"(5, 1, 2, 4)",0.4331666674989046
2002-10-04,True,False,,
2002-10-07,True,False,,
2002-10-08,True,False,,
2002-10-09,True,False,"(2, 1, 2, 4)",0.3554064816848859
2002-10-10,True,False,"(2, 1, 2, 4)",0.7062099650107437
2002-10-11,True,False,"(1, 1, 2, 4)",0.5629438503365849
2002-10-14,True,False,"(4, 2, 2, 4)",0.21430318984346755
2002-10-15,True,False,"(2, 2, 2, 4)",0.380616216007408
2002-10-16,True,False,"(3, 2, 2, 4)",0.31788007332610907
2002-10-17,True,False,"(3, 2, 2, 4)",0.2502286764021794
2002-10-18,True,False,"(4, 2, 2, 4)",0.12140946540923124
2002-10-21,True,False,"(5, 2, 2, 4)",0.17898423026584928
2002-10-22,True,False,"(2, 2, 2, 4)",0.20376577289808556
2002-10-23,True,False,"(3, 1, 2, 4)",0.12783189894957458
2002-10-24,True,False,"(5, 1, 2, 3)",0.21040744212845433
2002-10-25,True,False,"(4, 1, 2, 4)",0.15912793513754425
2002-10-28,True,False,,
2002-10-29,True,False,,
2002-10-30,True,False,"(1, 1, 2, 4)",0.12050533978566455
2002-10-31,True,False,,
2002-11-01,True,False,"(2, 1, 2, 4)",0.12513806978259212
2002-11-04,True,False,,
2002-11-05,True,False,"(2, 1, 2, 4)",0.15970478363270213
2002-11-06,True,False,"(3, 1, 2, 4)",0.17056736075602966
2002-11-07,True,False,"(4, 1, 2, 4)",0.13507384985798362
2002-11-08,True,False,,
2002-11-11,True,False,,
2002-11-12,True,False,,
2002-11-13,True,False,,
2002-11-14,True,False,"(1, 1, 2, 4)",0.2671985742066118
2002-11-15,True,False,"(1, 1, 2, 4)",0.18486157365378747
2002-11-18,True,False,"(2, 2, 2, 4)",0.16972728960060915
2002-11-19,True,False,"(2, 1, 2, 4)",0.09627207762321936
2002-11-20,True,False,"(3, 2, 2, 4)",0.08074983529789614
2002-11-21,True,False,,
2002-11-22,True,False,,
2002-11-25,True,False,,
2002-11-26,True,False,,
2002-11-27,True,False,,
2002-11-29,True,False,"(2, 1, 2, 4)",0.24832972455824195
2002-12-02,True,False,,
2002-12-03,True,False,"(3, 1, 2, 4)",0.3621127817631812
2002-12-04,True,False,"(1, 1, 2, 4)",0.25249360742220045
2002-12-05,True,False,"(2, 1, 2, 4)",0.23195388342667866
2002-12-06,True,False,"(2, 1, 2, 4)",0.22545240445952042
2002-12-09,True,False,"(3, 1, 2, 4)",0.22459802373673246
2002-12-10,True,False,"(4, 1, 2, 4)",0.1710859133506925
2002-12-11,True,False,"(5, 2, 2, 4)",0.12187886359195803
2002-12-12,True,False,"(3, 1, 2, 4)",0.17929860452895463
2002-12-13,True,False,"(3, 1, 2, 4)",0.20810669010077432
2002-12-16,True,False,"(1, 1, 2, 4)",0.157798608863426
2002-12-17,True,False,,
2002-12-18,True,False,,
2002-12-19,True,False,,
2002-12-20,True,False,,
2002-12-23,True,False,"(1, 1, 2, 4)",0.34938015001809736
2002-12-24,True,False,"(2, 2, 6, 4)",0.3152839016879768
2002-12-26,True,False,"(3, 2, 2, 4)",0.4076402926608719
2002-12-27,True,False,,
2002-12-30,True,False,"(4, 1, 2, 4)",0.5083010323813733
2002-12-31,True,False,,
2003-01-02,True,False,,
2003-01-03,True,False,"(2, 1, 2, 4)",0.19495401127628886
2003-01-06,True,False,"(2, 1, 2, 4)",0.2918161746525305
2003-01-07,True,False,"(4, 2, 2, 4)",0.3213008084381226
2003-01-08,True,False,"(5, 2, 2, 4)",0.3043978495303848
2003-01-09,True,False,"(5, 2, 2, 4)",0.17643711839596507
2003-01-10,True,False,"(1, 1, 2, 4)",0.12500532184921173
2003-01-13,True,False,"(2, 2, 2, 4)",0.10283774932057169
2003-01-14,True,False,"(2, 2, 2, 4)",0.08713890123783993
2003-01-15,True,False,"(5, 2, 2, 4)",0.07992522476233963
2003-01-16,True,False,"(3, 2, 2, 4)",0.07368184157683609
2003-01-17,True,False,"(3, 2, 2, 4)",0.060102439346406106
2003-01-21,True,False,"(4, 2, 2, 4)",0.048555893003144224
2003-01-22,True,False,,
2003-01-23,True,False,,
2003-01-24,True,False,,
2003-01-27,True,False,,
2003-01-28,True,False,,
2003-01-29,True,False,,
2003-01-30,True,False,,
2003-01-31,True,False,,
2003-02-03,True,False,"(1, 1, 6, 4)",0.15680754269848432
2003-02-04,True,False,"(2, 2, 6, 4)",0.09945502036246781
2003-02-05,True,False,"(4, 1, 6, 4)",0.09470146659536689
2003-02-06,True,False,"(5, 1, 6, 4)",0.13770591902189624
2003-02-07,True,False,,
2003-02-10,True,False,"(4, 1, 2, 4)",0.16006666468954506
2003-02-11,True,False,,
2003-02-12,True,False,,
2003-02-13,True,False,,
2003-02-14,True,False,"(1, 1, 2, 4)",0.21076290098706718
2003-02-18,True,False,"(2, 2, 2, 4)",0.08731523475968996
2003-02-19,True,False,"(3, 2, 2, 4)",0.048068676579684104
2003-02-20,True,False,"(4, 1, 2, 3)",0.13062140544263295
2003-02-21,True,False,"(3, 1, 2, 3)",0.11838266029026794
2003-02-24,True,False,,
2003-02-25,True,False,"(5, 1, 2, 3)",0.06079528394988091
2003-02-26,True,False,,
2003-02-27,True,False,,
2003-02-28,True,False,,
2003-03-03,True,False,,
2003-03-04,True,False,,
2003-03-05,True,False,,
2003-03-06,True,False,,
2003-03-07,True,False,,
2003-03-10,True,False,,
2003-03-11,True,False,,
2003-03-12,True,False,"(1, 1, 2, 2)",0.9538013612998307
2003-03-13,True,False,"(1, 1, 2, 4)",0.6808702936050124
2003-03-14,True,False,"(2, 2, 2, 4)",0.38760512485981663
2003-03-17,True,False,"(3, 2, 2, 4)",0.2376529495093065
2003-03-18,True,False,"(3, 2, 2, 4)",0.21116881944980798
2003-03-19,True,False,"(4, 2, 2, 4)",0.11609526687621383
2003-03-20,True,False,"(3, 2, 2, 4)",0.12250336152879446
2003-03-21,True,False,"(4, 2, 2, 4)",0.15252408748646687
2003-03-24,True,False,"(4, 2, 2, 4)",0.0958593947813742
2003-03-25,True,False,"(4, 2, 2, 4)",0.19145050470044211
2003-03-26,True,False,,
2003-03-27,True,False,"(4, 1, 2, 3)",0.08224340562090553
2003-03-28,True,False,,
2003-03-31,True,False,,
2003-04-01,True,False,,
2003-04-02,True,False,,
2003-04-03,True,False,"(2, 1, 2, 3)",0.3107663947804923
2003-04-04,True,False,"(2, 1, 2, 4)",0.5015332312596854
2003-04-07,True,False,,
2003-04-08,True,False,,
2003-04-09,True,False,"(2, 1, 2, 4)",0.32186916914714186
2003-04-10,True,False,"(2, 1, 2, 4)",0.43835648082143475
2003-04-11,True,False,"(1, 1, 2, 4)",0.20552342284932656
2003-04-14,True,False,"(1, 1, 2, 3)",0.2505709054219331
2003-04-15,True,False,"(2, 2, 2, 4)",0.36759227240546377
2003-04-16,True,False,,
2003-04-17,True,False,"(3, 2, 2, 4)",0.28615423069141105
2003-04-21,True,False,"(4, 2, 2, 4)",0.2826711903728219
2003-04-22,True,False,"(5, 2, 2, 4)",0.2679702830759823
2003-04-23,True,False,"(2, 1, 2, 4)",0.2855312270170884
2003-04-24,True,False,"(3, 1, 2, 3)",0.3610952092705799
2003-04-25,True,False,,
2003-04-28,True,False,,
2003-04-29,True,False,"(1, 1, 2, 3)",0.390846090255301
2003-04-30,True,False,"(2, 1, 2, 3)",0.4097176077458541
2003-05-01,True,False,"(4, 1, 2, 3)",0.3322735169116057
2003-05-02,True,False,"(3, 1, 2, 4)",0.593475093033974
2003-05-05,True,False,"(2, 1, 6, 3)",0.26978184626654916
2003-05-06,True,False,"(2, 1, 6, 4)",0.5984010866973416
2003-05-07,True,False,"(1, 1, 2, 4)",0.6979070907537853
2003-05-08,True,False,"(3, 1, 2, 4)",0.4955856839511401
2003-05-09,True,False,"(2, 1, 2, 4)",0.5243668546590826
2003-05-12,True,False,"(3, 2, 2, 4)",0.42876369472394954
2003-05-13,True,False,"(2, 1, 2, 3)",0.4769074255147993
2003-05-14,True,False,"(4, 1, 2, 3)",0.49888695959876433
2003-05-15,True,False,"(4, 2, 2, 4)",0.5370325250512762
2003-05-16,True,False,"(5, 2, 2, 4)",0.47299431703702427
2003-05-19,True,False,,
2003-05-20,True,False,,
2003-05-21,True,False,"(1, 1, 2, 3)",0.9061733800013692
2003-05-22,True,False,"(1, 1, 2, 3)",0.8442655492135939
2003-05-23,True,False,"(2, 1, 2, 3)",0.8393735715571831
2003-05-27,True,False,"(3, 2, 2, 4)",0.8420115896717908
2003-05-28,True,False,"(1, 1, 2, 3)",0.8725228149384667
2003-05-29,True,False,"(2, 1, 2, 3)",0.6990793395999059
2003-05-30,True,False,"(2, 1, 2, 3)",0.8119874671399779
2003-06-02,True,False,"(2, 1, 2, 3)",0.8883322486671986
2003-06-03,True,False,"(2, 1, 2, 3)",0.7117858783370926
2003-06-04,True,False,"(3, 2, 2, 4)",0.6336220865936796
2003-06-05,True,False,"(2, 2, 2, 4)",0.6118100448274215
2003-06-06,True,False,"(3, 1, 2, 3)",0.5294354624635608
2003-06-09,True,False,"(4, 2, 2, 4)",0.3332859672023006
2003-06-10,True,False,"(4, 2, 2, 4)",0.36335294692445685
2003-06-11,True,False,"(5, 2, 2, 4)",0.45092914365403236
2003-06-12,True,False,"(2, 2, 2, 4)",0.29386289395238163
2003-06-13,True,False,"(3, 2, 2, 4)",0.22627649596115013
2003-06-16,True,False,"(3, 2, 2, 4)",0.18201800555580322
2003-06-17,True,False,"(3, 2, 2, 4)",0.09730748218781568
2003-06-18,True,False,"(4, 2, 2, 4)",0.07651769822663879
2003-06-19,True,False,"(5, 2, 2, 4)",0.15914628575970347
2003-06-20,True,False,"(4, 1, 2, 3)",0.25213246384485255
2003-06-23,True,False,,
2003-06-24,True,False,,
2003-06-25,True,False,,
2003-06-26,True,False,"(2, 1, 2, 4)",0.2387818954647685
2003-06-27,True,False,"(3, 1, 6, 4)",0.3007965798907984
2003-06-30,True,False,,
2003-07-01,True,False,"(1, 1, 2, 4)",0.2090694080501142
2003-07-02,True,False,"(1, 1, 2, 4)",0.14521403904143468
2003-07-03,True,False,"(2, 2, 2, 4)",0.10613529528029263
2003-07-07,True,False,"(3, 2, 2, 4)",0.13368274536748695
2003-07-08,True,False,"(3, 2, 2, 4)",0.12032677347729473
2003-07-09,True,False,,
2003-07-10,True,False,,
2003-07-11,True,False,"(4, 2, 2, 4)",0.19206448940022472
2003-07-14,True,False,"(5, 2, 2, 4)",0.19383107659830265
2003-07-15,True,False,"(2, 1, 2, 4)",0.20733131606432567
2003-07-16,True,False,,
2003-07-17,True,False,,
2003-07-18,True,False,"(3, 1, 2, 4)",0.17227093885671774
2003-07-21,True,False,"(2, 1, 2, 4)",0.13207435463456288
2003-07-22,True,False,"(2, 1, 2, 4)",0.1428275422917474
2003-07-23,True,False,"(2, 1, 2, 4)",0.15023054311040554
2003-07-24,True,False,,
2003-07-25,True,False,"(3, 1, 2, 4)",0.1627746248191982
2003-07-28,True,False,"(2, 1, 2, 4)",0.1987676461995181
2003-07-29,True,False,,
2003-07-30,True,False,,
2003-07-31,True,False,"(2, 1, 2, 4)",0.27464791223225904
2003-08-01,True,False,,
2003-08-04,True,False,,
2003-08-05,True,False,,
2003-08-06,True,False,,
2003-08-07,True,False,"(1, 1, 6, 4)",0.6258265340107209
2003-08-08,True,False,"(1, 1, 2, 4)",0.4216066145922531
2003-08-11,True,False,"(2, 2, 2, 4)",0.42842631412084786
2003-08-12,True,False,"(3, 2, 2, 4)",0.329404230479459
2003-08-13,True,False,"(3, 2, 2, 4)",0.32219986756942953
2003-08-14,True,False,"(4, 2, 2, 4)",0.35952648502275664
2003-08-15,True,False,"(3, 2, 2, 4)",0.3880245961088474
2003-08-18,True,False,"(2, 2, 2, 4)",0.47654433654909933
2003-08-19,True,False,"(4, 2, 2, 4)",0.32276056658297236
2003-08-20,True,False,"(5, 2, 2, 4)",0.3886854950264007
2003-08-21,True,False,"(4, 2, 2, 4)",0.48834541645580315
2003-08-22,True,False,,
2003-08-25,True,False,"(5, 1, 6, 3)",0.49697504260634345
2003-08-26,True,False,"(1, 1, 2, 3)",0.5402021991635961
2003-08-27,True,False,"(1, 1, 7, 2)",0.7714460810651387
2003-08-28,True,False,"(2, 2, 2, 4)",0.7246428099509578
2003-08-29,True,False,"(2, 2, 2, 4)",0.33081438058565904
2003-09-02,True,False,"(2, 2, 2, 4)",0.18100638093335833
2003-09-03,True,False,"(2, 2, 2, 4)",0.21022715993571667
2003-09-04,True,False,"(2, 2, 2, 4)",0.3386791774626264
2003-09-05,True,False,"(4, 2, 2, 4)",0.24340247015222707
2003-09-08,True,False,"(3, 2, 2, 4)",0.28481439039696693
2003-09-09,True,False,,
2003-09-10,True,False,,
2003-09-11,True,False,"(5, 1, 2, 3)",0.23608900252284326
2003-09-12,True,False,"(1, 1, 2, 3)",0.2459946618234494
2003-09-15,True,False,"(2, 2, 2, 4)",0.2787513594666821
2003-09-16,True,False,"(2, 1, 2, 3)",0.18181996928202096
2003-09-17,True,False,"(1, 1, 2, 4)",0.17488307316143142
2003-09-18,True,False,"(1, 1, 2, 4)",0.08147300053944048
2003-09-19,True,False,"(2, 2, 2, 4)",0.16017583147772413
2003-09-22,True,False,"(4, 2, 2, 4)",0.29714521313119857
2003-09-23,True,False,"(4, 2, 2, 4)",0.2791032179318049
2003-09-24,True,False,,
2003-09-25,True,False,,
2003-09-26,True,False,,
2003-09-29,True,False,,
2003-09-30,True,False,,
2003-10-01,True,False,,
2003-10-02,True,False,"(2, 1, 7, 4)",0.7740016219949352
2003-10-03,True,False,"(2, 1, 2, 3)",0.7117673331831055
2003-10-06,True,False,"(3, 2, 2, 4)",0.42982612010490545
2003-10-07,True,False,"(2, 2, 2, 4)",0.4543635263267715
2003-10-08,True,False,"(2, 1, 2, 3)",0.5136992605956103
2003-10-09,True,False,"(2, 1, 2, 3)",0.49796595651130127
2003-10-10,True,False,"(4, 2, 2, 4)",0.2853268689168391
2003-10-13,True,False,"(5, 2, 2, 4)",0.3703887478956826
2003-10-14,True,False,"(5, 2, 2, 4)",0.40355897570343474
2003-10-15,True,False,"(2, 2, 2, 4)",0.3390943934557689
2003-10-16,True,False,"(3, 2, 2, 4)",0.3272977542157614
2003-10-17,True,False,"(5, 2, 2, 4)",0.342192343406616
2003-10-20,True,False,"(5, 2, 2, 4)",0.2767626017989218
2003-10-21,True,False,,
2003-10-22,True,False,,
2003-10-23,True,False,,
2003-10-24,True,False,,
2003-10-27,True,False,,
2003-10-28,True,False,,
2003-10-29,True,False,"(1, 1, 2, 4)",0.34768588501035697
2003-10-30,True,False,"(2, 2, 2, 4)",0.4950585964935052
2003-10-31,True,False,"(3, 2, 2, 4)",0.3283467409919508
2003-11-03,True,False,"(3, 2, 2, 4)",0.31668675986231026
2003-11-04,True,False,"(2, 2, 2, 4)",0.24009593141578228
2003-11-05,True,False,"(3, 2, 2, 4)",0.25905613276971695
2003-11-06,True,False,"(4, 2, 2, 4)",0.23702587288785462
2003-11-07,True,False,"(5, 2, 2, 4)",0.28363395972884997
2003-11-10,True,False,"(5, 1, 2, 3)",0.2534940773190843
2003-11-11,True,False,,
2003-11-12,True,False,"(1, 1, 2, 3)",0.08722721459041236
2003-11-13,True,False,,
2003-11-14,True,False,,
2003-11-17,True,False,"(3, 1, 2, 3)",0.22830799225321868
2003-11-18,True,False,,
2003-11-19,True,False,"(5, 1, 2, 4)",0.3613116384693405
2003-11-20,True,False,,
2003-11-21,True,False,"(2, 1, 7, 4)",0.4587691277445901
2003-11-24,True,False,"(1, 1, 2, 4)",0.23894751174335055
2003-11-25,True,False,"(1, 1, 2, 4)",0.19805379339912363
2003-11-26,True,False,"(2, 2, 2, 4)",0.18209044851415748
2003-11-28,True,False,"(3, 2, 2, 4)",0.1688581968273832
2003-12-01,True,False,"(3, 2, 2, 4)",0.21857417034801782
2003-12-02,True,False,,
2003-12-03,True,False,"(5, 2, 2, 4)",0.17934208780451727
2003-12-04,True,False,"(1, 1, 2, 4)",0.3020955796890157
2003-12-05,True,False,"(2, 1, 2, 4)",0.24312705952388683
2003-12-08,True,False,"(2, 1, 2, 4)",0.4332274901294353
2003-12-09,True,False,,
2003-12-10,True,False,,
2003-12-11,True,False,,
2003-12-12,True,False,,
2003-12-15,True,False,"(4, 1, 2, 4)",0.37992848077823765
2003-12-16,True,False,"(2, 1, 2, 4)",0.3931778918681155
2003-12-17,True,False,"(3, 2, 2, 4)",0.3893293988478125
2003-12-18,True,False,"(2, 1, 2, 3)",0.28037248590164165
2003-12-19,True,False,"(3, 2, 2, 4)",0.4294098705990168
2003-12-22,True,False,"(4, 2, 2, 4)",0.47990453667210015
2003-12-23,True,False,"(3, 2, 2, 4)",0.3949188483291741
2003-12-24,True,False,"(3, 2, 7, 4)",0.4988599751773102
2003-12-26,True,False,"(3, 2, 7, 4)",0.4115755341481616
2003-12-29,True,False,"(4, 2, 2, 4)",0.3291900612374059
2003-12-30,True,False,"(4, 2, 2, 4)",0.2345047599315737
2003-12-31,True,False,"(2, 2, 2, 4)",0.18278982392705512
2004-01-02,True,False,"(4, 1, 2, 3)",0.24474289470935584
2004-01-05,True,False,"(3, 2, 2, 4)",0.2530080647590774
2004-01-06,True,False,"(4, 2, 2, 4)",0.20640363469924153
2004-01-07,True,False,"(5, 2, 2, 4)",0.18343447339299504
2004-01-08,True,False,"(5, 1, 2, 3)",0.26197722156793285
2004-01-09,True,False,,
2004-01-12,True,False,,
2004-01-13,True,False,,
2004-01-14,True,False,,
2004-01-15,True,False,"(1, 1, 2, 4)",0.41252461250061817
2004-01-16,True,False,"(2, 2, 2, 4)",0.5221027724051889
2004-01-20,True,False,"(4, 1, 2, 4)",0.6180452475133548
2004-01-21,True,False,"(3, 1, 2, 4)",0.7668456534102356
2004-01-22,True,False,"(4, 2, 7, 4)",0.7310739185146583
2004-01-23,True,False,"(5, 2, 2, 4)",0.8365090746964482
2004-01-26,True,False,"(3, 2, 2, 4)",0.44343067095706235
2004-01-27,True,False,"(2, 1, 7, 2)",0.558052585094521
2004-01-28,True,False,"(4, 2, 2, 4)",0.6585688425187232
2004-01-29,True,False,"(4, 2, 2, 4)",0.7048455494445
2004-01-30,True,False,"(5, 2, 7, 4)",0.7572659218989772
2004-02-02,True,False,"(2, 1, 2, 3)",0.8691692688856908
2004-02-03,True,False,"(1, 1, 2, 3)",0.8877284836731094
2004-02-04,True,False,"(1, 1, 2, 3)",0.8878549224803768
2004-02-05,True,False,"(1, 1, 2, 3)",0.8770943452724942
2004-02-06,True,False,"(1, 1, 2, 3)",0.8203715746487277
2004-02-09,True,False,"(1, 1, 2, 3)",0.8377559841509262
2004-02-10,True,False,"(1, 1, 2, 3)",0.7717710172226582
2004-02-11,True,False,"(2, 1, 2, 3)",0.7290454950957777
2004-02-12,True,False,"(2, 1, 2, 3)",0.7088715580223645
2004-02-13,True,False,,
2004-02-17,True,False,"(2, 1, 2, 3)",0.8349064561366402
2004-02-18,True,False,"(3, 2, 2, 4)",0.7558014088614655
2004-02-19,True,False,"(2, 1, 2, 3)",0.7870310037305258
2004-02-20,True,False,"(3, 2, 2, 4)",0.5585607069323535
2004-02-23,True,False,"(2, 2, 2, 4)",0.5340253809860867
2004-02-24,True,False,"(3, 1, 2, 3)",0.5562219897623257
2004-02-25,True,False,"(3, 2, 2, 4)",0.5260759298704447
2004-02-26,True,False,"(4, 2, 2, 4)",0.3765584342050918
2004-02-27,True,False,"(5, 2, 2, 4)",0.3270441952083349
2004-03-01,True,False,"(5, 2, 2, 4)",0.24325179796984028
2004-03-02,True,False,"(2, 2, 2, 4)",0.2641267610042352
2004-03-03,True,False,"(3, 2, 2, 4)",0.09618524065069746
2004-03-04,True,False,"(4, 2, 2, 4)",0.06896925679145428
2004-03-05,True,False,"(5, 2, 2, 4)",0.07155175826058104
2004-03-08,True,False,"(5, 1, 2, 4)",0.06290419867049528
2004-03-09,True,False,,
2004-03-10,True,False,,
2004-03-11,True,False,,
2004-03-12,True,False,,
2004-03-15,True,False,,
2004-03-16,True,False,,
2004-03-17,True,False,"(1, 1, 6, 4)",0.29598669118567555
2004-03-18,True,False,"(2, 1, 2, 4)",0.16616189750186433
2004-03-19,True,False,"(3, 1, 6, 4)",0.20443484468673045
2004-03-22,True,False,,
2004-03-23,True,False,,
2004-03-24,True,False,,
2004-03-25,True,False,"(1, 1, 2, 4)",0.48812388363848463
2004-03-26,True,False,"(2, 2, 6, 4)",0.6293034004897119
2004-03-29,True,False,"(2, 1, 2, 4)",0.3563616093262411
2004-03-30,True,False,"(3, 2, 2, 4)",0.4091742753604177
2004-03-31,True,False,"(2, 2, 2, 4)",0.3500202042040511
2004-04-01,True,False,"(3, 2, 2, 4)",0.45064429499384384
2004-04-02,True,False,"(4, 2, 2, 4)",0.31760299159501776
2004-04-05,True,False,"(5, 2, 2, 4)",0.2607318145556021
2004-04-06,True,False,"(5, 2, 2, 4)",0.403251531836571
2004-04-07,True,False,"(2, 2, 2, 4)",0.3566656109817491
2004-04-08,True,False,"(4, 2, 2, 4)",0.3152730077689766
2004-04-12,True,False,"(4, 2, 6, 4)",0.36457178355951575
2004-04-13,True,False,,
2004-04-14,True,False,"(5, 1, 2, 3)",0.3262345818366924
2004-04-15,True,False,"(1, 1, 2, 3)",0.3063482801924343
2004-04-16,True,False,"(1, 1, 2, 3)",0.2946796549411962
2004-04-19,True,False,"(2, 2, 2, 4)",0.36171531842346893
2004-04-20,True,False,"(3, 2, 2, 4)",0.43053540714776783
2004-04-21,True,False,"(3, 2, 2, 4)",0.34194910088300084
2004-04-22,True,False,"(4, 2, 2, 4)",0.23418359647460826
2004-04-23,True,False,"(4, 2, 2, 4)",0.2698498620492293
2004-04-26,True,False,"(3, 2, 2, 4)",0.311256406607563
2004-04-27,True,False,"(3, 2, 2, 4)",0.19581542696961546
2004-04-28,True,False,,
2004-04-29,True,False,"(4, 2, 2, 4)",0.22123521006586794
2004-04-30,True,False,"(5, 2, 2, 4)",0.18014014897903324
2004-05-03,True,False,"(1, 1, 2, 4)",0.07791535981399034
2004-05-04,True,False,"(2, 2, 2, 4)",0.11241151307651759
2004-05-05,True,False,"(2, 1, 2, 4)",0.09132216703695474
2004-05-06,True,False,"(5, 1, 2, 4)",0.0496504971695202
2004-05-07,True,False,,
2004-05-10,True,False,,
2004-05-11,True,False,,
2004-05-12,True,False,,
2004-05-13,True,False,,
2004-05-14,True,False,,
2004-05-17,True,False,,
2004-05-18,True,False,"(2, 1, 6, 4)",0.6293796700574642
2004-05-19,True,False,,
2004-05-20,True,False,,
2004-05-21,True,False,"(1, 1, 2, 4)",0.7517980425986247
2004-05-24,True,False,,
2004-05-25,True,False,"(2, 1, 2, 4)",0.8262798715488902
2004-05-26,True,False,"(1, 1, 6, 4)",0.7809148724936962
2004-05-27,True,False,"(2, 2, 2, 4)",0.6705079205194776
2004-05-28,True,False,"(2, 2, 6, 4)",0.5514345730990942
2004-06-01,True,False,"(3, 2, 2, 4)",0.5478961767107597
2004-06-02,True,False,"(4, 2, 2, 4)",0.6205825174438445
2004-06-03,True,False,"(4, 2, 2, 4)",0.4218016387655734
2004-06-04,True,False,"(5, 2, 2, 4)",0.4998144537038008
2004-06-07,True,False,"(1, 1, 2, 4)",0.410809362228245
2004-06-08,True,False,"(4, 2, 2, 4)",0.45691774891734027
2004-06-09,True,False,"(2, 2, 2, 4)",0.2549075078715897
2004-06-10,True,False,"(3, 2, 2, 4)",0.20775041374766215
2004-06-14,True,False,"(5, 2, 2, 4)",0.15099164366005283
2004-06-15,True,False,"(5, 2, 2, 4)",0.14216403880482603
2004-06-16,True,False,"(5, 1, 2, 4)",0.1448249292084803
2004-06-17,True,False,,
2004-06-18,True,False,,
2004-06-21,True,False,,
2004-06-22,True,False,,
2004-06-23,True,False,"(1, 1, 2, 4)",0.10522444630920617
2004-06-24,True,False,,
2004-06-25,True,False,,
2004-06-28,True,False,,
2004-06-29,True,False,"(4, 1, 2, 4)",0.15828151398872045
2004-06-30,True,False,"(1, 1, 2, 4)",0.17503829255668865
2004-07-01,True,False,,
2004-07-02,True,False,,
2004-07-06,True,False,"(3, 1, 2, 2)",0.2881152943648468
2004-07-07,True,False,"(1, 1, 2, 2)",0.3596141262324789
2004-07-08,True,False,,
2004-07-09,True,False,"(2, 1, 2, 2)",0.3663933782247001
2004-07-12,True,False,"(3, 2, 2, 4)",0.40925653697585546
2004-07-13,True,False,"(2, 2, 2, 4)",0.11302812808014634
2004-07-14,True,False,"(2, 2, 2, 4)",0.08107883426108872
2004-07-15,True,False,,
2004-07-16,True,False,,
2004-07-19,True,False,"(5, 2, 2, 4)",0.049100598296545804
2004-07-20,True,False,"(1, 1, 2, 4)",0.06064345879434389
2004-07-21,True,False,,
2004-07-22,True,False,,
2004-07-23,True,False,,
2004-07-26,True,False,,
2004-07-27,True,False,,
2004-07-28,True,False,"(2, 1, 6, 4)",0.19201459331124987
2004-07-29,True,False,,
2004-07-30,True,False,,
2004-08-02,True,False,,
2004-08-03,True,False,"(2, 1, 6, 4)",0.4589148638826868
2004-08-04,True,False,"(2, 1, 2, 4)",0.22665615848758297
2004-08-05,True,False,,
2004-08-06,True,False,,
2004-08-09,True,False,,
2004-08-10,True,False,"(1, 1, 6, 4)",0.6415139720483779
2004-08-11,True,False,"(1, 1, 2, 4)",0.6408708405698663
2004-08-12,True,False,"(2, 2, 2, 4)",0.6729035161929094
2004-08-13,True,False,"(2, 1, 2, 4)",0.4606022027258537
2004-08-16,True,False,"(3, 2, 2, 4)",0.3650152066192972
2004-08-17,True,False,"(2, 2, 2, 4)",0.4017894861261736
2004-08-18,True,False,"(2, 2, 2, 4)",0.5220497758462149
2004-08-19,True,False,"(2, 2, 2, 4)",0.5527650968783537
2004-08-20,True,False,"(3, 2, 2, 4)",0.4564774132664886
2004-08-23,True,False,"(4, 2, 2, 4)",0.466834779368995
2004-08-24,True,False,"(5, 2, 6, 4)",0.47235272497058306
2004-08-25,True,False,"(1, 1, 2, 3)",0.2759581217372361
2004-08-26,True,False,"(1, 1, 2, 3)",0.38668842763200967
2004-08-27,True,False,"(3, 2, 2, 4)",0.37581491068848716
2004-08-30,True,False,"(4, 2, 7, 4)",0.48025886985856303
2004-08-31,True,False,"(4, 2, 2, 4)",0.28526573586047865
2004-09-01,True,False,"(5, 2, 2, 4)",0.282721980256772
2004-09-02,True,False,"(5, 1, 2, 4)",0.07844643145530449
2004-09-03,True,False,"(1, 1, 2, 3)",0.12333153212078955
2004-09-07,True,False,"(2, 2, 2, 4)",0.1319234890809989
2004-09-08,True,False,"(4, 2, 2, 4)",0.08203040394803456
2004-09-09,True,False,"(5, 2, 2, 4)",0.10090693004228404
2004-09-10,True,False,"(5, 2, 2, 4)",0.061098478059596326
2004-09-13,True,False,"(1, 1, 2, 3)",0.04901917227797466
2004-09-14,True,False,"(1, 1, 2, 4)",0.05491363887079851
2004-09-15,True,False,,
2004-09-16,True,False,,
2004-09-17,True,False,"(3, 1, 6, 4)",0.10607933304537752
2004-09-20,True,False,,
2004-09-21,True,False,,
2004-09-22,True,False,,
2004-09-23,True,False,,
2004-09-24,True,False,,
2004-09-27,True,False,,
2004-09-28,True,False,,
2004-09-29,True,False,"(1, 1, 2, 2)",0.5471785622460859
2004-09-30,True,False,"(2, 2, 2, 4)",0.1780259972263061
2004-10-01,True,False,"(2, 2, 2, 4)",0.09147671525355001
2004-10-04,True,False,"(2, 2, 2, 4)",0.19200222402373568
2004-10-05,True,False,"(3, 2, 2, 4)",0.13510133714114042
2004-10-06,True,False,"(4, 2, 2, 4)",0.16023087935826094
2004-10-07,True,False,"(5, 2, 2, 4)",0.1583808940295426
2004-10-08,True,False,,
2004-10-11,True,False,,
2004-10-12,True,False,,
2004-10-13,True,False,,
2004-10-14,True,False,,
2004-10-15,True,False,,
2004-10-18,True,False,"(1, 1, 2, 4)",0.3841471127892711
2004-10-19,True,False,"(3, 1, 7, 4)",0.2709388325005509
2004-10-20,True,False,"(2, 1, 7, 4)",0.4217762917169082
2004-10-21,True,False,"(3, 1, 2, 4)",0.5991471967104635
2004-10-22,True,False,,
2004-10-25,True,False,,
2004-10-26,True,False,,
2004-10-27,True,False,"(1, 1, 2, 4)",0.9271916954833348
2004-10-28,True,False,"(2, 2, 2, 4)",0.9111489150584352
2004-10-29,True,False,"(2, 2, 2, 4)",0.8947868372403764
2004-11-01,True,False,"(3, 2, 6, 4)",0.913124439795547
2004-11-02,True,False,"(4, 2, 2, 4)",0.947802185111227
2004-11-03,True,False,"(1, 1, 2, 3)",0.9030117918326739
2004-11-04,True,False,"(2, 2, 2, 4)",0.6903618588313959
2004-11-05,True,False,"(2, 2, 2, 4)",0.689499345620514
2004-11-08,True,False,"(2, 2, 2, 4)",0.7097850553487586
2004-11-09,True,False,"(3, 2, 2, 4)",0.6092287194574475
2004-11-10,True,False,"(4, 2, 2, 4)",0.598444263658648
2004-11-11,True,False,"(5, 2, 2, 4)",0.5109392382313501
2004-11-12,True,False,"(2, 2, 2, 4)",0.5419037169423707
2004-11-15,True,False,"(2, 2, 2, 4)",0.5599514255433545
2004-11-16,True,False,"(4, 2, 2, 4)",0.4784159501344928
2004-11-17,True,False,"(3, 2, 2, 4)",0.43053508327636264
2004-11-18,True,False,"(4, 2, 2, 4)",0.2541381567616488
2004-11-19,True,False,,
2004-11-22,True,False,"(5, 1, 2, 3)",0.18533421839610315
2004-11-23,True,False,,
2004-11-24,True,False,,
2004-11-26,True,False,,
2004-11-29,True,False,,
2004-11-30,True,False,,
2004-12-01,True,False,,
2004-12-02,True,False,"(1, 1, 2, 4)",0.46695360790021795
2004-12-03,True,False,"(2, 2, 2, 4)",0.3999689257819978
2004-12-06,True,False,"(3, 1, 2, 4)",0.4322189252164743
2004-12-07,True,False,"(5, 1, 2, 4)",0.6082185221439284
2004-12-08,True,False,"(4, 1, 2, 4)",0.76559939705015
2004-12-09,True,False,"(1, 1, 2, 4)",0.6493408789842372
2004-12-10,True,False,"(1, 1, 2, 4)",0.6521730946030521
2004-12-13,True,False,"(2, 2, 2, 4)",0.43201616379666885
2004-12-14,True,False,"(2, 2, 2, 4)",0.5372618850167753
2004-12-15,True,False,"(2, 2, 2, 4)",0.3986804850835623
2004-12-16,True,False,"(3, 2, 2, 4)",0.33969901393551405
2004-12-17,True,False,"(5, 2, 2, 4)",0.3808694658076647
2004-12-20,True,False,"(5, 2, 2, 4)",0.4823899289273594
2004-12-21,True,False,"(1, 1, 6, 4)",0.42969402733224116
2004-12-22,True,False,"(1, 1, 2, 3)",0.34670490379225066
2004-12-23,True,False,"(2, 2, 2, 4)",0.46656691744019785
2004-12-27,True,False,"(3, 1, 2, 3)",0.40339352162625086
2004-12-28,True,False,"(3, 1, 2, 3)",0.32526638412255265
2004-12-29,True,False,"(4, 2, 2, 4)",0.2646970026823611
2004-12-30,True,False,"(5, 2, 2, 4)",0.3325397619341817
2004-12-31,True,False,"(4, 1, 7, 4)",0.3943147556912268
2005-01-03,True,False,"(5, 1, 2, 4)",0.290465920862626
2005-01-04,True,False,,
2005-01-05,True,False,,
2005-01-06,True,False,,
2005-01-07,True,False,"(1, 1, 2, 4)",0.43899138563617246
2005-01-10,True,False,"(1, 1, 2, 4)",0.29266954800711004
2005-01-11,True,False,"(2, 2, 2, 4)",0.3582951216621977
2005-01-12,True,False,"(3, 2, 2, 4)",0.316122819347079
2005-01-13,True,False,"(5, 2, 2, 4)",0.3287647389142608
2005-01-14,True,False,"(5, 2, 2, 4)",0.3716196954768494
2005-01-18,True,False,"(1, 1, 2, 4)",0.23281963014992477
2005-01-19,True,False,"(2, 1, 2, 4)",0.36569397487746147
2005-01-20,True,False,"(3, 1, 2, 3)",0.230506425398597
2005-01-21,True,False,"(5, 1, 2, 3)",0.2895185913006637
2005-01-24,True,False,,
2005-01-25,True,False,"(5, 1, 2, 3)",0.46848054563508185
2005-01-26,True,False,,
2005-01-27,True,False,,
2005-01-28,True,False,"(1, 1, 2, 4)",0.5976648414861351
2005-01-31,True,False,"(1, 1, 2, 3)",0.6152998623921443
2005-02-01,True,False,"(2, 2, 2, 4)",0.4350338217759479
2005-02-02,True,False,"(2, 2, 2, 4)",0.27015306237843
2005-02-03,True,False,"(2, 1, 2, 3)",0.31292348667946673
2005-02-04,True,False,"(3, 2, 2, 4)",0.2614429510864779
2005-02-07,True,False,"(3, 2, 2, 4)",0.26590316823460225
2005-02-08,True,False,"(4, 2, 2, 4)",0.17061593442200584
2005-02-09,True,False,,
2005-02-10,True,False,,
2005-02-11,True,False,"(5, 1, 2, 3)",0.18326403639879377
2005-02-14,True,False,"(1, 1, 2, 3)",0.16458825779791614
2005-02-15,True,False,"(2, 2, 2, 4)",0.20893046082996156
2005-02-16,True,False,"(2, 2, 2, 4)",0.13047252402296355
2005-02-17,True,False,"(5, 1, 2, 3)",0.19294488982980826
2005-02-18,True,False,,
2005-02-22,True,False,,
2005-02-23,True,False,"(4, 1, 7, 4)",0.6870880623996376
2005-02-24,True,False,"(1, 1, 2, 4)",0.46805947605400966
2005-02-25,True,False,"(1, 1, 2, 4)",0.28917964785950423
2005-02-28,True,False,"(2, 2, 2, 4)",0.4106403404200464
2005-03-01,True,False,"(2, 1, 2, 4)",0.2810409619624689
2005-03-02,True,False,"(3, 2, 2, 4)",0.18290079406531345
2005-03-03,True,False,"(2, 1, 2, 4)",0.07096378444639502
2005-03-04,True,False,"(3, 2, 2, 4)",0.07694860857935573
2005-03-07,True,False,"(2, 2, 2, 4)",0.07209180110288312
2005-03-08,True,False,"(4, 2, 2, 4)",0.05747131978144208
2005-03-09,True,False,,
2005-03-10,True,False,"(5, 2, 2, 4)",0.12592459820545207
2005-03-11,True,False,,
2005-03-14,True,False,,
2005-03-15,True,False,,
2005-03-16,True,False,,
2005-03-17,True,False,,
2005-03-18,True,False,"(2, 1, 7, 4)",0.17939799142271368
2005-03-21,True,False,,
2005-03-22,True,False,,
2005-03-23,True,False,,
2005-03-24,True,False,"(2, 1, 6, 4)",0.44892633076141664
2005-03-28,True,False,"(2, 1, 6, 4)",0.5502613537851724
2005-03-29,True,False,"(4, 1, 6, 4)",0.3430290512683084
2005-03-30,True,False,"(2, 1, 2, 4)",0.21724985228448543
2005-03-31,True,False,"(3, 2, 2, 4)",0.29987554874924743
2005-04-01,True,False,,
2005-04-04,True,False,"(3, 1, 2, 4)",0.31684545119744156
2005-04-05,True,False,"(1, 1, 2, 4)",0.20584721866267774
2005-04-06,True,False,"(2, 1, 2, 4)",0.17096479505540124
2005-04-07,True,False,"(2, 1, 2, 4)",0.11010280013290681
2005-04-08,True,False,"(3, 2, 2, 4)",0.14030453574592547
2005-04-11,True,False,"(2, 1, 2, 4)",0.12887960160050402
2005-04-12,True,False,"(1, 1, 2, 4)",0.10796236196942384
2005-04-13,True,False,"(4, 2, 2, 4)",0.07557504006799182
2005-04-14,True,False,,
2005-04-15,True,False,,
2005-04-18,True,False,,
2005-04-19,True,False,"(5, 1, 6, 4)",0.32760638441057455
2005-04-20,True,False,,
2005-04-21,True,False,,
2005-04-22,True,False,"(2, 1, 6, 4)",0.5984405669759064
2005-04-25,True,False,"(2, 1, 2, 4)",0.5705472486551635
2005-04-26,True,False,"(3, 1, 2, 4)",0.5026311843161815
2005-04-27,True,False,,
2005-04-28,True,False,,
2005-04-29,True,False,,
2005-05-02,True,False,"(1, 1, 2, 4)",0.6057855141871903
2005-05-03,True,False,"(2, 2, 2, 4)",0.3472174927928715
2005-05-04,True,False,"(2, 2, 2, 4)",0.32400261419472537
2005-05-05,True,False,"(2, 2, 2, 4)",0.2625156295078021
2005-05-06,True,False,"(3, 2, 2, 4)",0.36012980694021596
2005-05-09,True,False,"(4, 2, 2, 4)",0.2743843206240877
2005-05-10,True,False,"(4, 2, 2, 4)",0.4148628633070514
2005-05-11,True,False,"(5, 2, 2, 4)",0.4511472746899995
2005-05-12,True,False,,
2005-05-13,True,False,,
2005-05-16,True,False,"(5, 1, 2, 3)",0.652662538473554
2005-05-17,True,False,"(1, 1, 2, 3)",0.7235781881947453
2005-05-18,True,False,"(2, 2, 2, 4)",0.2853212397251693
2005-05-19,True,False,"(2, 2, 2, 4)",0.26872523558809863
2005-05-20,True,False,"(2, 2, 2, 4)",0.19300752766448676
2005-05-23,True,False,"(3, 2, 2, 4)",0.30265154214127443
2005-05-24,True,False,"(4, 2, 2, 4)",0.19833708166702155
2005-05-25,True,False,"(5, 2, 2, 4)",0.25641626144756313
2005-05-26,True,False,"(5, 2, 2, 4)",0.26888189448971056
2005-05-27,True,False,,
2005-05-31,True,False,,
2005-06-01,True,False,,
2005-06-02,True,False,"(1, 1, 2, 4)",0.23489267773770622
2005-06-03,True,False,"(3, 2, 2, 4)",0.20352443333880518
2005-06-06,True,False,"(3, 2, 6, 4)",0.26003862275959216
2005-06-07,True,False,"(4, 2, 2, 4)",0.17722700878507194
2005-06-08,True,False,"(2, 1, 2, 4)",0.19653938444047914
2005-06-09,True,False,"(2, 1, 2, 4)",0.1566031470635654
2005-06-10,True,False,,
2005-06-13,True,False,,
2005-06-14,True,False,"(2, 1, 2, 4)",0.10503392717869865
2005-06-15,True,False,"(2, 1, 2, 4)",0.0854928065828036
2005-06-16,True,False,,
2005-06-17,True,False,"(4, 1, 2, 4)",0.10715464925686957
2005-06-20,True,False,"(5, 1, 2, 4)",0.08961236066590339
2005-06-21,True,False,,
2005-06-22,True,False,,
2005-06-23,True,False,,
2005-06-24,True,False,,
2005-06-27,True,False,,
2005-06-28,True,False,,
2005-06-29,True,False,"(2, 1, 7, 4)",0.33276418481802417
2005-06-30,True,False,"(3, 1, 7, 4)",0.49388205104888844
2005-07-01,True,False,"(3, 1, 7, 4)",0.4286450272938861
2005-07-05,True,False,"(1, 1, 2, 4)",0.3228221964063614
2005-07-06,True,False,,
2005-07-07,True,False,,
2005-07-08,True,False,"(3, 1, 2, 4)",0.7282222020940189
2005-07-11,True,False,"(1, 1, 2, 4)",0.5986200345953937
2005-07-12,True,False,"(2, 2, 2, 4)",0.36938088334067853
2005-07-13,True,False,"(2, 2, 2, 4)",0.44726303212402213
2005-07-14,True,False,"(2, 2, 2, 4)",0.5582176652228897
2005-07-15,True,False,"(2, 2, 2, 4)",0.518741137310156
2005-07-18,True,False,"(3, 2, 2, 4)",0.3204552410054792
2005-07-19,True,False,"(5, 2, 2, 4)",0.30103884564135847
2005-07-20,True,False,"(5, 2, 2, 4)",0.3965331583712195
2005-07-21,True,False,,
2005-07-22,True,False,"(2, 1, 2, 3)",0.25384927003609636
2005-07-25,True,False,,
2005-07-26,True,False,,
2005-07-27,True,False,"(1, 1, 2, 3)",0.17153685036830918
2005-07-28,True,False,"(2, 2, 2, 4)",0.07435455826283482
2005-07-29,True,False,"(2, 2, 2, 4)",0.0800483769419929
2005-08-01,True,False,"(4, 2, 2, 4)",0.14200275211312666
2005-08-02,True,False,"(4, 2, 2, 4)",0.11440197939191896
2005-08-03,True,False,"(5, 2, 2, 4)",0.05144318394294573
2005-08-04,True,False,,
2005-08-05,True,False,,
2005-08-08,True,False,,
2005-08-09,True,False,,
2005-08-10,True,False,,
2005-08-11,True,False,,
2005-08-12,True,False,,
2005-08-15,True,False,"(2, 1, 2, 4)",0.14902548274504357
2005-08-16,True,False,,
2005-08-17,True,False,,
2005-08-18,True,False,"(3, 1, 2, 4)",0.2081899805681595
2005-08-19,True,False,"(4, 2, 2, 4)",0.1145629235834245
2005-08-22,True,False,"(5, 2, 2, 4)",0.19215417017764874
2005-08-23,True,False,"(3, 2, 2, 4)",0.16391181770961938
2005-08-24,True,False,"(5, 2, 2, 4)",0.3328488906342684
2005-08-25,True,False,"(5, 2, 2, 4)",0.29370626719074255
2005-08-26,True,False,,
2005-08-29,True,False,"(5, 1, 2, 4)",0.5304920301511631
2005-08-30,True,False,"(2, 1, 2, 4)",0.44153054767623584
2005-08-31,True,False,"(2, 1, 2, 4)",0.6387210363661414
2005-09-01,True,False,"(3, 1, 2, 4)",0.417249301424276
2005-09-02,True,False,,
2005-09-06,True,False,"(1, 1, 2, 4)",0.12125409369896249
2005-09-07,True,False,"(2, 2, 2, 4)",0.12264699637049219
2005-09-08,True,False,"(3, 2, 2, 4)",0.11218289881210318
2005-09-09,True,False,"(3, 2, 2, 4)",0.07286356744879649
2005-09-12,True,False,"(3, 2, 2, 4)",0.10443370132755021
2005-09-13,True,False,,
2005-09-14,True,False,,
2005-09-15,True,False,"(3, 1, 2, 4)",0.1707460625263408
2005-09-16,True,False,"(1, 1, 2, 3)",0.1467310221509081
2005-09-19,True,False,"(3, 1, 6, 4)",0.18496117984586843
2005-09-20,True,False,,
2005-09-21,True,False,,
2005-09-22,True,False,,
2005-09-23,True,False,"(1, 1, 6, 4)",0.4745192086712127
2005-09-26,True,False,,
2005-09-27,True,False,"(2, 1, 2, 4)",0.5642023074224867
2005-09-28,True,False,"(1, 1, 2, 4)",0.2707422496531116
2005-09-29,True,False,"(2, 2, 2, 4)",0.1483318985036988
2005-09-30,True,False,"(2, 2, 2, 4)",0.14076574589506843
2005-10-03,True,False,"(2, 2, 2, 4)",0.10870736163051349
2005-10-04,True,False,"(3, 2, 2, 4)",0.10114828929090441
2005-10-05,True,False,"(5, 2, 2, 4)",0.1734670969730311
2005-10-06,True,False,,
2005-10-07,True,False,,
2005-10-10,True,False,,
2005-10-11,True,False,,
2005-10-12,True,False,,
2005-10-13,True,False,,
2005-10-14,True,False,,
2005-10-17,True,False,"(1, 1, 2, 4)",0.267112229655235
2005-10-18,True,False,"(2, 2, 6, 4)",0.19631643795249984
2005-10-19,True,False,"(2, 1, 2, 4)",0.2823060494548609
2005-10-20,True,False,"(3, 2, 2, 4)",0.3527439088784318
2005-10-21,True,False,"(4, 2, 2, 4)",0.3760800775613207
2005-10-24,True,False,"(5, 2, 2, 4)",0.3109840580358899
2005-10-25,True,False,"(2, 1, 2, 4)",0.42924644104262655
2005-10-26,True,False,"(5, 1, 2, 4)",0.47370730825976626
2005-10-27,True,False,,
2005-10-28,True,False,,
2005-10-31,True,False,"(1, 1, 2, 3)",0.4834834431423575
2005-11-01,True,False,"(3, 1, 2, 3)",0.5538959721523694
2005-11-02,True,False,"(3, 2, 2, 4)",0.48583581661593567
2005-11-03,True,False,"(4, 2, 2, 4)",0.6412004432570346
2005-11-04,True,False,"(4, 2, 2, 4)",0.599183750705055
2005-11-07,True,False,"(5, 2, 2, 4)",0.7010465940009983
2005-11-08,True,False,"(4, 2, 2, 4)",0.5187735384134682
2005-11-09,True,False,"(4, 2, 2, 4)",0.5713211110778181
2005-11-10,True,False,"(5, 2, 2, 4)",0.44310947923914457
2005-11-11,True,False,"(4, 2, 2, 4)",0.46682074584667355
2005-11-14,True,False,"(3, 1, 2, 3)",0.5066764364924682
2005-11-15,True,False,"(4, 2, 2, 4)",0.40899009872782954
2005-11-16,True,False,"(4, 2, 6, 4)",0.4362494064505141
2005-11-17,True,False,"(5, 2, 6, 4)",0.4180672939176112
2005-11-18,True,False,"(5, 1, 2, 3)",0.5250738678319897
2005-11-21,True,False,"(1, 1, 7, 4)",0.5766774209032854
2005-11-22,True,False,"(2, 2, 2, 4)",0.3047359668849251
2005-11-23,True,False,"(2, 2, 2, 4)",0.23240371331899415
2005-11-25,True,False,"(2, 2, 2, 4)",0.1368896229919467
2005-11-28,True,False,"(4, 2, 2, 4)",0.2247956976261515
2005-11-29,True,False,"(5, 2, 2, 4)",0.2717072532975223
2005-11-30,True,False,,
2005-12-01,True,False,"(5, 2, 2, 4)",0.25285484674783165
2005-12-02,True,False,"(5, 1, 2, 3)",0.22909972913437246
2005-12-05,True,False,,
2005-12-06,True,False,,
2005-12-07,True,False,,
2005-12-08,True,False,,
2005-12-09,True,False,,
2005-12-12,True,False,"(1, 1, 2, 4)",0.49058155869164527
2005-12-13,True,False,"(1, 1, 2, 4)",0.19200726279161853
2005-12-14,True,False,"(2, 2, 2, 4)",0.1627048716051767
2005-12-15,True,False,"(2, 2, 2, 4)",0.31548359642718843
2005-12-16,True,False,"(2, 2, 2, 4)",0.13912907867806032
2005-12-19,True,False,"(4, 2, 2, 4)",0.1484118094758346
2005-12-20,True,False,"(5, 2, 2, 4)",0.1755631921835072
2005-12-21,True,False,"(5, 2, 2, 4)",0.19130264005065292
2005-12-22,True,False,"(1, 1, 2, 4)",0.17237188354220734
2005-12-23,True,False,,
2005-12-27,True,False,,
2005-12-28,True,False,,
2005-12-29,True,False,,
2005-12-30,True,False,,
2006-01-03,True,False,,
2006-01-04,True,False,"(1, 1, 2, 4)",0.26974878041732137
2006-01-05,True,False,"(3, 1, 7, 4)",0.174616753477772
2006-01-06,True,False,"(2, 1, 2, 4)",0.20418628480956966
2006-01-09,True,False,"(1, 1, 2, 4)",0.1670860775225276
2006-01-10,True,False,"(2, 1, 2, 4)",0.16309073036459826
2006-01-11,True,False,"(2, 1, 2, 4)",0.2242904178752491
2006-01-12,True,False,"(4, 1, 2, 2)",0.12377425069739685
2006-01-13,True,False,,
2006-01-17,True,False,,
2006-01-18,True,False,,
2006-01-19,True,False,"(1, 1, 2, 2)",0.16535529972693772
2006-01-20,True,False,,
2006-01-23,True,False,"(2, 1, 7, 4)",0.2353989025984724
2006-01-24,True,False,"(1, 1, 7, 4)",0.17009134016521546
2006-01-25,True,False,"(1, 1, 7, 4)",0.24070806472856413
2006-01-26,True,False,"(2, 2, 2, 4)",0.1940993948986822
2006-01-27,True,False,"(2, 2, 2, 4)",0.06986312672111199
2006-01-30,True,False,"(2, 2, 2, 4)",0.13678446377444156
2006-01-31,True,False,"(4, 2, 2, 4)",0.23527301641083742
2006-02-01,True,False,"(4, 2, 2, 4)",0.1848325974024531
2006-02-02,True,False,"(4, 1, 2, 4)",0.16986731515073375
2006-02-03,True,False,,
2006-02-06,True,False,,
2006-02-07,True,False,,
2006-02-08,True,False,,
2006-02-09,True,False,"(1, 1, 2, 4)",0.6633240179646522
2006-02-10,True,False,"(2, 1, 2, 4)",0.7637286827982461
2006-02-13,True,False,"(3, 1, 2, 4)",0.7972795064375405
2006-02-14,True,False,"(3, 1, 2, 4)",0.7039372141451958
2006-02-15,True,False,"(4, 2, 2, 4)",0.3155304022048431
2006-02-16,True,False,"(2, 2, 2, 4)",0.2480682100258931
2006-02-17,True,False,"(2, 2, 2, 4)",0.3192801404353811
2006-02-21,True,False,"(4, 2, 2, 4)",0.27158559113330916
2006-02-22,True,False,"(4, 2, 2, 4)",0.30831316329698744
2006-02-23,True,False,"(4, 2, 2, 4)",0.4136046672868866
2006-02-24,True,False,"(3, 2, 2, 4)",0.32084695992950285
2006-02-27,True,False,"(3, 2, 2, 4)",0.33223204985312804
2006-02-28,True,False,,
2006-03-01,True,False,"(4, 2, 2, 4)",0.4903774056002198
2006-03-02,True,False,,
2006-03-03,True,False,"(4, 1, 2, 3)",0.7055239085057158
2006-03-06,True,False,,
2006-03-07,True,False,,
2006-03-08,True,False,"(1, 1, 2, 4)",0.6453316791332927
2006-03-09,True,False,"(2, 2, 2, 4)",0.39019514938341104
2006-03-10,True,False,"(2, 2, 2, 4)",0.655620274464081
2006-03-13,True,False,"(2, 2, 2, 4)",0.3929641146334914
2006-03-14,True,False,"(3, 2, 2, 4)",0.2837868133468333
2006-03-15,True,False,"(4, 2, 2, 4)",0.2970563646278063
2006-03-16,True,False,"(4, 2, 2, 4)",0.24755818325558293
2006-03-17,True,False,"(5, 2, 2, 4)",0.2793877179831002
2006-03-20,True,False,"(5, 1, 2, 4)",0.22264256484640024
2006-03-21,True,False,"(4, 1, 2, 3)",0.24329451999204343
2006-03-22,True,False,"(2, 1, 2, 4)",0.12026644644267295
2006-03-23,True,False,"(3, 2, 2, 4)",0.18857422562431714
2006-03-24,True,False,"(4, 2, 2, 4)",0.1501004987965674
2006-03-27,True,False,,
2006-03-28,True,False,,
2006-03-29,True,False,"(5, 1, 2, 4)",0.14379206944599504
2006-03-30,True,False,,
2006-03-31,True,False,,
2006-04-03,True,False,,
2006-04-04,True,False,,
2006-04-05,True,False,,
2006-04-06,True,False,"(4, 1, 2, 2)",0.2687131322929035
2006-04-07,True,False,,
2006-04-10,True,False,"(3, 1, 2, 2)",0.3742188736057538
2006-04-11,True,False,,
2006-04-12,True,False,,
2006-04-13,True,False,,
2006-04-17,True,False,,
2006-04-18,True,False,,
2006-04-19,True,False,"(1, 1, 6, 4)",0.8581889078342115
2006-04-20,True,False,"(2, 2, 2, 4)",0.8213398728191299
2006-04-21,True,False,"(2, 2, 2, 4)",0.806505885254558
2006-04-24,True,False,"(3, 2, 2, 4)",0.8167038620385223
2006-04-25,True,False,"(3, 2, 2, 4)",0.8268963009690341
2006-04-26,True,False,"(4, 2, 2, 4)",0.6011086103431874
2006-04-27,True,False,"(3, 2, 2, 4)",0.3809684642356764
2006-04-28,True,False,"(2, 2, 2, 4)",0.4919599097673215
2006-05-01,True,False,"(2, 2, 2, 4)",0.4949606846040432
2006-05-02,True,False,"(3, 2, 2, 4)",0.5061957813175124
2006-05-03,True,False,"(4, 2, 2, 4)",0.462780982431754
2006-05-04,True,False,"(4, 2, 2, 4)",0.43150644462117926
2006-05-05,True,False,"(5, 2, 2, 4)",0.29036390980866383
2006-05-08,True,False,"(4, 2, 2, 4)",0.29536273361189375
2006-05-09,True,False,"(2, 2, 2, 4)",0.26663674570151935
2006-05-10,True,False,"(3, 2, 2, 4)",0.14398971407120656
2006-05-11,True,False,"(5, 2, 2, 4)",0.21386370888319176
2006-05-12,True,False,,
2006-05-15,True,False,"(5, 2, 2, 4)",0.1543688641011078
2006-05-16,True,False,"(1, 1, 2, 4)",0.11080155842627137
2006-05-17,True,False,"(3, 1, 6, 3)",0.3374998576223134
2006-05-18,True,False,,
2006-05-19,True,False,"(3, 1, 6, 4)",0.5626246442909694
2006-05-22,True,False,"(1, 1, 2, 4)",0.36595956617878805
2006-05-23,True,False,"(2, 1, 2, 4)",0.3014298029546512
2006-05-24,True,False,"(2, 1, 2, 4)",0.24438781764569362
2006-05-25,True,False,"(1, 1, 2, 4)",0.11507541636575441
2006-05-26,True,False,"(2, 2, 2, 4)",0.13245426595992474
2006-05-30,True,False,"(4, 2, 2, 4)",0.35133644478995757
2006-05-31,True,False,"(4, 2, 2, 4)",0.20579248024135524
2006-06-01,True,False,"(5, 2, 2, 4)",0.11204404759509999
2006-06-02,True,False,"(2, 1, 2, 4)",0.16936358654079048
2006-06-05,True,False,,
2006-06-06,True,False,,
2006-06-07,True,False,,
2006-06-08,True,False,,
2006-06-09,True,False,"(1, 1, 2, 4)",0.3163221787559648
2006-06-12,True,False,,
2006-06-13,True,False,,
2006-06-14,True,False,"(3, 1, 2, 4)",0.5086117212171994
2006-06-15,True,False,"(1, 1, 2, 4)",0.41364881515619817
2006-06-16,True,False,"(2, 2, 2, 4)",0.5405212621669757
2006-06-19,True,False,"(3, 2, 2, 4)",0.5984646569807891
2006-06-20,True,False,"(3, 2, 2, 4)",0.6778553877964386
2006-06-21,True,False,"(3, 2, 2, 4)",0.7518393239954578
2006-06-22,True,False,"(2, 2, 2, 4)",0.7626331982778215
2006-06-23,True,False,"(4, 2, 2, 4)",0.7502786946272358
2006-06-26,True,False,"(4, 2, 6, 4)",0.8428722555418586
2006-06-27,True,False,"(4, 2, 2, 4)",0.7703692066265324
2006-06-28,True,False,"(5, 2, 2, 4)",0.8087519872360267
2006-06-29,True,False,"(1, 1, 2, 4)",0.6131823474462438
2006-06-30,True,False,"(2, 1, 2, 3)",0.3741656097910234
2006-07-03,True,False,"(5, 2, 2, 4)",0.5122387686325358
2006-07-05,True,False,"(4, 2, 2, 4)",0.3881140559781747
2006-07-06,True,False,"(4, 2, 2, 4)",0.4733008719821021
2006-07-07,True,False,"(3, 2, 2, 4)",0.3758217387743583
2006-07-10,True,False,"(4, 2, 2, 4)",0.3819505440865404
2006-07-11,True,False,"(3, 2, 2, 4)",0.3610247193075634
2006-07-12,True,False,"(3, 1, 2, 3)",0.29579256290365713
2006-07-13,True,False,,
2006-07-14,True,False,,
2006-07-17,True,False,"(5, 2, 2, 4)",0.8043991825718781
2006-07-18,True,False,"(1, 1, 2, 3)",0.7346854411097945
2006-07-19,True,False,"(1, 1, 2, 3)",0.5097989116655909
2006-07-20,True,False,"(2, 2, 2, 4)",0.572949639844834
2006-07-21,True,False,"(3, 2, 2, 4)",0.464852836679092
2006-07-24,True,False,"(3, 2, 2, 4)",0.3851470168223628
2006-07-25,True,False,"(3, 2, 2, 4)",0.2198622376111636
2006-07-26,True,False,"(3, 2, 2, 4)",0.38737720114203916
2006-07-27,True,False,"(4, 2, 2, 4)",0.4108756787401758
2006-07-28,True,False,"(4, 2, 2, 4)",0.3424888919216118
2006-07-31,True,False,"(5, 2, 6, 4)",0.43852412421930204
2006-08-01,True,False,,
2006-08-02,True,False,,
2006-08-03,True,False,"(1, 1, 2, 3)",0.6851010265068617
2006-08-04,True,False,"(2, 2, 2, 4)",0.6298754399016215
2006-08-07,True,False,"(3, 2, 2, 4)",0.6248884985652801
2006-08-08,True,False,"(3, 2, 2, 4)",0.7023805220808108
2006-08-09,True,False,,
2006-08-10,True,False,"(4, 2, 2, 4)",0.7403373277653853
2006-08-11,True,False,"(3, 2, 2, 4)",0.7574466683154365
2006-08-14,True,False,"(4, 2, 2, 4)",0.795343068064784
2006-08-15,True,False,"(1, 1, 2, 3)",0.8144695764268414
2006-08-16,True,False,"(4, 2, 2, 4)",0.7799124787734771
2006-08-17,True,False,"(3, 2, 2, 4)",0.7865083094098696
