Date,0,exit,max_comb,max_prob
2000-01-14,False,True,,
2000-01-18,False,True,,
2000-01-19,False,True,,
2000-01-20,False,True,"(2, 1, 2, 1)",0.12275495142974205
2000-01-21,False,True,"(2, 1, 7, 3)",0.17198190774247438
2000-01-24,False,True,,
2000-01-25,False,True,"(3, 1, 2, 1)",0.30801074406364537
2000-01-26,False,True,"(2, 1, 7, 3)",0.30336026799789273
2000-01-27,False,True,,
2000-01-28,False,True,,
2000-01-31,False,True,,
2000-02-01,False,True,,
2000-02-02,False,True,,
2000-02-03,False,True,,
2000-02-04,True,False,"(2, 1, 7, 3)",0.9871854234980555
2000-02-07,True,False,"(2, 1, 2, 1)",0.45084931514034854
2000-02-08,True,False,"(8, 1, 2, 1)",0.46342124988829064
2000-02-09,False,True,"(8, 1, 2, 1)",0.5662446137723128
2000-02-10,True,False,"(2, 1, 2, 1)",0.5808694295625249
2000-02-11,False,True,"(5, 1, 4, 1)",0.9737829246768638
2000-02-14,False,True,"(4, 1, 4, 1)",0.11362372398354617
2000-02-15,False,True,"(2, 1, 4, 1)",0.24816353460048635
2000-02-16,True,False,"(3, 1, 4, 1)",0.9191316401676247
2000-02-17,False,True,"(2, 1, 6, 1)",0.9242557034337381
2000-02-18,True,False,"(5, 1, 4, 1)",0.9111118723872182
2000-02-22,False,True,"(4, 1, 7, 3)",0.9236311144883167
2000-02-23,True,False,"(5, 1, 6, 3)",0.7370839451638469
2000-02-24,False,True,"(2, 1, 4, 1)",0.9333004653397153
2000-02-25,True,False,"(9, 1, 7, 4)",0.9311928967668547
2000-02-28,False,True,"(3, 1, 4, 1)",0.8912816911149224
2000-02-29,True,False,"(4, 1, 6, 3)",0.8776582402037271
2000-03-01,True,False,"(2, 1, 4, 1)",0.32211434526887406
2000-03-02,False,True,"(2, 1, 4, 1)",0.5840419213723024
2000-03-03,False,True,"(2, 1, 4, 1)",0.33714600593974486
2000-03-06,False,True,"(3, 1, 4, 1)",0.4021135847507144
2000-03-07,True,False,"(4, 1, 4, 1)",0.9094275041984671
2000-03-08,False,True,"(6, 1, 7, 3)",0.9260967115028804
2000-03-09,True,False,"(6, 1, 7, 3)",0.9515007663690416
2000-03-10,False,True,"(7, 1, 7, 3)",0.8534743719091319
2000-03-13,True,False,"(9, 1, 7, 4)",0.8859921355661028
2000-03-14,False,True,,
2000-03-15,True,False,"(3, 1, 7, 3)",0.9292543727880752
2000-03-16,False,True,"(4, 1, 6, 3)",0.9174077414585288
2000-03-17,True,False,"(2, 1, 4, 1)",0.9254404370632889
2000-03-20,False,True,"(2, 1, 4, 1)",0.947734841782419
2000-03-21,False,True,"(2, 1, 4, 1)",0.39998348087143265
2000-03-22,False,True,"(2, 1, 4, 1)",0.29057022958124856
2000-03-23,False,True,"(2, 1, 7, 3)",0.32297696627332384
2000-03-24,False,True,"(3, 1, 4, 1)",0.2912977836536843
2000-03-27,False,True,"(3, 1, 4, 1)",0.22899032696716837
2000-03-28,False,True,"(4, 1, 4, 1)",0.12022760311026048
2000-03-29,False,True,"(6, 1, 4, 1)",0.23189327066953566
2000-03-30,True,False,"(8, 1, 7, 3)",0.8932491456096524
2000-03-31,False,True,"(7, 1, 7, 3)",0.38599861605750296
2000-04-03,False,True,"(8, 1, 7, 3)",0.4897659139995196
2000-04-04,True,False,"(9, 1, 7, 4)",0.5363613842384506
2000-04-05,False,True,,
2000-04-06,False,True,,
2000-04-07,False,True,,
2000-04-10,False,True,,
2000-04-11,False,True,,
2000-04-12,False,True,,
2000-04-13,False,True,,
2000-04-14,False,True,,
2000-04-17,False,True,,
2000-04-18,False,True,"(2, 1, 6, 1)",0.47829804295911293
2000-04-19,True,False,"(3, 1, 6, 1)",0.7671339175825267
2000-04-20,False,True,"(4, 1, 7, 3)",0.7643081039016361
2000-04-24,True,False,"(4, 1, 7, 3)",0.7072123790900415
2000-04-25,True,False,"(4, 1, 7, 3)",0.16448663253423068
2000-04-26,False,True,"(2, 1, 7, 3)",0.711444089404226
2000-04-27,False,True,"(2, 1, 2, 1)",0.21496409875115988
2000-04-28,False,True,"(3, 1, 2, 1)",0.3094751243458919
2000-05-01,False,True,"(4, 1, 2, 1)",0.16543845051179862
2000-05-02,False,True,,
2000-05-03,False,True,,
2000-05-04,False,True,,
2000-05-05,False,True,"(8, 1, 7, 3)",0.2597852696367208
2000-05-08,False,True,,
2000-05-09,False,True,,
2000-05-10,False,True,,
2000-05-11,False,True,,
2000-05-12,False,True,,
2000-05-15,True,False,"(3, 1, 7, 3)",0.6527068144646172
2000-05-16,False,True,"(2, 1, 7, 3)",0.40387562565326646
2000-05-17,True,False,"(3, 1, 7, 3)",0.6220188255849046
2000-05-18,False,True,,
2000-05-19,False,True,,
2000-05-22,False,True,,
2000-05-23,False,True,,
2000-05-24,False,True,,
2000-05-25,False,True,,
2000-05-26,False,True,,
2000-05-30,False,True,,
2000-05-31,False,True,,
2000-06-01,True,False,"(2, 1, 6, 1)",0.8948300026938105
2000-06-02,True,False,"(2, 1, 6, 1)",0.7873658390967951
2000-06-05,False,True,"(2, 1, 6, 1)",0.9655901694324222
2000-06-06,True,False,"(2, 1, 6, 2)",0.9127941424086928
2000-06-07,True,False,"(2, 1, 6, 2)",0.3782242032822932
2000-06-08,False,True,"(2, 1, 2, 1)",0.8918004495110411
2000-06-09,True,False,"(2, 1, 2, 1)",0.8907809719785191
2000-06-12,False,True,"(8, 1, 4, 1)",0.9781759886491577
2000-06-13,True,False,"(4, 1, 7, 4)",0.9678025078100118
2000-06-14,False,True,"(9, 1, 7, 3)",0.9441094719556828
2000-06-15,True,False,"(6, 1, 7, 3)",0.952588008391866
2000-06-16,False,True,"(7, 1, 7, 3)",0.9570880716992094
2000-06-19,True,False,"(8, 1, 7, 4)",0.9698601848605094
2000-06-20,True,False,"(2, 1, 6, 2)",0.8732203104134184
2000-06-21,True,False,"(2, 1, 6, 2)",0.18414188622456878
2000-06-22,False,True,"(2, 1, 6, 2)",0.45619562839628164
2000-06-23,True,False,"(3, 1, 4, 1)",0.7302668973340871
2000-06-26,False,True,"(3, 1, 4, 1)",0.3882839396382913
2000-06-27,True,False,"(2, 1, 7, 3)",0.8090321447301022
2000-06-28,False,True,"(2, 1, 4, 1)",0.5921985287188222
2000-06-29,True,False,"(7, 1, 4, 1)",0.9673065844113399
2000-06-30,False,True,"(2, 1, 7, 1)",0.9665858370499233
2000-07-03,True,False,"(3, 1, 7, 1)",0.975325252414447
2000-07-05,False,True,"(4, 1, 7, 1)",0.9666940062606896
2000-07-06,True,False,"(2, 1, 7, 1)",0.9485303094828399
2000-07-07,True,False,,
2000-07-10,True,False,"(2, 1, 4, 1)",0.4399291800395237
2000-07-11,False,True,"(2, 1, 4, 1)",0.38710174844182343
2000-07-12,False,True,"(2, 1, 4, 1)",0.13046660467745913
2000-07-13,False,True,"(4, 1, 4, 1)",0.37944187277422275
2000-07-14,False,True,"(2, 1, 4, 1)",0.2948896165736399
2000-07-17,False,True,"(3, 1, 4, 1)",0.1594704571954259
2000-07-18,False,True,"(4, 1, 4, 1)",0.2398828749296337
2000-07-19,True,False,"(9, 1, 3, 1)",0.5724110733779997
2000-07-20,False,True,"(6, 1, 7, 4)",0.2525653847975274
2000-07-21,False,True,"(7, 1, 4, 1)",0.36306715918136656
2000-07-24,False,True,,
2000-07-25,True,False,"(9, 1, 7, 4)",0.6896376952944424
2000-07-26,False,True,,
2000-07-27,False,True,,
2000-07-28,False,True,,
2000-07-31,False,True,"(2, 1, 7, 3)",0.457139554403231
2000-08-01,True,False,"(3, 1, 6, 1)",0.6040129625087092
2000-08-02,False,True,,
2000-08-03,False,True,,
2000-08-04,False,True,,
2000-08-07,False,True,,
2000-08-08,False,True,,
2000-08-09,False,True,,
2000-08-10,False,True,,
2000-08-11,True,False,"(2, 1, 7, 1)",0.9027774717585682
2000-08-14,False,True,,
2000-08-15,False,True,,
2000-08-16,True,False,"(3, 1, 4, 1)",0.9411080021147393
2000-08-17,True,False,"(2, 1, 4, 1)",0.9832134701198391
2000-08-18,False,True,"(2, 1, 4, 1)",0.9787822657598875
2000-08-21,True,False,"(2, 1, 3, 1)",0.9813280786321082
2000-08-22,True,False,"(3, 1, 6, 2)",0.9803906528958095
2000-08-23,True,False,"(2, 1, 7, 3)",0.9830350628529286
2000-08-24,True,False,"(2, 1, 6, 2)",0.9307073086206358
2000-08-25,True,False,"(2, 1, 6, 2)",0.9042179296552073
2000-08-28,True,False,"(2, 1, 6, 2)",0.8748255778569225
2000-08-29,True,False,"(2, 1, 4, 1)",0.3875312700158163
2000-08-30,True,False,"(2, 1, 7, 3)",0.5206808000418847
2000-08-31,True,False,"(2, 1, 7, 4)",0.49344883126701067
2000-09-01,True,False,"(2, 1, 7, 4)",0.21823030739583635
2000-09-05,False,True,"(2, 1, 7, 4)",0.4733302709289532
2000-09-06,True,False,"(6, 1, 7, 3)",0.7803361593118342
2000-09-07,False,True,"(3, 1, 4, 1)",0.5200409030355085
2000-09-08,True,False,"(4, 1, 6, 3)",0.6840385301736526
2000-09-11,False,True,"(9, 1, 6, 3)",0.6953294508676434
2000-09-12,False,True,,
2000-09-13,False,True,"(7, 1, 4, 1)",0.4300895598242718
2000-09-14,False,True,,
2000-09-15,False,True,,
2000-09-18,False,True,,
2000-09-19,False,True,"(2, 1, 6, 1)",0.13998080935274054
2000-09-20,False,True,"(2, 1, 6, 1)",0.09969929015817416
2000-09-21,False,True,"(4, 1, 4, 1)",0.11556144260389914
2000-09-22,False,True,,
2000-09-25,False,True,"(3, 1, 7, 3)",0.22348090115393443
2000-09-26,False,True,,
2000-09-27,False,True,,
2000-09-28,False,True,"(6, 1, 7, 3)",0.07573383078409775
2000-09-29,False,True,,
2000-10-02,False,True,,
2000-10-03,False,True,,
2000-10-04,False,True,,
2000-10-05,False,True,,
2000-10-06,False,True,,
2000-10-09,False,True,,
2000-10-10,False,True,,
2000-10-11,False,True,,
2000-10-12,False,True,,
2000-10-13,False,True,,
2000-10-16,False,True,"(2, 1, 7, 3)",0.32610134183246736
2000-10-17,True,False,"(3, 1, 7, 3)",0.7793053180324518
2000-10-18,False,True,"(4, 1, 7, 3)",0.669029225176763
2000-10-19,False,True,,
2000-10-20,False,True,,
2000-10-23,False,True,,
2000-10-24,False,True,,
2000-10-25,False,True,,
2000-10-26,False,True,,
2000-10-27,True,False,"(4, 1, 4, 1)",0.911419144156333
2000-10-30,True,False,"(2, 1, 6, 1)",0.9402184621993543
2000-10-31,True,False,"(2, 1, 7, 3)",0.9648843083125024
2000-11-01,True,False,"(2, 1, 6, 1)",0.5737807289244367
2000-11-02,True,False,"(2, 1, 6, 2)",0.2642535033163774
2000-11-03,False,True,"(2, 1, 6, 2)",0.4943747549963431
2000-11-06,False,True,"(3, 1, 7, 3)",0.1168979919140029
2000-11-07,False,True,"(5, 3, 4, 1)",0.12088222904449349
2000-11-08,True,False,"(6, 1, 7, 2)",0.5399331224536411
2000-11-09,False,True,"(6, 1, 7, 3)",0.4432939438120568
2000-11-10,False,True,,
2000-11-13,True,False,"(8, 1, 4, 1)",0.5845591043090155
2000-11-14,True,False,"(8, 1, 6, 3)",0.05349213495602091
2000-11-15,False,True,"(2, 1, 6, 1)",0.3497877051543476
2000-11-16,False,True,,
2000-11-17,False,True,,
2000-11-20,False,True,"(4, 1, 4, 1)",0.1961092060015345
2000-11-21,False,True,,
2000-11-22,False,True,,
2000-11-24,False,True,,
2000-11-27,True,False,"(2, 1, 6, 1)",0.6146024809986784
2000-11-28,False,True,,
2000-11-29,False,True,,
2000-11-30,False,True,,
2000-12-01,False,True,"(5, 1, 4, 1)",0.3708643600893538
2000-12-04,False,True,,
2000-12-05,False,True,,
2000-12-06,False,True,,
2000-12-07,False,True,,
2000-12-08,False,True,,
2000-12-11,True,False,"(2, 1, 6, 2)",0.6750246278517197
2000-12-12,False,True,"(2, 1, 7, 3)",0.3919267464188092
2000-12-13,True,False,"(4, 1, 4, 1)",0.6487187758558999
2000-12-14,False,True,,
2000-12-15,False,True,,
2000-12-18,True,False,"(4, 1, 4, 1)",0.8593906616131013
2000-12-19,False,True,,
2000-12-20,False,True,,
2000-12-21,True,False,"(2, 1, 4, 1)",0.9630537524327352
2000-12-22,True,False,"(2, 1, 7, 3)",0.8581825799820774
2000-12-26,False,True,"(2, 1, 7, 2)",0.9745839673480216
2000-12-27,True,False,"(2, 1, 7, 3)",0.9641727236804337
2000-12-28,False,True,"(3, 1, 7, 3)",0.9406059452378057
2000-12-29,True,False,"(4, 1, 7, 3)",0.9440690757361067
2001-01-02,False,True,"(2, 1, 2, 1)",0.9427497994718156
2001-01-03,True,False,"(6, 1, 2, 1)",0.8508814104175216
2001-01-04,True,False,"(4, 1, 4, 1)",0.8671756243498074
2001-01-05,False,True,"(3, 1, 7, 3)",0.9915175186182567
2001-01-08,True,False,"(2, 1, 7, 3)",0.9820339185106165
2001-01-09,True,False,"(3, 1, 4, 1)",0.9300172344843737
2001-01-10,False,True,"(3, 1, 4, 1)",0.9752804296767562
2001-01-11,True,False,"(2, 1, 4, 1)",0.9178766329024041
2001-01-12,False,True,"(2, 1, 4, 1)",0.951374850943649
2001-01-16,True,False,"(3, 1, 4, 1)",0.9590989149858039
2001-01-17,False,True,"(4, 1, 4, 1)",0.9613828237125617
2001-01-18,True,False,"(4, 1, 4, 1)",0.9635392084439698
2001-01-19,True,False,"(2, 1, 4, 1)",0.9043843161934544
2001-01-22,False,True,"(2, 1, 4, 1)",0.9730687353347828
2001-01-23,False,True,"(2, 1, 4, 1)",0.2820841781075136
2001-01-24,False,True,"(2, 1, 4, 1)",0.42934323968889276
2001-01-25,True,False,"(3, 1, 4, 1)",0.7987767726844051
2001-01-26,False,True,"(4, 1, 7, 3)",0.7730355774523371
2001-01-29,False,True,"(4, 1, 4, 1)",0.07545842212408221
2001-01-30,False,True,"(2, 1, 4, 1)",0.2045935608080156
2001-01-31,False,True,"(3, 1, 4, 1)",0.24460418032557327
2001-02-01,False,True,"(4, 1, 4, 1)",0.10908455790263512
2001-02-02,False,True,"(7, 1, 6, 2)",0.45300321324331577
2001-02-05,True,False,"(6, 1, 7, 3)",0.8065463051030067
2001-02-06,False,True,"(5, 1, 6, 2)",0.1999760864037437
2001-02-07,True,False,"(2, 1, 6, 2)",0.576369023440783
2001-02-08,False,True,"(8, 1, 7, 3)",0.2755731507687329
2001-02-09,False,True,,
2001-02-12,True,False,"(9, 1, 6, 5)",0.6854888538253461
2001-02-13,False,True,,
2001-02-14,False,True,,
2001-02-15,False,True,,
2001-02-16,False,True,,
2001-02-20,False,True,,
2001-02-21,True,False,"(3, 1, 7, 3)",0.8098482810307439
2001-02-22,False,True,"(4, 1, 7, 3)",0.7783075921942759
2001-02-23,False,True,,
2001-02-26,False,True,,
2001-02-27,True,False,"(2, 1, 6, 3)",0.7907805575694069
2001-02-28,False,True,,
2001-03-01,True,False,"(4, 1, 7, 3)",0.9021913002395184
2001-03-02,False,True,"(4, 1, 6, 3)",0.8291689322674517
2001-03-05,False,True,"(2, 1, 2, 1)",0.17720053096264937
2001-03-06,False,True,"(2, 1, 6, 2)",0.1966066662222689
2001-03-07,False,True,"(2, 1, 6, 2)",0.41480033867911664
2001-03-08,False,True,"(3, 1, 4, 1)",0.29818535122059664
2001-03-09,True,False,"(5, 1, 4, 1)",0.7591344035239425
2001-03-12,False,True,"(8, 1, 7, 4)",0.9572862569348252
2001-03-13,True,False,"(5, 1, 7, 3)",0.9311192446772585
2001-03-14,False,True,"(6, 1, 6, 3)",0.8516898731419985
2001-03-15,True,False,"(2, 1, 6, 2)",0.9325405908023141
2001-03-16,False,True,"(3, 1, 6, 3)",0.9353036872838015
2001-03-19,True,False,"(3, 1, 7, 3)",0.9181324505153826
2001-03-20,False,True,"(2, 1, 2, 1)",0.8485946929078554
2001-03-21,True,False,"(2, 1, 7, 3)",0.921076587796785
2001-03-22,True,False,"(3, 1, 4, 1)",0.5038701609482552
2001-03-23,True,False,"(2, 1, 4, 1)",0.3796695533459309
2001-03-26,False,True,"(2, 1, 4, 1)",0.5666476614870222
2001-03-27,False,True,"(2, 1, 4, 1)",0.3411703985486505
2001-03-28,True,False,"(3, 1, 4, 1)",0.5395148808814249
2001-03-29,False,True,"(4, 1, 4, 1)",0.27839445261766443
2001-03-30,False,True,"(5, 1, 4, 1)",0.41037360800289246
2001-04-02,True,False,"(8, 1, 3, 1)",0.7133224008054768
2001-04-03,False,True,"(9, 1, 7, 4)",0.8665952394315807
2001-04-04,False,True,,
2001-04-05,True,False,"(9, 1, 6, 3)",0.740023087672222
2001-04-06,False,True,"(2, 1, 4, 1)",0.8838507350167968
2001-04-09,False,True,,
2001-04-10,False,True,,
2001-04-11,True,False,"(2, 1, 2, 1)",0.5207029489446658
2001-04-12,True,False,"(2, 1, 4, 1)",0.8168044919454001
2001-04-16,False,True,"(4, 1, 6, 2)",0.9194765259699087
2001-04-17,True,False,"(8, 1, 6, 2)",0.9480869588985034
2001-04-18,True,False,"(3, 1, 4, 1)",0.11104052576481732
2001-04-19,True,False,"(2, 1, 4, 1)",0.48745950122786286
2001-04-20,False,True,"(2, 1, 7, 3)",0.2703692280389181
2001-04-23,True,False,"(3, 1, 4, 1)",0.858431324242946
2001-04-24,False,True,"(4, 1, 4, 1)",0.9011864956539235
2001-04-25,True,False,"(4, 1, 4, 1)",0.594858004540535
2001-04-26,False,True,"(2, 1, 4, 1)",0.867184295341467
2001-04-27,False,True,"(2, 1, 4, 1)",0.2994191037016318
2001-04-30,False,True,"(2, 1, 4, 1)",0.4310730806995907
2001-05-01,False,True,"(2, 1, 4, 1)",0.22730933960872407
2001-05-02,False,True,"(3, 1, 4, 1)",0.1601400742263983
2001-05-03,False,True,"(5, 2, 4, 1)",0.3754362299583114
2001-05-04,False,True,"(2, 1, 4, 1)",0.2997091708768143
2001-05-07,False,True,"(7, 2, 7, 3)",0.4486409840446006
2001-05-08,False,True,,
2001-05-09,False,True,,
2001-05-10,False,True,,
2001-05-11,False,True,,
2001-05-14,True,False,"(8, 1, 4, 1)",0.6008208090945907
2001-05-15,False,True,"(2, 1, 6, 1)",0.8223629590090518
2001-05-16,False,True,"(2, 1, 6, 1)",0.24956968334073798
2001-05-17,True,False,"(2, 1, 6, 1)",0.5840068982126174
2001-05-18,False,True,"(3, 1, 7, 3)",0.4488516318528459
2001-05-21,False,True,"(3, 1, 6, 1)",0.42954110767285625
2001-05-22,False,True,"(5, 1, 7, 1)",0.3404475754359077
2001-05-23,False,True,,
2001-05-24,False,True,,
2001-05-25,False,True,,
2001-05-29,False,True,,
2001-05-30,False,True,,
2001-05-31,False,True,,
2001-06-01,False,True,,
2001-06-04,True,False,"(2, 1, 7, 3)",0.7777669103247088
2001-06-05,False,True,"(2, 1, 6, 2)",0.6318673087936546
2001-06-06,True,False,"(2, 1, 7, 3)",0.8552279448468927
2001-06-07,True,False,"(2, 1, 6, 1)",0.2191191560188505
2001-06-08,False,True,"(2, 1, 6, 1)",0.6090936217772561
2001-06-11,True,False,"(7, 1, 7, 3)",0.8764939863429048
2001-06-12,False,True,"(4, 1, 7, 3)",0.7794874497865997
2001-06-13,True,False,"(4, 1, 7, 3)",0.7729920570793618
2001-06-14,False,True,,
2001-06-15,True,False,"(2, 1, 6, 2)",0.9032809592214831
2001-06-18,False,True,"(7, 1, 7, 3)",0.9344076651235111
2001-06-19,False,True,,
2001-06-20,False,True,,
2001-06-21,True,False,"(2, 1, 6, 2)",0.8406819033024191
2001-06-22,False,True,"(2, 1, 6, 2)",0.9482239694934571
2001-06-25,True,False,"(2, 1, 6, 2)",0.6205858583396877
2001-06-26,False,True,"(2, 1, 4, 1)",0.6386901705080478
2001-06-27,False,True,"(3, 1, 4, 1)",0.24657183632311322
2001-06-28,False,True,"(3, 1, 4, 1)",0.40246212498228456
2001-06-29,True,False,"(6, 2, 4, 1)",0.7093303389413427
2001-07-02,True,False,"(5, 1, 4, 1)",0.11626247221868057
2001-07-03,False,True,"(2, 1, 4, 1)",0.2696515356345487
2001-07-05,False,True,"(8, 1, 3, 1)",0.29051548613031436
2001-07-06,False,True,,
2001-07-09,True,False,"(4, 1, 4, 1)",0.531159336467765
2001-07-10,False,True,,
2001-07-11,False,True,,
2001-07-12,False,True,,
2001-07-13,False,True,"(2, 1, 4, 1)",0.24729749296940226
2001-07-16,False,True,"(3, 1, 4, 1)",0.09360441949531767
2001-07-17,False,True,"(2, 1, 4, 1)",0.1781167026055789
2001-07-18,False,True,,
2001-07-19,False,True,,
2001-07-20,True,False,"(3, 1, 7, 3)",0.6879898617588189
2001-07-23,False,True,,
2001-07-24,False,True,,
2001-07-25,False,True,,
2001-07-26,True,False,"(7, 1, 4, 1)",0.7073172138417669
2001-07-27,False,True,"(8, 1, 7, 3)",0.6843959816417325
2001-07-30,True,False,"(2, 1, 7, 3)",0.828393187674252
2001-07-31,False,True,,
2001-08-01,False,True,,
2001-08-02,False,True,"(2, 1, 6, 1)",0.22726079399999882
2001-08-03,False,True,"(2, 1, 6, 1)",0.426469343236353
2001-08-06,False,True,"(3, 1, 6, 1)",0.41147306962466446
2001-08-07,False,True,"(3, 1, 6, 1)",0.3741173364873765
2001-08-08,True,False,"(8, 1, 4, 1)",0.5591504552100179
2001-08-09,False,True,"(5, 1, 4, 1)",0.24477014037216213
2001-08-10,False,True,"(6, 1, 4, 1)",0.39139449182787167
2001-08-13,False,True,"(7, 1, 4, 1)",0.4353433053304943
2001-08-14,False,True,,
2001-08-15,False,True,,
2001-08-16,True,False,"(3, 1, 7, 3)",0.6345432660840133
2001-08-17,False,True,,
2001-08-20,False,True,,
2001-08-21,False,True,,
2001-08-22,False,True,,
2001-08-23,False,True,,
2001-08-24,False,True,"(2, 1, 6, 1)",0.33311459159607854
2001-08-27,False,True,"(2, 1, 6, 2)",0.24855451589628647
2001-08-28,False,True,"(3, 1, 2, 1)",0.4428655594147954
2001-08-29,True,False,"(6, 1, 4, 1)",0.6920144781578398
2001-08-30,False,True,"(6, 1, 7, 3)",0.7588670328753221
2001-08-31,False,True,"(6, 1, 2, 1)",0.14943224778286487
2001-09-04,True,False,"(2, 1, 6, 1)",0.8013448581435691
2001-09-05,False,True,"(2, 1, 6, 1)",0.3853073534963508
2001-09-06,False,True,,
2001-09-07,False,True,,
2001-09-10,False,True,"(9, 1, 4, 1)",0.2611037015327125
2001-09-17,False,True,,
2001-09-18,False,True,,
2001-09-19,False,True,,
2001-09-20,False,True,,
2001-09-21,True,False,"(2, 1, 2, 1)",0.6012553794878808
2001-09-24,True,False,,
2001-09-25,False,True,,
2001-09-26,False,True,,
2001-09-27,False,True,,
2001-09-28,False,True,,
2001-10-01,False,True,,
2001-10-02,False,True,,
2001-10-03,False,True,,
2001-10-04,True,False,"(3, 1, 7, 3)",0.9609018723973901
2001-10-05,True,False,"(2, 1, 7, 3)",0.9800024055496391
2001-10-08,True,False,"(2, 1, 7, 3)",0.9768196787196941
2001-10-09,False,True,"(3, 1, 2, 1)",0.9841852212414387
2001-10-10,True,False,"(2, 1, 7, 3)",0.977425515270532
2001-10-11,True,False,"(9, 1, 3, 1)",0.9046001167675047
2001-10-12,True,False,"(9, 3, 3, 1)",0.44055219679027724
2001-10-15,True,False,"(2, 1, 4, 1)",0.6530389448609761
2001-10-16,True,False,"(2, 1, 4, 1)",0.6537931888762467
2001-10-17,False,True,"(5, 1, 4, 1)",0.8551162931252938
2001-10-18,True,False,"(4, 1, 4, 1)",0.7882863962739995
2001-10-19,True,False,"(5, 1, 4, 1)",0.6420608671056268
2001-10-22,True,False,"(2, 1, 4, 1)",0.3103279797747366
2001-10-23,False,True,"(3, 1, 4, 1)",0.9304181797165375
2001-10-24,True,False,"(2, 1, 4, 1)",0.5267774334708468
2001-10-25,True,False,"(3, 1, 4, 1)",0.3223517053901097
2001-10-26,False,True,"(3, 1, 4, 1)",0.8394338467436475
2001-10-29,True,False,"(8, 1, 7, 3)",0.8509440050503296
2001-10-30,False,True,"(9, 1, 6, 4)",0.6954045802383738
2001-10-31,False,True,,
2001-11-01,True,False,"(5, 1, 7, 3)",0.8736153927064205
2001-11-02,False,True,"(2, 1, 6, 1)",0.8960920055320254
2001-11-05,True,False,"(2, 1, 4, 1)",0.828995786014785
2001-11-06,True,False,"(2, 1, 4, 1)",0.489217610847129
2001-11-07,True,False,"(2, 1, 4, 1)",0.44803286925491465
2001-11-08,False,True,"(7, 1, 4, 1)",0.9077785245334504
2001-11-09,True,False,"(7, 1, 4, 1)",0.9168683361349512
2001-11-12,False,True,"(3, 1, 4, 1)",0.8159795323293033
2001-11-13,False,True,"(2, 1, 4, 1)",0.4127835400572206
2001-11-14,True,False,"(2, 1, 4, 1)",0.7602386833826069
2001-11-15,False,True,"(2, 1, 4, 1)",0.8511173776632142
2001-11-16,True,False,"(4, 1, 4, 1)",0.8816863212669018
2001-11-19,True,False,"(3, 1, 4, 1)",0.8021536475607831
2001-11-20,False,True,"(2, 1, 4, 1)",0.9461615689204974
2001-11-21,True,False,"(2, 1, 4, 1)",0.9267766907595765
2001-11-23,False,True,"(3, 1, 4, 1)",0.957271106569471
2001-11-26,True,False,"(2, 1, 4, 1)",0.5270584095513771
2001-11-27,False,True,"(2, 1, 4, 1)",0.9406594954242387
2001-11-28,True,False,"(3, 1, 4, 1)",0.924778801306272
2001-11-29,False,True,"(4, 1, 4, 1)",0.9232668466115208
2001-11-30,True,False,"(4, 1, 4, 1)",0.6433997566618488
2001-12-03,False,True,"(2, 1, 4, 1)",0.930992628842518
2001-12-04,False,True,"(2, 1, 4, 1)",0.3654189178884137
2001-12-05,False,True,"(2, 1, 6, 2)",0.26033063506277554
2001-12-06,True,False,"(2, 1, 4, 1)",0.5369169173943329
2001-12-07,False,True,"(3, 1, 4, 1)",0.34382044251978394
2001-12-10,False,True,"(4, 1, 4, 1)",0.22503608616622311
2001-12-11,True,False,"(6, 1, 4, 1)",0.7729177535904351
2001-12-12,False,True,"(7, 1, 4, 1)",0.8505774612002825
2001-12-13,False,True,,
2001-12-14,False,True,,
2001-12-17,True,False,"(8, 1, 7, 3)",0.9021074935373664
2001-12-18,False,True,"(9, 1, 7, 3)",0.7336940717244324
2001-12-19,True,False,"(2, 1, 6, 1)",0.798881591951263
2001-12-20,False,True,"(3, 1, 2, 1)",0.8623504654927615
2001-12-21,True,False,"(2, 1, 7, 4)",0.8467745735491518
2001-12-24,False,True,"(3, 1, 7, 3)",0.8828284839472668
2001-12-26,True,False,"(2, 1, 6, 2)",0.7780980674312453
2001-12-27,True,False,"(2, 1, 4, 1)",0.5715884413605692
2001-12-28,True,False,"(2, 1, 4, 1)",0.4694527203322466
2001-12-31,False,True,"(3, 1, 4, 1)",0.7604677763319716
2002-01-02,False,True,"(2, 1, 4, 1)",0.16765128523140527
2002-01-03,False,True,"(2, 1, 4, 1)",0.24670680214629975
2002-01-04,False,True,"(2, 1, 4, 1)",0.12715925408753298
2002-01-07,False,True,"(4, 1, 4, 1)",0.33328348176534034
2002-01-08,False,True,"(5, 1, 4, 1)",0.3556524077765956
2002-01-09,True,False,"(9, 3, 6, 2)",0.6001758012035622
2002-01-10,False,True,,
2002-01-11,False,True,,
2002-01-14,True,False,"(6, 1, 2, 1)",0.8874549165156761
2002-01-15,True,False,"(7, 1, 6, 1)",0.8844511163356873
2002-01-16,False,True,,
2002-01-17,True,False,"(2, 1, 6, 2)",0.8316643842372179
2002-01-18,False,True,"(2, 1, 2, 1)",0.9315855957426796
2002-01-22,True,False,"(3, 1, 6, 2)",0.9349643518189084
2002-01-23,True,False,"(3, 1, 4, 1)",0.9305027508618856
2002-01-24,True,False,"(2, 1, 4, 1)",0.9432531687211467
2002-01-25,True,False,"(2, 1, 6, 3)",0.9039352579301497
2002-01-28,True,False,"(2, 1, 4, 1)",0.9454150625407188
2002-01-29,False,True,"(4, 1, 5, 3)",0.9371026007454183
2002-01-30,True,False,"(2, 1, 4, 1)",0.8894683375580973
2002-01-31,True,False,"(2, 1, 4, 1)",0.3903326841998619
2002-02-01,False,True,"(2, 1, 4, 1)",0.8838557200997005
2002-02-04,False,True,"(2, 1, 4, 1)",0.36539105156014445
2002-02-05,False,True,"(2, 1, 4, 1)",0.3427591490038711
2002-02-06,True,False,"(3, 1, 4, 1)",0.5446548374492074
2002-02-07,False,True,"(6, 3, 4, 1)",0.4304760461790857
2002-02-08,True,False,"(8, 1, 7, 3)",0.7737639929309992
2002-02-11,False,True,"(4, 1, 4, 1)",0.15088533180944477
2002-02-12,True,False,"(2, 1, 4, 1)",0.5376031182562816
2002-02-13,True,False,"(2, 1, 4, 1)",0.38317660433910433
2002-02-14,False,True,"(4, 1, 4, 1)",0.2764160592391406
2002-02-15,False,True,,
2002-02-19,False,True,,
2002-02-20,True,False,"(4, 1, 7, 3)",0.777491050314097
2002-02-21,False,True,,
2002-02-22,False,True,,
2002-02-25,False,True,,
2002-02-26,True,False,"(2, 1, 7, 3)",0.7275071158959511
2002-02-27,False,True,"(4, 1, 4, 1)",0.925447518363681
2002-02-28,False,True,,
2002-03-01,True,False,"(4, 1, 7, 3)",0.7040046761087488
2002-03-04,True,False,"(2, 1, 4, 1)",0.42322715591191123
2002-03-05,False,True,"(2, 1, 4, 1)",0.9303584162588177
2002-03-06,True,False,"(2, 1, 2, 1)",0.5929285309530057
2002-03-07,True,False,"(3, 1, 2, 1)",0.21511569185220875
2002-03-08,True,False,"(3, 1, 4, 1)",0.31513261456433245
2002-03-11,True,False,"(2, 1, 4, 1)",0.2543005933945637
2002-03-12,False,True,"(3, 1, 4, 1)",0.45767826033600406
2002-03-13,False,True,"(4, 1, 2, 1)",0.41061110454357946
2002-03-14,False,True,"(5, 1, 2, 1)",0.42105710712228567
2002-03-15,False,True,"(4, 1, 4, 1)",0.13713671609728953
2002-03-18,False,True,"(2, 1, 4, 1)",0.33595646432694937
2002-03-19,False,True,"(2, 1, 4, 1)",0.25152350000092494
2002-03-20,False,True,"(3, 1, 4, 1)",0.30841127319409994
2002-03-21,False,True,,
2002-03-22,False,True,,
2002-03-25,False,True,,
2002-03-26,False,True,,
2002-03-27,False,True,,
2002-03-28,True,False,"(2, 1, 4, 1)",0.9599584910706762
2002-04-01,True,False,"(2, 1, 6, 1)",0.758742170607191
2002-04-02,False,True,"(2, 1, 2, 1)",0.9363783847213157
2002-04-03,True,False,"(3, 1, 2, 1)",0.9682563486763147
2002-04-04,True,False,"(3, 1, 4, 1)",0.47848740436014137
2002-04-05,False,True,"(2, 1, 4, 1)",0.6349815879645886
2002-04-08,True,False,"(3, 1, 4, 1)",0.7113010389608379
2002-04-09,False,True,"(4, 1, 2, 1)",0.9248073470829604
2002-04-10,True,False,"(4, 1, 4, 1)",0.5130571657277214
2002-04-11,True,False,"(2, 1, 4, 1)",0.7109374939486529
2002-04-12,True,False,"(2, 1, 4, 1)",0.45668003394696566
2002-04-15,False,True,"(2, 1, 4, 1)",0.678797723318446
2002-04-16,False,True,"(2, 1, 4, 1)",0.235355783956288
2002-04-17,False,True,"(2, 1, 4, 1)",0.2036283990259698
2002-04-18,False,True,"(3, 1, 4, 1)",0.3268506115634329
2002-04-19,False,True,"(6, 1, 4, 1)",0.35487390663575014
2002-04-22,True,False,"(9, 1, 6, 4)",0.6940248288813737
2002-04-23,False,True,,
2002-04-24,False,True,,
2002-04-25,True,False,"(6, 1, 2, 1)",0.6277981768409412
2002-04-26,False,True,,
2002-04-29,True,False,"(8, 1, 7, 3)",0.565561108358868
2002-04-30,False,True,"(9, 1, 7, 4)",0.34359310023830325
2002-05-01,True,False,"(2, 1, 6, 1)",0.8239525862591033
2002-05-02,False,True,"(4, 1, 7, 3)",0.8530005685581232
2002-05-03,True,False,"(5, 1, 7, 3)",0.8495752628215891
2002-05-06,False,True,,
2002-05-07,False,True,,
2002-05-08,False,True,,
2002-05-09,True,False,"(2, 1, 6, 1)",0.744203083506619
2002-05-10,False,True,"(3, 1, 2, 1)",0.8819652686662768
2002-05-13,True,False,"(3, 1, 7, 3)",0.7492501305386271
2002-05-14,True,False,"(4, 1, 4, 1)",0.09139784652629694
2002-05-15,False,True,"(2, 1, 4, 1)",0.30659506026140065
2002-05-16,False,True,"(3, 1, 4, 1)",0.1854343227992637
2002-05-17,False,True,"(4, 1, 4, 1)",0.12406391264749331
2002-05-20,False,True,"(5, 1, 2, 1)",0.16127608227394014
2002-05-21,True,False,"(7, 1, 4, 1)",0.8728637915416807
2002-05-22,False,True,"(6, 1, 7, 3)",0.1609751848334221
2002-05-23,False,True,"(7, 1, 4, 1)",0.08468094472625576
2002-05-24,False,True,"(3, 1, 2, 1)",0.4143776211975578
2002-05-28,False,True,"(4, 1, 7, 3)",0.2788497866093338
2002-05-29,False,True,,
2002-05-30,False,True,"(4, 1, 2, 1)",0.12301231567389274
2002-05-31,False,True,,
2002-06-03,False,True,,
2002-06-04,False,True,,
2002-06-05,False,True,,
2002-06-06,False,True,,
2002-06-07,False,True,,
2002-06-10,False,True,,
2002-06-11,False,True,,
2002-06-12,False,True,,
2002-06-13,False,True,,
2002-06-14,False,True,,
2002-06-17,False,True,"(2, 1, 7, 3)",0.07439260627426969
2002-06-18,False,True,"(2, 1, 6, 1)",0.2297588149380758
2002-06-19,False,True,,
2002-06-20,False,True,,
2002-06-21,False,True,,
2002-06-24,False,True,,
2002-06-25,True,False,"(3, 1, 4, 1)",0.7271244659705955
2002-06-26,False,True,,
2002-06-27,True,False,"(3, 1, 4, 1)",0.6208309736171557
2002-06-28,True,False,,
2002-07-01,False,True,"(6, 1, 7, 3)",0.8517554624357127
2002-07-02,True,False,"(6, 1, 7, 3)",0.9215117446762978
2002-07-03,False,True,"(3, 1, 7, 3)",0.27356574222453367
2002-07-05,False,True,"(2, 1, 4, 1)",0.35324293545276797
2002-07-08,False,True,"(2, 1, 4, 1)",0.3980944753350031
2002-07-09,False,True,"(6, 1, 6, 2)",0.39063461837614893
2002-07-10,False,True,"(8, 1, 7, 1)",0.3598503068898575
2002-07-11,False,True,"(4, 1, 4, 1)",0.10460236355436589
2002-07-12,True,False,"(2, 1, 6, 1)",0.5458945988660361
2002-07-15,False,True,"(2, 1, 4, 1)",0.3576254053904856
2002-07-16,False,True,"(3, 1, 6, 1)",0.29439315072373184
2002-07-17,False,True,,
2002-07-18,False,True,,
2002-07-19,False,True,,
2002-07-22,False,True,,
2002-07-23,False,True,,
2002-07-24,False,True,,
2002-07-25,False,True,,
2002-07-26,False,True,,
2002-07-29,False,True,"(3, 1, 6, 2)",0.4564542835693254
2002-07-30,False,True,"(2, 1, 6, 2)",0.3590625700093971
2002-07-31,True,False,"(2, 1, 6, 1)",0.6620628547194224
2002-08-01,False,True,"(4, 1, 7, 3)",0.8199850496843911
2002-08-02,True,False,"(5, 1, 7, 3)",0.8935452758647866
2002-08-05,False,True,,
2002-08-06,True,False,"(5, 1, 7, 3)",0.790171281345971
2002-08-07,False,True,"(2, 1, 7, 3)",0.8947706374789726
2002-08-08,True,False,"(2, 1, 2, 1)",0.5905078804623853
2002-08-09,False,True,"(3, 1, 2, 1)",0.8656847350918525
2002-08-12,True,False,"(4, 1, 7, 3)",0.6894162581381823
2002-08-13,False,True,"(6, 1, 7, 3)",0.8485051787129302
2002-08-14,True,False,"(4, 1, 2, 1)",0.9459079275750385
2002-08-15,True,False,"(2, 1, 2, 1)",0.9228126806410792
2002-08-16,True,False,"(2, 1, 2, 1)",0.557669210922892
2002-08-19,True,False,"(2, 1, 2, 1)",0.24346553355848236
2002-08-20,False,True,"(2, 1, 2, 1)",0.21034584422506888
2002-08-21,False,True,"(2, 1, 4, 1)",0.24959484274130392
2002-08-22,False,True,"(2, 1, 4, 1)",0.34303925292416937
2002-08-23,False,True,"(6, 3, 4, 1)",0.17812561274990094
2002-08-26,False,True,"(8, 1, 3, 1)",0.20190269387925142
2002-08-27,False,True,,
2002-08-28,False,True,,
2002-08-29,False,True,,
2002-08-30,False,True,"(8, 1, 4, 1)",0.4205900466024305
2002-09-03,False,True,,
2002-09-04,True,False,"(2, 1, 6, 1)",0.746205776158473
2002-09-05,False,True,,
2002-09-06,False,True,,
2002-09-09,False,True,,
2002-09-10,False,True,,
2002-09-11,False,True,,
2002-09-12,False,True,,
2002-09-13,False,True,,
2002-09-16,False,True,,
2002-09-17,True,False,"(2, 1, 4, 1)",0.5317832043966434
2002-09-18,True,False,"(2, 1, 6, 2)",0.44958202870649444
2002-09-19,False,True,"(3, 1, 2, 1)",0.51237212416727
2002-09-20,True,False,"(2, 1, 2, 1)",0.5997623262689119
2002-09-23,False,True,"(3, 1, 2, 1)",0.42416757964391927
2002-09-24,True,False,"(4, 1, 2, 1)",0.7203066052078668
2002-09-25,True,False,"(5, 1, 2, 1)",0.15901693452982227
2002-09-26,False,True,"(2, 1, 6, 1)",0.7374204579103005
2002-09-27,True,False,"(2, 1, 6, 1)",0.6563331192477408
2002-09-30,False,True,,
2002-10-01,True,False,"(4, 1, 2, 1)",0.741932054185726
2002-10-02,False,True,,
2002-10-03,False,True,,
2002-10-04,False,True,,
2002-10-07,False,True,,
2002-10-08,False,True,,
2002-10-09,False,True,,
2002-10-10,False,True,,
2002-10-11,True,False,"(2, 1, 6, 2)",0.5196188887522173
2002-10-14,True,False,"(2, 1, 6, 2)",0.40213294812020983
2002-10-15,True,False,"(2, 1, 4, 1)",0.5039681829511823
2002-10-16,False,True,"(3, 1, 2, 1)",0.8551875854415013
2002-10-17,True,False,"(6, 1, 4, 2)",0.862983037433417
2002-10-18,False,True,"(3, 1, 4, 1)",0.9128897452543633
2002-10-21,True,False,"(4, 1, 2, 1)",0.9344852873800836
2002-10-22,True,False,"(2, 1, 4, 1)",0.952123163724027
2002-10-23,True,False,"(2, 1, 4, 1)",0.9579796737171
2002-10-24,False,True,"(3, 1, 2, 1)",0.9666525432796206
2002-10-25,True,False,"(2, 1, 4, 1)",0.9095669449471014
2002-10-28,True,False,"(2, 1, 4, 1)",0.8981912552041857
2002-10-29,False,True,"(2, 1, 4, 1)",0.9712432038708992
2002-10-30,True,False,"(2, 1, 4, 1)",0.7025618612696818
2002-10-31,True,False,"(2, 1, 4, 1)",0.7154990985718208
2002-11-01,True,False,"(2, 1, 4, 1)",0.4435425547621919
2002-11-04,True,False,"(2, 1, 4, 1)",0.3140422111800222
2002-11-05,True,False,"(2, 1, 4, 1)",0.2851333906445684
2002-11-06,True,False,"(2, 1, 4, 1)",0.3109743016885024
2002-11-07,False,True,"(6, 1, 4, 1)",0.6389998104658483
2002-11-08,True,False,"(8, 3, 6, 3)",0.5404718491799004
2002-11-11,False,True,,
2002-11-12,True,False,"(5, 1, 2, 1)",0.7693686033821231
2002-11-13,False,True,"(5, 1, 4, 1)",0.7692283239652786
2002-11-14,False,True,"(6, 1, 4, 1)",0.16163075719084444
2002-11-15,True,False,"(2, 1, 3, 1)",0.7465717389687789
2002-11-18,False,True,"(3, 1, 6, 1)",0.7519205289150678
2002-11-19,True,False,"(9, 1, 6, 3)",0.6264673377034325
2002-11-20,False,True,"(4, 1, 6, 2)",0.4759301236851865
2002-11-21,False,True,"(5, 1, 4, 1)",0.054882700084623606
2002-11-22,False,True,"(2, 1, 6, 1)",0.39555059191492437
2002-11-25,False,True,"(3, 1, 2, 1)",0.25524530001234075
2002-11-26,False,True,"(5, 1, 2, 1)",0.4494559043191835
2002-11-27,False,True,"(4, 1, 2, 1)",0.16415444570074386
2002-11-29,False,True,"(5, 1, 2, 1)",0.36300767569397496
2002-12-02,False,True,,
2002-12-03,False,True,,
2002-12-04,False,True,,
2002-12-05,False,True,,
2002-12-06,False,True,,
2002-12-09,False,True,,
2002-12-10,False,True,,
2002-12-11,False,True,"(2, 1, 6, 2)",0.17981246484536761
2002-12-12,False,True,"(3, 1, 2, 1)",0.30894020632555547
2002-12-13,True,False,"(5, 1, 2, 1)",0.6554456420596934
2002-12-16,False,True,"(5, 1, 2, 1)",0.5371701058721249
2002-12-17,False,True,"(4, 1, 2, 1)",0.1596551536602153
2002-12-18,False,True,,
2002-12-19,False,True,,
2002-12-20,False,True,,
2002-12-23,False,True,,
2002-12-24,True,False,"(2, 1, 6, 1)",0.9375483683145927
2002-12-26,False,True,"(2, 1, 6, 1)",0.8559673766771461
2002-12-27,False,True,,
2002-12-30,False,True,,
2002-12-31,False,True,,
2003-01-02,False,True,"(2, 1, 2, 1)",0.2516001915429389
2003-01-03,False,True,"(2, 1, 6, 2)",0.14679706035974655
2003-01-06,False,True,"(2, 1, 6, 2)",0.24446858824418874
2003-01-07,False,True,"(3, 1, 2, 1)",0.2685765456555376
2003-01-08,True,False,"(5, 1, 4, 1)",0.7320004721722941
2003-01-09,False,True,"(4, 1, 2, 1)",0.2915444049138076
2003-01-10,False,True,"(5, 1, 2, 1)",0.29564160237184706
2003-01-13,True,False,"(6, 1, 2, 1)",0.5517111151696218
2003-01-14,False,True,"(7, 1, 2, 1)",0.5673356837705934
2003-01-15,False,True,,
2003-01-16,False,True,"(9, 1, 7, 4)",0.27926374388507724
2003-01-17,False,True,,
2003-01-21,False,True,,
2003-01-22,False,True,,
2003-01-23,False,True,,
2003-01-24,False,True,,
2003-01-27,True,False,"(2, 1, 6, 2)",0.773478653517319
2003-01-28,True,False,"(3, 1, 3, 1)",0.3832590359209666
2003-01-29,True,False,"(2, 1, 6, 2)",0.28458338284050977
2003-01-30,False,True,"(3, 1, 3, 1)",0.8368757215569117
2003-01-31,True,False,"(2, 1, 6, 1)",0.9346842425514035
2003-02-03,False,True,"(3, 1, 4, 1)",0.7913620837444508
2003-02-04,True,False,"(2, 1, 6, 1)",0.8576858105012882
2003-02-05,False,True,"(5, 1, 2, 1)",0.7035505648296351
2003-02-06,True,False,"(8, 1, 7, 3)",0.7128177950644721
2003-02-07,False,True,"(9, 1, 7, 3)",0.7926033398041129
2003-02-10,True,False,"(8, 1, 7, 3)",0.7481377780430375
2003-02-11,False,True,"(9, 1, 7, 3)",0.6184925096355699
2003-02-12,False,True,,
2003-02-13,True,False,"(2, 1, 6, 2)",0.9339021175773257
2003-02-14,True,False,"(2, 1, 6, 2)",0.866917314136774
2003-02-18,True,False,"(2, 1, 4, 1)",0.3912136673966703
2003-02-19,False,True,"(2, 1, 4, 1)",0.9291480590990939
2003-02-20,True,False,"(3, 1, 4, 1)",0.7793630765276659
2003-02-21,False,True,"(3, 1, 4, 1)",0.5928501893240716
2003-02-24,True,False,"(5, 1, 4, 1)",0.9013029021493054
2003-02-25,True,False,"(2, 1, 4, 1)",0.7475603810598447
2003-02-26,False,True,"(9, 1, 7, 4)",0.7651916680962537
2003-02-27,True,False,"(2, 1, 6, 2)",0.9214188320988839
2003-02-28,False,True,"(3, 1, 4, 1)",0.5418384466802023
2003-03-03,True,False,"(4, 1, 2, 1)",0.847745576620679
2003-03-04,False,True,,
2003-03-05,False,True,,
2003-03-06,False,True,,
2003-03-07,False,True,,
2003-03-10,False,True,,
2003-03-11,False,True,,
2003-03-12,False,True,,
2003-03-13,False,True,,
2003-03-14,True,False,"(2, 1, 6, 1)",0.747209616266386
2003-03-17,True,False,"(2, 1, 4, 1)",0.5448099980707153
2003-03-18,False,True,"(2, 1, 4, 1)",0.40452870065153634
2003-03-19,False,True,"(3, 1, 4, 1)",0.48125804173202297
2003-03-20,False,True,"(4, 1, 6, 2)",0.2791721316240697
2003-03-21,False,True,"(4, 1, 6, 2)",0.19751485970940583
2003-03-24,True,False,"(8, 1, 7, 3)",0.5248187228150193
2003-03-25,False,True,"(2, 1, 6, 1)",0.7953619214660113
2003-03-26,True,False,"(7, 1, 7, 3)",0.7196794940368484
2003-03-27,False,True,"(8, 1, 2, 1)",0.5006666663010663
2003-03-28,False,True,"(9, 1, 6, 4)",0.34916607259764615
2003-03-31,False,True,,
2003-04-01,True,False,"(2, 1, 6, 1)",0.8566656833055329
2003-04-02,True,False,"(3, 1, 6, 2)",0.29919835927798183
2003-04-03,False,True,"(2, 1, 6, 2)",0.5083213040939907
2003-04-04,False,True,"(3, 1, 6, 2)",0.3891579120817878
2003-04-07,False,True,"(3, 1, 7, 2)",0.3352454740993416
2003-04-08,False,True,"(2, 1, 7, 2)",0.4434607524342844
2003-04-09,False,True,"(6, 1, 7, 1)",0.4343482588577997
2003-04-10,False,True,"(6, 1, 7, 1)",0.21924997052354486
2003-04-11,False,True,,
2003-04-14,False,True,,
2003-04-15,False,True,,
2003-04-16,False,True,,
2003-04-17,False,True,,
2003-04-21,False,True,,
2003-04-22,False,True,,
2003-04-23,True,False,"(4, 1, 7, 3)",0.9315827801825378
2003-04-24,False,True,"(4, 1, 7, 3)",0.9780921047824422
2003-04-25,True,False,"(4, 1, 7, 3)",0.9756933345631457
2003-04-28,True,False,"(3, 1, 7, 3)",0.982393033012735
2003-04-29,True,False,"(3, 1, 7, 3)",0.9852372497531808
2003-04-30,True,False,"(3, 1, 7, 3)",0.9900481035231788
2003-05-01,True,False,"(3, 1, 6, 3)",0.9885653126349311
2003-05-02,True,False,"(2, 1, 7, 4)",0.9875747448954832
2003-05-05,True,False,"(9, 1, 7, 3)",0.891646142808456
2003-05-06,True,False,"(9, 1, 3, 1)",0.2833680758758376
2003-05-07,True,False,"(9, 1, 4, 2)",0.2558656399793217
2003-05-08,True,False,"(9, 1, 3, 1)",0.30384543709266953
2003-05-09,True,False,"(9, 1, 3, 1)",0.3375180515661844
2003-05-12,True,False,"(9, 1, 3, 1)",0.22903721136201263
2003-05-13,True,False,"(9, 1, 3, 1)",0.6141775732598068
2003-05-14,True,False,"(3, 1, 7, 4)",0.49260906033893004
2003-05-15,True,False,"(9, 1, 3, 1)",0.5292937095199834
2003-05-16,True,False,"(9, 1, 3, 1)",0.5509669193752228
2003-05-19,True,False,"(7, 1, 7, 3)",0.8109279436179948
2003-05-20,False,True,"(9, 1, 6, 3)",0.9259185154557223
2003-05-21,True,False,"(3, 1, 6, 2)",0.9572379156599585
2003-05-22,False,True,"(4, 1, 7, 3)",0.7430091950442532
2003-05-23,True,False,"(2, 1, 6, 2)",0.936840415517123
2003-05-27,True,False,"(2, 1, 7, 3)",0.46181326850465226
2003-05-28,False,True,"(3, 1, 6, 2)",0.6868715790903912
2003-05-29,False,True,"(5, 1, 6, 3)",0.4932085008875256
2003-05-30,True,False,"(6, 1, 6, 3)",0.7034155414228245
2003-06-02,False,True,,
2003-06-03,False,True,,
2003-06-04,True,False,"(6, 1, 4, 1)",0.6102596845262622
2003-06-05,False,True,"(2, 1, 7, 3)",0.8830618678774533
2003-06-06,False,True,,
2003-06-09,False,True,,
2003-06-10,True,False,"(3, 1, 7, 4)",0.9216930837819781
2003-06-11,False,True,"(2, 1, 7, 3)",0.9424394385286926
2003-06-12,True,False,"(2, 1, 7, 4)",0.9299950371418624
2003-06-13,False,True,"(3, 1, 2, 1)",0.9456069562170786
2003-06-16,True,False,"(2, 1, 6, 2)",0.8102584818487303
2003-06-17,False,True,"(2, 1, 7, 3)",0.9361360795600407
2003-06-18,False,True,"(2, 1, 6, 2)",0.2608185003237403
2003-06-19,False,True,"(2, 1, 6, 2)",0.3569559727982101
2003-06-20,False,True,"(2, 1, 2, 1)",0.2552385431604397
2003-06-23,True,False,"(4, 1, 2, 1)",0.6127198348033255
2003-06-24,False,True,"(5, 1, 4, 1)",0.9018972886854405
2003-06-25,True,False,"(3, 1, 4, 1)",0.843136414170564
2003-06-26,True,False,"(2, 1, 4, 1)",0.8104254103794213
2003-06-27,False,True,"(8, 1, 7, 1)",0.908685416208549
2003-06-30,True,False,"(2, 1, 4, 1)",0.9208381243947711
2003-07-01,False,True,"(3, 1, 4, 1)",0.9314970955757446
2003-07-02,True,False,"(2, 1, 2, 1)",0.9124805743822043
2003-07-03,False,True,"(2, 1, 2, 1)",0.9551168407956145
2003-07-07,True,False,"(2, 1, 2, 1)",0.9224552145241214
2003-07-08,True,False,"(2, 1, 2, 1)",0.4073602807501985
2003-07-09,False,True,"(2, 1, 2, 1)",0.9387317943075728
2003-07-10,True,False,"(4, 1, 6, 2)",0.9182347284868501
2003-07-11,False,True,"(3, 1, 2, 1)",0.8328595041405884
2003-07-14,True,False,"(4, 1, 4, 1)",0.7824530959227768
2003-07-15,False,True,"(3, 1, 4, 1)",0.9355195794945583
2003-07-16,True,False,"(2, 1, 4, 1)",0.9098460593517649
2003-07-17,True,False,"(3, 1, 6, 2)",0.48339279375284805
2003-07-18,False,True,"(2, 1, 2, 1)",0.8680433402530768
2003-07-21,True,False,"(3, 1, 2, 1)",0.8032110543205847
2003-07-22,False,True,"(3, 1, 2, 1)",0.5144036121195223
2003-07-23,False,True,"(4, 1, 2, 1)",0.3071169854647966
2003-07-24,True,False,"(6, 1, 2, 1)",0.6456191901829931
2003-07-25,True,False,"(6, 1, 6, 2)",0.13412094332137986
2003-07-28,False,True,"(2, 1, 2, 1)",0.43777581530973153
2003-07-29,True,False,"(3, 1, 2, 1)",0.6774433617875278
2003-07-30,False,True,,
2003-07-31,False,True,"(4, 1, 6, 2)",0.183903255055346
2003-08-01,True,False,"(2, 1, 6, 2)",0.628071925556669
2003-08-04,False,True,"(2, 1, 2, 1)",0.24016452662997573
2003-08-05,True,False,"(4, 1, 6, 2)",0.6906011872955248
2003-08-06,False,True,,
2003-08-07,True,False,"(3, 1, 7, 3)",0.7466819405093843
2003-08-08,False,True,"(4, 1, 6, 2)",0.8027778053201207
2003-08-11,True,False,"(5, 1, 7, 3)",0.8301135738807037
2003-08-12,False,True,,
2003-08-13,True,False,"(2, 1, 6, 3)",0.8672075880159059
2003-08-14,False,True,"(2, 1, 4, 1)",0.9094664658975115
2003-08-15,True,False,"(3, 1, 4, 1)",0.9163175864053263
2003-08-18,True,False,"(3, 1, 6, 3)",0.8954711311410304
2003-08-19,False,True,"(2, 1, 7, 3)",0.9553819345163724
2003-08-20,True,False,"(2, 1, 4, 1)",0.797466358766015
2003-08-21,True,False,"(2, 1, 4, 1)",0.5586627167815859
2003-08-22,False,True,"(3, 1, 4, 1)",0.9732369013275307
2003-08-25,True,False,"(4, 1, 4, 1)",0.9480162493404939
2003-08-26,False,True,"(3, 1, 4, 1)",0.9547391764484797
2003-08-27,True,False,"(2, 1, 6, 2)",0.9555336960469647
2003-08-28,True,False,"(9, 1, 3, 1)",0.8588885022429255
2003-08-29,True,False,"(2, 1, 4, 1)",0.4335888184494749
2003-09-02,True,False,"(2, 1, 4, 1)",0.15511214066366724
2003-09-03,True,False,"(2, 1, 4, 1)",0.1858112873652275
2003-09-04,False,True,"(3, 1, 4, 1)",0.36635383425465073
2003-09-05,True,False,"(5, 1, 4, 1)",0.7552609858129788
2003-09-08,False,True,"(3, 1, 4, 1)",0.4301838576343402
2003-09-09,True,False,"(7, 1, 4, 1)",0.6706375467414745
2003-09-10,False,True,"(9, 1, 7, 3)",0.6636463950169532
2003-09-11,False,True,"(6, 1, 4, 1)",0.3916785313660917
2003-09-12,False,True,"(2, 1, 4, 1)",0.3567496374178923
2003-09-15,True,False,"(3, 1, 6, 1)",0.8227097599667823
2003-09-16,False,True,"(2, 1, 6, 1)",0.6935423920915592
2003-09-17,False,True,,
2003-09-18,False,True,"(7, 1, 7, 3)",0.2209595824905919
2003-09-19,False,True,"(2, 1, 6, 1)",0.4063041876136661
2003-09-22,False,True,,
2003-09-23,False,True,"(3, 1, 6, 2)",0.3525871186431948
2003-09-24,False,True,,
2003-09-25,False,True,,
2003-09-26,False,True,,
2003-09-29,False,True,,
2003-09-30,True,False,"(2, 1, 4, 1)",0.93623448845718
2003-10-01,False,True,"(2, 1, 7, 3)",0.9196519910131822
2003-10-02,False,True,,
2003-10-03,False,True,,
2003-10-06,True,False,"(2, 1, 6, 3)",0.9397592171552639
2003-10-07,True,False,"(2, 1, 6, 2)",0.29759734626307116
2003-10-08,False,True,"(2, 1, 6, 2)",0.5125597643886313
2003-10-09,False,True,"(2, 1, 6, 2)",0.1688479063383932
2003-10-10,False,True,"(2, 1, 4, 1)",0.12175481884332037
2003-10-13,False,True,"(2, 1, 4, 1)",0.15886537216322658
2003-10-14,False,True,"(2, 1, 4, 1)",0.12867182651922032
2003-10-15,False,True,"(2, 1, 4, 1)",0.19354326748468814
2003-10-16,True,False,"(6, 1, 6, 2)",0.5767242381651996
2003-10-17,False,True,"(9, 1, 6, 2)",0.6639131801995711
2003-10-20,True,False,"(3, 1, 6, 1)",0.7733833378313217
2003-10-21,False,True,"(4, 1, 4, 1)",0.7727596848591332
2003-10-22,True,False,"(5, 1, 2, 1)",0.8423193823060879
2003-10-23,False,True,"(6, 1, 7, 3)",0.649294104658917
2003-10-24,False,True,,
2003-10-27,False,True,,
2003-10-28,False,True,"(9, 1, 3, 1)",0.11116710436256082
2003-10-29,False,True,"(2, 1, 4, 1)",0.34928508771042815
2003-10-30,False,True,"(3, 1, 2, 1)",0.4685776521665936
2003-10-31,True,False,"(4, 1, 2, 1)",0.5348213139815233
2003-11-03,True,False,"(4, 1, 2, 1)",0.19581879396799518
2003-11-04,False,True,"(2, 1, 6, 1)",0.36158120650046627
2003-11-05,False,True,"(2, 1, 6, 1)",0.27017617342386935
2003-11-06,False,True,"(7, 1, 2, 1)",0.11059485254338657
2003-11-07,False,True,,
2003-11-10,False,True,,
2003-11-11,False,True,,
2003-11-12,False,True,,
2003-11-13,False,True,"(2, 1, 6, 2)",0.2502044387147745
2003-11-14,False,True,,
2003-11-17,False,True,,
2003-11-18,False,True,,
2003-11-19,False,True,,
2003-11-20,False,True,,
2003-11-21,False,True,,
2003-11-24,False,True,,
2003-11-25,True,False,"(2, 1, 6, 1)",0.7825579435119593
2003-11-26,False,True,"(2, 1, 7, 3)",0.7722207578440059
2003-11-28,False,True,"(3, 1, 6, 1)",0.4723289077670162
2003-12-01,False,True,"(2, 1, 2, 1)",0.25111127759528673
2003-12-02,False,True,"(2, 1, 2, 1)",0.37113623695753933
2003-12-03,True,False,"(3, 1, 6, 1)",0.6129909626131613
2003-12-04,False,True,"(3, 1, 2, 1)",0.4746764000466606
2003-12-05,True,False,"(6, 1, 2, 1)",0.7157100204899044
2003-12-08,False,True,"(5, 1, 2, 1)",0.2127790776306717
2003-12-09,False,True,,
2003-12-10,False,True,,
2003-12-11,False,True,"(8, 1, 2, 1)",0.1826199125323026
2003-12-12,True,False,"(2, 1, 6, 2)",0.8017878565285245
2003-12-15,False,True,,
2003-12-16,False,True,,
2003-12-17,False,True,,
2003-12-18,True,False,"(5, 1, 7, 3)",0.9228877981447314
2003-12-19,False,True,,
2003-12-22,False,True,,
2003-12-23,False,True,,
2003-12-24,False,True,,
2003-12-26,True,False,"(2, 1, 6, 2)",0.9654111023571821
2003-12-29,True,False,"(2, 1, 6, 3)",0.9755791010245322
2003-12-30,True,False,"(2, 1, 6, 3)",0.9803424493126723
2003-12-31,True,False,"(2, 1, 6, 3)",0.9763122768692374
2004-01-02,True,False,"(3, 1, 6, 3)",0.9663971333773468
2004-01-05,True,False,"(2, 1, 4, 1)",0.8771957396541303
2004-01-06,False,True,"(2, 1, 7, 3)",0.8926409968075449
2004-01-07,True,False,"(2, 1, 6, 2)",0.5403045855527715
2004-01-08,True,False,"(2, 1, 7, 3)",0.27649184928328985
2004-01-09,False,True,"(2, 1, 4, 1)",0.6706039080333391
2004-01-12,False,True,"(2, 1, 6, 2)",0.31352840500425944
2004-01-13,False,True,"(2, 1, 4, 1)",0.1432578843465479
2004-01-14,False,True,"(2, 1, 6, 2)",0.18604273951877512
2004-01-15,True,False,"(6, 1, 4, 1)",0.8006653729461617
2004-01-16,False,True,"(7, 1, 7, 1)",0.6277780297938892
2004-01-20,True,False,"(3, 1, 6, 2)",0.7863602180420475
2004-01-21,False,True,"(9, 3, 6, 2)",0.6876275923312833
2004-01-22,False,True,,
2004-01-23,True,False,"(6, 1, 4, 1)",0.5908875204718201
2004-01-26,True,False,"(7, 1, 3, 1)",0.13746449851221446
2004-01-27,True,False,"(2, 1, 6, 2)",0.3641370025742598
2004-01-28,False,True,"(4, 1, 4, 1)",0.7050771326367508
2004-01-29,True,False,"(2, 1, 6, 4)",0.8020233665903787
2004-01-30,False,True,"(3, 1, 6, 1)",0.7946567907162965
2004-02-02,True,False,"(7, 1, 4, 1)",0.8265676680183088
2004-02-03,False,True,,
2004-02-04,False,True,,
2004-02-05,True,False,"(7, 1, 4, 1)",0.7186321063010102
2004-02-06,True,False,"(2, 1, 6, 2)",0.8535456001320135
2004-02-09,False,True,"(2, 1, 6, 2)",0.8953613186357411
2004-02-10,True,False,"(2, 1, 2, 1)",0.7564826015591465
2004-02-11,True,False,"(2, 1, 4, 1)",0.24021418758094762
2004-02-12,False,True,"(2, 1, 6, 2)",0.33849889685629486
2004-02-13,True,False,"(3, 1, 6, 1)",0.7735412628786916
2004-02-17,False,True,"(3, 1, 4, 1)",0.8165831637996013
2004-02-18,True,False,"(7, 3, 4, 1)",0.7665866285783624
2004-02-19,False,True,"(9, 1, 7, 1)",0.9218722294610857
2004-02-20,False,True,,
2004-02-23,False,True,,
2004-02-24,True,False,"(8, 1, 4, 1)",0.9451417652983343
2004-02-25,True,False,"(9, 1, 6, 3)",0.952068374041157
2004-02-26,True,False,"(2, 1, 5, 2)",0.9658549423637
2004-02-27,True,False,"(2, 1, 6, 2)",0.905171868784686
2004-03-01,True,False,"(7, 1, 4, 1)",0.9660022321402961
2004-03-02,False,True,"(3, 1, 4, 1)",0.9768122708424182
2004-03-03,True,False,"(2, 1, 4, 1)",0.9694617899271514
2004-03-04,True,False,"(3, 1, 4, 1)",0.9753899923164054
2004-03-05,True,False,"(5, 3, 4, 1)",0.17327510862031234
2004-03-08,False,True,"(2, 1, 4, 1)",0.912568573133462
2004-03-09,False,True,"(2, 1, 4, 1)",0.33097272950218193
2004-03-10,False,True,"(2, 1, 4, 1)",0.3144886504047995
2004-03-11,True,False,"(2, 1, 6, 2)",0.6258582187233479
2004-03-12,False,True,"(2, 1, 6, 2)",0.41036118361072194
2004-03-15,True,False,"(5, 1, 4, 1)",0.8506812690211156
2004-03-16,False,True,"(8, 1, 7, 3)",0.644509022800084
2004-03-17,True,False,"(5, 1, 4, 1)",0.7345844382523476
2004-03-18,False,True,,
2004-03-19,True,False,"(7, 1, 7, 1)",0.8691338112317357
2004-03-22,False,True,"(8, 1, 4, 1)",0.9127574167449287
2004-03-23,False,True,,
2004-03-24,False,True,,
2004-03-25,False,True,,
2004-03-26,True,False,"(2, 1, 4, 1)",0.9535819041897845
2004-03-29,True,False,"(2, 1, 4, 1)",0.5176061602803218
2004-03-30,True,False,"(2, 1, 4, 1)",0.3183018593880546
2004-03-31,False,True,"(4, 1, 4, 1)",0.8149017606397224
2004-04-01,True,False,"(2, 1, 4, 1)",0.8842664091785575
2004-04-02,False,True,"(3, 1, 4, 1)",0.8100294452624022
2004-04-05,False,True,"(2, 1, 4, 1)",0.28604522340225025
2004-04-06,True,False,"(2, 1, 4, 1)",0.7805486410718936
2004-04-07,False,True,"(7, 3, 4, 1)",0.8444478829546629
2004-04-08,True,False,"(3, 1, 4, 1)",0.8086935280231293
2004-04-12,False,True,"(4, 1, 4, 1)",0.4415495147973133
2004-04-13,False,True,,
2004-04-14,False,True,,
2004-04-15,False,True,"(3, 1, 4, 1)",0.2533558124650569
2004-04-16,False,True,"(2, 1, 4, 1)",0.2985272756943272
2004-04-19,False,True,"(3, 1, 4, 1)",0.3483054136934328
2004-04-20,False,True,"(4, 1, 4, 1)",0.3442352411024874
2004-04-21,False,True,"(5, 1, 6, 3)",0.2616521423157819
2004-04-22,False,True,"(5, 1, 6, 3)",0.26969060343638335
2004-04-23,False,True,"(7, 1, 6, 3)",0.25826377506275305
2004-04-26,True,False,"(8, 1, 2, 1)",0.6863840217141237
2004-04-27,False,True,"(9, 1, 6, 4)",0.6905712948683278
2004-04-28,False,True,,
2004-04-29,False,True,,
2004-04-30,False,True,,
2004-05-03,False,True,,
2004-05-04,False,True,,
2004-05-05,True,False,"(2, 1, 7, 3)",0.75322424439818
2004-05-06,False,True,"(2, 1, 7, 3)",0.6712911179740607
2004-05-07,True,False,"(2, 1, 7, 3)",0.7653724041089948
2004-05-10,False,True,"(4, 1, 7, 3)",0.92294483503859
2004-05-11,True,False,"(2, 1, 2, 1)",0.8115388808408897
2004-05-12,True,False,"(2, 1, 2, 1)",0.6632026891214778
2004-05-13,False,True,"(2, 1, 2, 1)",0.8714967278073983
2004-05-14,True,False,"(4, 1, 7, 3)",0.8565865646820903
2004-05-17,False,True,"(5, 1, 2, 1)",0.9329681716313518
2004-05-18,True,False,"(4, 1, 2, 1)",0.9285934493415413
2004-05-19,False,True,"(7, 1, 2, 1)",0.9523934523405649
2004-05-20,True,False,"(6, 1, 4, 1)",0.9376209420616319
2004-05-21,True,False,"(7, 1, 4, 1)",0.9417491509290743
2004-05-24,True,False,"(2, 1, 4, 1)",0.9699182256371116
2004-05-25,True,False,"(2, 1, 6, 2)",0.7317051692559315
2004-05-26,True,False,"(2, 1, 6, 2)",0.8191292262322498
2004-05-27,False,True,"(3, 1, 4, 1)",0.9543602928495348
2004-05-28,True,False,"(4, 1, 4, 1)",0.9392994542296715
2004-06-01,False,True,"(5, 1, 4, 1)",0.922669342447066
2004-06-02,True,False,"(4, 1, 4, 1)",0.8662015779844029
2004-06-03,False,True,"(2, 1, 4, 1)",0.946139362666943
2004-06-04,True,False,"(2, 1, 4, 1)",0.9236957361815028
2004-06-07,True,False,"(3, 1, 6, 2)",0.936926397989319
2004-06-08,True,False,"(2, 1, 4, 1)",0.8948102134489277
2004-06-09,False,True,"(2, 1, 4, 1)",0.8950493903368234
2004-06-10,True,False,"(2, 1, 4, 1)",0.7203392201564547
2004-06-14,False,True,"(4, 1, 4, 1)",0.9147568232606751
2004-06-15,True,False,"(2, 1, 4, 1)",0.9456271460114396
2004-06-16,True,False,"(3, 1, 4, 1)",0.2951016275426907
2004-06-17,True,False,"(2, 1, 4, 1)",0.42342605569044706
2004-06-18,True,False,"(2, 1, 4, 1)",0.3932487973616865
2004-06-21,False,True,"(4, 1, 4, 1)",0.7664601713853001
2004-06-22,False,True,"(2, 1, 4, 1)",0.4697515967281892
2004-06-23,False,True,"(2, 1, 4, 1)",0.4591160744945713
2004-06-24,True,False,"(2, 1, 4, 1)",0.5564740908092538
2004-06-25,True,False,"(2, 1, 4, 1)",0.4475476533040423
2004-06-28,False,True,"(5, 1, 4, 1)",0.3192976119511926
2004-06-29,False,True,"(4, 1, 6, 3)",0.20947104844649364
2004-06-30,False,True,"(5, 1, 6, 3)",0.21895616783277275
2004-07-01,False,True,,
2004-07-02,False,True,,
2004-07-06,False,True,,
2004-07-07,False,True,,
2004-07-08,False,True,,
2004-07-09,False,True,,
2004-07-12,False,True,,
2004-07-13,False,True,,
2004-07-14,False,True,,
2004-07-15,False,True,"(2, 1, 4, 1)",0.22500823393921487
2004-07-16,False,True,"(2, 1, 3, 1)",0.45389374389842485
2004-07-19,False,True,"(3, 1, 4, 1)",0.3270190870404731
2004-07-20,False,True,"(3, 1, 6, 2)",0.18515699742289254
2004-07-21,True,False,"(5, 1, 4, 1)",0.7302127825025431
2004-07-22,False,True,"(5, 1, 4, 1)",0.391078932523778
2004-07-23,True,False,"(7, 1, 4, 1)",0.9193729692798431
2004-07-26,False,True,"(7, 1, 7, 3)",0.715428490986009
2004-07-27,False,True,"(8, 1, 7, 3)",0.11297570465633479
2004-07-28,False,True,"(2, 1, 2, 1)",0.19470145980693151
2004-07-29,False,True,"(2, 1, 7, 3)",0.21944215296314648
2004-07-30,False,True,"(2, 1, 2, 1)",0.2817753934139503
2004-08-02,True,False,"(5, 1, 2, 1)",0.5455381229215861
2004-08-03,False,True,"(6, 1, 7, 3)",0.7834995960880455
2004-08-04,False,True,"(4, 1, 7, 3)",0.29550056163668464
2004-08-05,True,False,"(2, 1, 7, 3)",0.7886108784133751
2004-08-06,False,True,,
2004-08-09,True,False,"(7, 1, 7, 3)",0.8499569799482417
2004-08-10,False,True,"(8, 1, 6, 3)",0.6212612926760211
2004-08-11,True,False,"(2, 1, 2, 1)",0.9339199284567175
2004-08-12,False,True,"(3, 1, 2, 1)",0.9274674242516123
2004-08-13,True,False,"(3, 1, 6, 3)",0.8451660825341921
2004-08-16,False,True,,
2004-08-17,False,True,,
2004-08-18,True,False,"(2, 1, 2, 1)",0.9290448808558542
2004-08-19,False,True,"(5, 1, 2, 1)",0.9178132822811981
2004-08-20,True,False,"(2, 1, 2, 1)",0.8875507529416534
2004-08-23,True,False,"(3, 1, 2, 1)",0.9266360771949635
2004-08-24,True,False,"(2, 1, 5, 3)",0.9711717425159108
2004-08-25,True,False,"(2, 1, 6, 2)",0.9736136155549544
2004-08-26,True,False,"(9, 3, 3, 1)",0.5386852533934513
2004-08-27,False,True,"(2, 2, 4, 1)",0.8998489612597071
2004-08-30,True,False,"(3, 1, 4, 1)",0.9551202860598402
2004-08-31,False,True,"(3, 1, 4, 1)",0.8876188981895545
2004-09-01,False,True,"(2, 1, 4, 1)",0.37604538922335295
2004-09-02,True,False,"(9, 1, 3, 1)",0.5972649686767859
2004-09-03,False,True,"(3, 1, 4, 1)",0.8424429733550862
2004-09-07,True,False,"(3, 1, 4, 1)",0.8003368834556425
2004-09-08,True,False,"(2, 1, 4, 1)",0.687348999268555
2004-09-09,False,True,"(3, 1, 4, 1)",0.9279843040613163
2004-09-10,True,False,"(2, 1, 4, 1)",0.9438526027604103
2004-09-13,False,True,"(5, 1, 4, 1)",0.9333865271839674
2004-09-14,True,False,"(6, 1, 7, 3)",0.9222794532370542
2004-09-15,False,True,,
2004-09-16,True,False,"(7, 1, 7, 3)",0.956958672075849
2004-09-17,True,False,"(2, 1, 4, 1)",0.9684141107501878
2004-09-20,True,False,"(2, 1, 4, 1)",0.7443855729424039
2004-09-21,True,False,"(2, 1, 4, 1)",0.7570651010958038
2004-09-22,False,True,"(4, 1, 4, 1)",0.950370808154851
2004-09-23,True,False,"(2, 1, 4, 1)",0.9276097739193198
2004-09-24,False,True,"(3, 1, 4, 1)",0.8199335536611956
2004-09-27,True,False,"(2, 1, 4, 1)",0.8817841542535714
2004-09-28,True,False,"(2, 1, 4, 1)",0.8711282442994591
2004-09-29,True,False,"(2, 1, 4, 1)",0.7428653354024112
2004-09-30,True,False,"(2, 1, 6, 2)",0.5160430767033458
2004-10-01,False,True,"(3, 1, 2, 1)",0.41597329466415317
2004-10-04,True,False,"(2, 1, 7, 1)",0.7502854813331884
2004-10-05,True,False,"(2, 1, 4, 1)",0.4240907073663528
2004-10-06,True,False,"(2, 1, 4, 1)",0.853927908635473
2004-10-07,False,True,"(2, 1, 7, 1)",0.9614602733318816
2004-10-08,True,False,"(4, 1, 7, 1)",0.9333464263582099
2004-10-11,False,True,"(9, 1, 7, 3)",0.8078760640287878
2004-10-12,False,True,,
2004-10-13,True,False,"(5, 1, 2, 1)",0.9527766973836416
2004-10-14,True,False,"(2, 1, 2, 1)",0.9672496253436422
2004-10-15,True,False,"(2, 1, 2, 1)",0.9688592852122736
2004-10-18,True,False,"(9, 3, 2, 1)",0.4500355670401427
2004-10-19,False,True,"(9, 3, 2, 1)",0.7040218433917304
2004-10-20,True,False,"(9, 1, 6, 1)",0.8606921816277521
2004-10-21,True,False,"(9, 1, 3, 1)",0.9491789843926314
2004-10-22,False,True,"(9, 1, 3, 1)",0.9777957271576007
2004-10-25,True,False,"(9, 1, 3, 1)",0.979204058333926
2004-10-26,True,False,"(9, 1, 2, 1)",0.9779623261141476
2004-10-27,True,False,"(2, 1, 2, 1)",0.9659605170622723
2004-10-28,True,False,"(2, 1, 2, 1)",0.9442810505984037
2004-10-29,True,False,"(9, 5, 6, 2)",0.9774940732260599
2004-11-01,True,False,"(2, 1, 2, 1)",0.9576121221417675
2004-11-02,True,False,"(2, 1, 2, 1)",0.7287231008521333
2004-11-03,True,False,"(2, 1, 2, 1)",0.8186359359751697
2004-11-04,False,True,"(2, 1, 2, 1)",0.8434755072367726
2004-11-05,True,False,"(2, 1, 2, 1)",0.6862046067707355
2004-11-08,False,True,"(4, 1, 2, 1)",0.8908173584481582
2004-11-09,True,False,"(5, 1, 2, 1)",0.8973151459798367
2004-11-10,True,False,"(5, 1, 2, 1)",0.8987687559352605
2004-11-11,True,False,"(2, 1, 2, 1)",0.9223849421923025
2004-11-12,True,False,"(2, 1, 2, 1)",0.845723982298307
2004-11-15,False,True,"(8, 1, 2, 1)",0.906808061471736
2004-11-16,True,False,"(4, 1, 2, 1)",0.8244001863943015
2004-11-17,False,True,"(5, 1, 7, 4)",0.7683471199448033
2004-11-18,True,False,"(4, 1, 7, 4)",0.7430606289036843
2004-11-19,False,True,"(2, 1, 2, 1)",0.9399833564656318
2004-11-22,True,False,"(2, 1, 2, 1)",0.8741595132898609
2004-11-23,False,True,"(2, 1, 2, 1)",0.9403622331026161
2004-11-24,False,True,"(2, 1, 2, 1)",0.17081210966750224
2004-11-26,False,True,"(2, 1, 7, 3)",0.11459347923269952
2004-11-29,False,True,"(2, 1, 2, 1)",0.0944394525624407
2004-11-30,False,True,"(2, 1, 4, 1)",0.37146743532653903
2004-12-01,False,True,"(2, 1, 4, 1)",0.17847123407362386
2004-12-02,False,True,"(4, 1, 7, 3)",0.33078492505057844
2004-12-03,True,False,"(7, 3, 3, 1)",0.6339538717492366
2004-12-06,False,True,"(8, 1, 3, 1)",0.3184222120765452
2004-12-07,True,False,"(6, 1, 3, 1)",0.8414768472685106
2004-12-08,False,True,"(2, 1, 7, 2)",0.890522385018675
2004-12-09,True,False,"(8, 1, 4, 1)",0.7577517611806464
2004-12-10,False,True,"(2, 1, 7, 3)",0.6822391340056908
2004-12-13,True,False,"(2, 1, 7, 1)",0.8026094580324242
2004-12-14,False,True,"(2, 1, 7, 1)",0.6627375780059646
2004-12-15,True,False,"(2, 1, 7, 1)",0.5510039423169975
2004-12-16,True,False,"(2, 1, 4, 1)",0.4110812732076778
2004-12-17,False,True,"(4, 1, 7, 1)",0.4748879321593653
2004-12-20,False,True,,
2004-12-21,True,False,"(3, 1, 7, 1)",0.8730545581876598
2004-12-22,False,True,"(4, 1, 7, 1)",0.8836890161019348
2004-12-23,True,False,"(2, 1, 7, 1)",0.867752465300452
2004-12-27,False,True,"(6, 1, 7, 1)",0.9415318464855401
2004-12-28,True,False,"(2, 1, 7, 4)",0.8865030458276362
2004-12-29,False,True,"(2, 1, 4, 1)",0.5397082698930868
2004-12-30,False,True,"(2, 1, 7, 3)",0.40355011235189003
2004-12-31,True,False,"(3, 1, 2, 1)",0.6392528666050489
2005-01-03,False,True,"(5, 1, 2, 1)",0.8655080915854785
2005-01-04,True,False,"(3, 1, 7, 1)",0.9288832781797379
2005-01-05,False,True,"(4, 1, 7, 1)",0.9513498759103429
2005-01-06,True,False,"(2, 1, 4, 1)",0.963551817056819
2005-01-07,True,False,"(2, 1, 6, 2)",0.5042091969429069
2005-01-10,False,True,"(2, 1, 2, 1)",0.5710426487683337
2005-01-11,True,False,"(3, 1, 4, 1)",0.9763986144576484
2005-01-12,False,True,"(3, 1, 3, 1)",0.9598431966530102
2005-01-13,True,False,"(4, 1, 7, 1)",0.9679241921846041
2005-01-14,True,False,"(2, 1, 2, 1)",0.9751625493079431
2005-01-18,True,False,"(2, 1, 7, 3)",0.9089278844550843
2005-01-19,False,True,"(4, 3, 7, 1)",0.9792207782304478
2005-01-20,True,False,"(4, 3, 7, 1)",0.9603928907810553
2005-01-21,False,True,"(5, 3, 7, 1)",0.9631297464523697
2005-01-24,True,False,"(6, 3, 7, 1)",0.9730052256672266
2005-01-25,True,False,"(4, 1, 7, 1)",0.983707886772393
2005-01-26,True,False,"(2, 1, 7, 1)",0.9837059482055224
2005-01-27,True,False,"(2, 1, 7, 1)",0.9827079511204405
2005-01-28,True,False,"(2, 1, 4, 1)",0.9855964893972688
2005-01-31,True,False,"(2, 1, 6, 2)",0.9637806594033906
2005-02-01,True,False,"(2, 1, 2, 1)",0.9607448190999692
2005-02-02,True,False,"(2, 1, 6, 2)",0.6526266876694305
2005-02-03,False,True,"(2, 1, 2, 1)",0.9818068242291701
2005-02-04,True,False,"(2, 1, 2, 1)",0.9760770112827717
2005-02-07,True,False,"(3, 1, 2, 1)",0.9801913131552683
2005-02-08,True,False,"(2, 1, 2, 1)",0.9599892049333084
2005-02-09,False,True,"(4, 1, 2, 1)",0.961486914975923
2005-02-10,True,False,"(5, 1, 2, 1)",0.9240949291951293
2005-02-11,True,False,"(3, 1, 2, 1)",0.9494142415370919
2005-02-14,True,False,"(2, 1, 2, 1)",0.8838247250160275
2005-02-15,True,False,"(2, 1, 2, 1)",0.24309290258029764
2005-02-16,True,False,"(2, 1, 2, 1)",0.13146337915094064
2005-02-17,False,True,"(3, 1, 2, 1)",0.41895922726675444
2005-02-18,False,True,"(4, 1, 3, 1)",0.26336176832388614
2005-02-22,True,False,"(5, 1, 3, 1)",0.8151050782684223
2005-02-23,True,False,"(4, 1, 2, 1)",0.21133400981824477
2005-02-24,True,False,"(2, 1, 2, 1)",0.1864502272254247
2005-02-25,True,False,"(2, 1, 2, 1)",0.2105432065772211
2005-02-28,True,False,"(2, 1, 2, 1)",0.19208965587148988
2005-03-01,False,True,"(2, 1, 2, 1)",0.22685819095331453
2005-03-02,False,True,"(5, 1, 2, 1)",0.1668902103886895
2005-03-03,False,True,,
2005-03-04,False,True,"(4, 1, 6, 4)",0.32337557746631795
2005-03-07,False,True,"(5, 1, 6, 3)",0.3125836079567962
2005-03-08,False,True,,
2005-03-09,False,True,,
2005-03-10,False,True,,
2005-03-11,False,True,,
2005-03-14,True,False,"(2, 1, 4, 1)",0.9601461543379669
2005-03-15,True,False,"(2, 1, 7, 3)",0.9468087155602443
2005-03-16,True,False,"(2, 1, 7, 3)",0.9249143570062849
2005-03-17,True,False,"(2, 1, 6, 2)",0.23606980523184537
2005-03-18,True,False,"(2, 1, 2, 1)",0.1501539491767167
2005-03-21,True,False,"(2, 1, 2, 1)",0.11989365167664572
2005-03-22,False,True,"(3, 1, 4, 1)",0.2137305702582069
2005-03-23,False,True,"(8, 1, 4, 1)",0.25429905432023897
2005-03-24,False,True,"(8, 1, 7, 1)",0.2730723911009043
2005-03-28,False,True,"(8, 1, 7, 1)",0.20327578596319446
2005-03-29,True,False,"(8, 1, 7, 1)",0.8693326948280244
2005-03-30,False,True,"(6, 1, 7, 3)",0.19329859648678976
2005-03-31,False,True,,
2005-04-01,False,True,,
2005-04-04,True,False,"(3, 1, 7, 3)",0.8647199217457756
2005-04-05,False,True,"(4, 1, 7, 3)",0.49674606528205156
2005-04-06,True,False,"(2, 1, 7, 1)",0.7285231554218922
2005-04-07,True,False,"(2, 1, 4, 1)",0.25413354971345364
2005-04-08,True,False,"(2, 1, 4, 1)",0.2709209920874534
2005-04-11,False,True,"(4, 1, 7, 1)",0.2643107360546595
2005-04-12,False,True,"(2, 1, 7, 1)",0.30416884627411367
2005-04-13,True,False,"(8, 1, 7, 3)",0.5510374225870286
2005-04-14,False,True,,
2005-04-15,False,True,,
2005-04-18,True,False,"(7, 2, 7, 3)",0.6209610833227894
2005-04-19,False,True,"(7, 1, 7, 3)",0.6701005251093686
2005-04-20,True,False,"(8, 1, 4, 1)",0.7599222089604964
2005-04-21,True,False,"(2, 1, 7, 3)",0.7228370716682139
2005-04-22,False,True,,
2005-04-25,False,True,"(3, 1, 7, 3)",0.3556043023690784
2005-04-26,True,False,"(4, 1, 4, 1)",0.6763245148832652
2005-04-27,False,True,"(4, 1, 7, 3)",0.8657046564914747
2005-04-28,False,True,,
2005-04-29,False,True,,
2005-05-02,False,True,"(2, 1, 6, 1)",0.32326816448015994
2005-05-03,True,False,"(2, 1, 7, 1)",0.8450307215389026
2005-05-04,True,False,"(2, 1, 4, 1)",0.31976616143007347
2005-05-05,False,True,"(2, 1, 6, 1)",0.20677866134980608
2005-05-06,False,True,"(2, 1, 2, 1)",0.2008067078068452
2005-05-09,False,True,"(2, 1, 2, 1)",0.2702259584540291
2005-05-10,True,False,"(5, 1, 4, 1)",0.8960786387376213
2005-05-11,False,True,"(9, 1, 7, 3)",0.9412257602430429
2005-05-12,False,True,,
2005-05-13,True,False,"(5, 1, 7, 3)",0.8849287020503652
2005-05-16,False,True,"(6, 1, 2, 1)",0.8820045005886878
2005-05-17,True,False,"(2, 1, 2, 1)",0.9426368126332099
2005-05-18,True,False,"(2, 1, 2, 1)",0.9570832037189425
2005-05-19,True,False,"(2, 1, 2, 1)",0.9703583711430956
2005-05-20,True,False,"(3, 1, 7, 3)",0.9731157772744214
2005-05-23,True,False,"(2, 1, 4, 1)",0.40884749206246596
2005-05-24,False,True,"(2, 1, 6, 2)",0.2876409227480409
2005-05-25,False,True,"(2, 1, 4, 1)",0.21647681674999247
2005-05-26,False,True,"(2, 1, 4, 1)",0.13724890179315052
2005-05-27,False,True,"(2, 1, 4, 1)",0.34083527670928776
2005-05-31,False,True,"(9, 1, 3, 1)",0.263609043512967
2005-06-01,False,True,"(3, 1, 4, 1)",0.18597137151146026
2005-06-02,False,True,"(4, 1, 4, 1)",0.1906182736810337
2005-06-03,True,False,"(9, 1, 7, 3)",0.5077586146474243
2005-06-06,False,True,,
2005-06-07,False,True,,
2005-06-08,True,False,"(8, 1, 2, 1)",0.791481491108995
2005-06-09,True,False,"(9, 1, 7, 3)",0.6398127948267066
2005-06-10,False,True,,
2005-06-13,True,False,"(2, 1, 7, 3)",0.8914852882203985
2005-06-14,False,True,,
2005-06-15,True,False,"(2, 1, 4, 1)",0.8431837471112735
2005-06-16,True,False,"(2, 1, 6, 1)",0.17922351098887096
2005-06-17,True,False,"(2, 1, 2, 1)",0.17200436375300568
2005-06-20,False,True,"(3, 1, 2, 1)",0.3217250365448753
2005-06-21,False,True,"(2, 1, 6, 1)",0.21691940987492805
2005-06-22,False,True,"(3, 1, 2, 1)",0.16082674791556772
2005-06-23,False,True,"(2, 1, 4, 1)",0.20094330151838877
2005-06-24,False,True,"(4, 1, 4, 1)",0.30333085140176924
2005-06-27,True,False,"(9, 1, 7, 3)",0.8070201889178471
2005-06-28,False,True,"(3, 1, 7, 3)",0.8747185412043545
2005-06-29,False,True,,
2005-06-30,True,False,"(5, 1, 7, 3)",0.9453495603488111
2005-07-01,False,True,"(6, 1, 7, 3)",0.9311540993161462
2005-07-05,True,False,"(7, 1, 7, 3)",0.9554447045244935
2005-07-06,False,True,"(2, 1, 7, 1)",0.9721096289782709
2005-07-07,True,False,"(2, 1, 6, 2)",0.9567000808409787
2005-07-08,True,False,"(3, 1, 6, 4)",0.9630002571939031
2005-07-11,False,True,"(2, 1, 7, 4)",0.9741475355249014
2005-07-12,True,False,"(2, 1, 6, 4)",0.9706361198851632
2005-07-13,True,False,"(3, 1, 6, 3)",0.9748995325304225
2005-07-14,True,False,"(2, 1, 7, 3)",0.9915418797164857
2005-07-15,True,False,"(5, 3, 4, 1)",0.9573354808635367
2005-07-18,True,False,"(2, 1, 6, 2)",0.9790003905803134
2005-07-19,True,False,"(2, 1, 6, 2)",0.9021449516215919
2005-07-20,True,False,"(9, 5, 3, 1)",0.8379985715761015
2005-07-21,True,False,"(2, 1, 4, 1)",0.7832014476767032
2005-07-22,True,False,"(2, 1, 4, 1)",0.6587073274433966
2005-07-25,True,False,"(9, 1, 3, 1)",0.7823106198213763
2005-07-26,True,False,"(3, 1, 4, 1)",0.6834120349250941
2005-07-27,False,True,"(3, 1, 4, 1)",0.34823797687887853
2005-07-28,False,True,"(2, 1, 4, 1)",0.4770738604971922
2005-07-29,True,False,"(9, 1, 6, 2)",0.9447489726835541
2005-08-01,False,True,"(6, 1, 7, 3)",0.8268772024955627
2005-08-02,True,False,"(7, 1, 6, 3)",0.872996657733619
2005-08-03,False,True,"(2, 1, 6, 3)",0.9703946572461045
2005-08-04,True,False,"(9, 1, 6, 4)",0.9507296875470147
2005-08-05,False,True,"(2, 1, 6, 3)",0.9072155984659309
2005-08-08,False,True,,
2005-08-09,False,True,,
2005-08-10,True,False,"(2, 1, 4, 1)",0.9609382741786318
2005-08-11,True,False,"(2, 1, 7, 3)",0.9500143495748581
2005-08-12,True,False,"(2, 1, 4, 1)",0.14632870323828664
2005-08-15,True,False,"(2, 1, 6, 2)",0.11566667257306348
2005-08-16,False,True,"(2, 1, 6, 2)",0.3726205982581004
2005-08-17,False,True,"(2, 1, 4, 1)",0.42977880012076164
2005-08-18,False,True,"(3, 1, 4, 1)",0.4268599736398648
2005-08-19,True,False,"(6, 1, 4, 1)",0.8675868320385298
2005-08-22,False,True,"(5, 1, 7, 3)",0.8941064869583636
2005-08-23,True,False,"(8, 1, 6, 3)",0.922166242235206
2005-08-24,False,True,"(7, 1, 7, 1)",0.967303945553415
2005-08-25,True,False,"(8, 1, 7, 1)",0.9545698441929849
2005-08-26,False,True,,
2005-08-29,True,False,"(2, 1, 7, 1)",0.956246640976304
2005-08-30,True,False,"(3, 1, 4, 1)",0.9620252614743717
2005-08-31,True,False,"(2, 1, 4, 1)",0.9325270787775246
2005-09-01,False,True,"(3, 1, 4, 1)",0.9665958921726183
2005-09-02,True,False,"(4, 1, 4, 1)",0.9452285475758723
2005-09-06,True,False,"(3, 1, 4, 1)",0.9538131667793014
2005-09-07,False,True,"(2, 1, 6, 2)",0.9729308413156894
2005-09-08,True,False,"(2, 1, 6, 2)",0.9171237884466416
2005-09-09,True,False,"(2, 1, 6, 2)",0.2623577250359951
2005-09-12,True,False,"(2, 1, 4, 1)",0.23109354105536606
2005-09-13,False,True,"(3, 1, 4, 1)",0.5968597098735653
2005-09-14,True,False,"(5, 1, 4, 1)",0.9543036589640876
2005-09-15,False,True,"(3, 1, 4, 1)",0.9439948092481283
2005-09-16,True,False,"(4, 1, 4, 1)",0.8928656572720923
2005-09-19,True,False,"(2, 1, 2, 1)",0.2346570829234542
2005-09-20,True,False,"(2, 1, 2, 1)",0.2335873146330541
2005-09-21,False,True,"(3, 1, 2, 1)",0.9452288930146199
2005-09-22,True,False,"(4, 1, 2, 1)",0.897596939555213
2005-09-23,True,False,"(3, 1, 2, 1)",0.2052745362594214
2005-09-26,True,False,"(2, 1, 2, 1)",0.32917296068093177
2005-09-27,False,True,"(2, 1, 2, 1)",0.2703528767773113
2005-09-28,True,False,"(9, 1, 7, 4)",0.7095063333629665
2005-09-29,False,True,"(3, 1, 4, 1)",0.645548939645708
2005-09-30,False,True,"(4, 1, 2, 1)",0.19959586411882352
2005-10-03,False,True,"(2, 1, 2, 1)",0.3172802202955721
2005-10-04,False,True,"(2, 1, 2, 1)",0.35864417497039286
2005-10-05,True,False,"(4, 1, 4, 1)",0.788570620095279
2005-10-06,False,True,"(6, 1, 7, 1)",0.8373675309952124
2005-10-07,True,False,"(7, 1, 7, 1)",0.950523980350027
2005-10-10,False,True,,
2005-10-11,True,False,"(6, 1, 7, 3)",0.878932545514934
2005-10-12,False,True,,
2005-10-13,True,False,"(2, 1, 2, 1)",0.5200119378450884
2005-10-14,True,False,"(2, 1, 2, 1)",0.8820549478838926
2005-10-17,False,True,"(3, 1, 6, 3)",0.9646639315559132
2005-10-18,True,False,"(4, 1, 6, 2)",0.9501190436750933
2005-10-19,True,False,"(3, 1, 2, 1)",0.9273474315901152
2005-10-20,True,False,"(2, 1, 2, 1)",0.5967969411339487
2005-10-21,False,True,"(3, 1, 5, 3)",0.9766979378598567
2005-10-24,True,False,"(2, 1, 2, 1)",0.784028689998157
2005-10-25,False,True,"(2, 1, 2, 1)",0.9854890281681755
2005-10-26,True,False,"(2, 1, 2, 1)",0.8997836889577446
2005-10-27,False,True,"(6, 1, 3, 1)",0.9641965936997462
2005-10-28,True,False,"(8, 3, 6, 2)",0.9727882666598878
2005-10-31,True,False,"(3, 1, 2, 1)",0.9613564877256332
2005-11-01,False,True,"(2, 1, 2, 1)",0.965954519074353
2005-11-02,False,True,"(2, 1, 2, 1)",0.4601924438538356
2005-11-03,False,True,"(2, 1, 2, 1)",0.29792862008005033
2005-11-04,True,False,"(2, 1, 2, 1)",0.6231586667856277
2005-11-07,False,True,"(3, 1, 2, 1)",0.9731748704737658
2005-11-08,True,False,"(5, 1, 3, 1)",0.9418220890128823
2005-11-09,False,True,"(4, 1, 3, 1)",0.9511419111437844
2005-11-10,True,False,"(5, 1, 7, 3)",0.9597222278719052
2005-11-11,False,True,"(2, 1, 7, 3)",0.9686410267745831
2005-11-14,True,False,"(2, 1, 2, 1)",0.9677452967822613
2005-11-15,True,False,"(2, 1, 7, 3)",0.9651223952350628
2005-11-16,True,False,"(2, 1, 2, 1)",0.949675575450808
2005-11-17,False,True,"(2, 1, 6, 2)",0.9763644975217275
2005-11-18,True,False,"(2, 1, 2, 1)",0.9739443384434733
2005-11-21,True,False,"(3, 1, 2, 1)",0.9661984250354885
2005-11-22,True,False,"(9, 1, 7, 4)",0.9644251689594889
2005-11-23,True,False,"(2, 1, 7, 4)",0.9615060660725697
2005-11-25,True,False,"(2, 1, 2, 1)",0.6523437396116886
2005-11-28,True,False,"(2, 1, 2, 1)",0.8572368648396889
2005-11-29,False,True,"(3, 1, 2, 1)",0.9264800816393909
2005-11-30,True,False,"(4, 1, 7, 1)",0.9271853306207576
2005-12-01,True,False,"(3, 1, 4, 1)",0.4894518637577141
2005-12-02,True,False,"(2, 1, 6, 2)",0.5203583569157173
2005-12-05,False,True,"(2, 1, 2, 1)",0.36950626456965674
2005-12-06,False,True,"(2, 1, 6, 2)",0.25834551914149145
2005-12-07,False,True,"(2, 1, 2, 1)",0.34280189100017894
2005-12-08,False,True,"(9, 1, 2, 1)",0.2370208664664457
2005-12-09,False,True,"(9, 1, 2, 1)",0.21983747387442454
2005-12-12,False,True,"(9, 1, 2, 1)",0.19311800752239452
2005-12-13,False,True,"(2, 1, 2, 1)",0.198266485752162
2005-12-14,True,False,"(7, 1, 7, 4)",0.5917045973335229
2005-12-15,True,False,"(2, 1, 6, 3)",0.6355178129035032
2005-12-16,True,False,,
2005-12-19,False,True,"(4, 1, 2, 1)",0.8819023740668401
2005-12-20,True,False,"(5, 1, 6, 2)",0.8191173061450178
2005-12-21,False,True,"(2, 1, 7, 3)",0.5362912645977781
2005-12-22,True,False,"(2, 1, 6, 2)",0.5001223018270783
2005-12-23,False,True,"(9, 1, 6, 4)",0.31913515262627173
2005-12-27,True,False,"(2, 1, 6, 2)",0.5954750211925428
2005-12-28,False,True,"(2, 1, 7, 3)",0.7071635155881285
2005-12-29,True,False,"(7, 1, 7, 2)",0.9288137070744173
2005-12-30,False,True,"(3, 1, 7, 2)",0.9675298070434077
2006-01-03,True,False,"(4, 1, 6, 2)",0.8004889017718227
2006-01-04,True,False,"(2, 1, 5, 2)",0.8734360108499015
2006-01-05,False,True,"(3, 1, 5, 2)",0.9137880454975262
2006-01-06,True,False,"(9, 1, 7, 4)",0.9033735396575048
2006-01-09,False,True,"(2, 1, 6, 2)",0.9244847586488738
2006-01-10,False,True,"(2, 1, 7, 3)",0.10974773265206252
2006-01-11,False,True,"(2, 1, 7, 3)",0.0706416136927533
2006-01-12,False,True,"(2, 1, 2, 1)",0.10738906077384652
2006-01-13,False,True,"(2, 1, 2, 1)",0.08832718333734205
2006-01-17,False,True,"(2, 1, 6, 2)",0.1850595130924616
2006-01-18,False,True,"(7, 5, 7, 3)",0.1069337220504205
2006-01-19,False,True,"(8, 5, 7, 3)",0.20389992030824367
2006-01-20,True,False,"(8, 1, 3, 1)",0.8310597960283389
2006-01-23,False,True,"(8, 1, 2, 1)",0.3867243159255818
2006-01-24,False,True,,
2006-01-25,False,True,,
2006-01-26,False,True,,
2006-01-27,False,True,,
2006-01-30,False,True,,
2006-01-31,False,True,"(2, 1, 7, 3)",0.37793653594952703
2006-02-01,True,False,"(2, 1, 7, 3)",0.5250784064064826
2006-02-02,False,True,"(4, 1, 7, 3)",0.7004407085146299
2006-02-03,False,True,,
2006-02-06,False,True,,
2006-02-07,False,True,,
2006-02-08,False,True,,
2006-02-09,False,True,,
2006-02-10,True,False,"(2, 1, 4, 1)",0.7628186015434912
2006-02-13,False,True,,
2006-02-14,False,True,,
2006-02-15,True,False,"(2, 1, 7, 3)",0.7752225946433289
2006-02-16,True,False,"(2, 1, 7, 3)",0.4566936678310163
2006-02-17,False,True,"(2, 1, 7, 3)",0.8072380387947358
2006-02-21,True,False,"(4, 1, 2, 1)",0.8902922782973766
2006-02-22,True,False,"(3, 1, 6, 1)",0.317367995570212
2006-02-23,True,False,"(2, 1, 2, 1)",0.3068949539866809
2006-02-24,False,True,"(2, 1, 2, 1)",0.2575211034868476
2006-02-27,False,True,"(8, 1, 4, 1)",0.171557005742637
2006-02-28,False,True,"(9, 1, 7, 4)",0.42782324443877473
2006-03-01,False,True,"(4, 1, 7, 3)",0.41559580737062013
2006-03-02,False,True,"(5, 1, 7, 3)",0.24306337966262342
2006-03-03,False,True,,
2006-03-06,False,True,,
2006-03-07,True,False,"(8, 1, 7, 3)",0.8167042837745732
2006-03-08,False,True,"(9, 1, 7, 3)",0.857502688914679
2006-03-09,False,True,,
2006-03-10,False,True,,
2006-03-13,False,True,,
2006-03-14,False,True,"(2, 1, 7, 3)",0.2672250218989482
2006-03-15,False,True,"(2, 1, 7, 1)",0.4388340235778153
2006-03-16,True,False,"(4, 1, 7, 3)",0.6998641198615915
2006-03-17,False,True,"(3, 1, 7, 3)",0.5313453007806882
2006-03-20,True,False,"(6, 1, 7, 3)",0.565246233810353
2006-03-21,False,True,,
2006-03-22,False,True,,
2006-03-23,False,True,,
2006-03-24,False,True,,
2006-03-27,False,True,,
2006-03-28,False,True,,
2006-03-29,False,True,,
2006-03-30,True,False,"(5, 1, 7, 4)",0.8940954161233131
2006-03-31,False,True,"(5, 1, 7, 4)",0.9535830475251778
2006-04-03,True,False,"(3, 1, 7, 3)",0.9639079939730862
2006-04-04,False,True,"(5, 2, 7, 4)",0.9833662341114333
2006-04-05,False,True,"(4, 1, 4, 1)",0.35161431564279205
2006-04-06,False,True,"(2, 1, 4, 1)",0.17070024333367115
